,dset_name,EOS,M1,M2,q,C1,C2,Lambda,Mej_tot-geo,vel_inf_ave-geo,Ye_ave-geo,Mdisk3D
BLh_M13641364_M0_LK,Reference set,,1.364,1.364,1.0,0.162007028884121,0.162007028884121,540.648098644176,0.001426721875296,0.165895788727698,0.270696222952374,0.16648681794412198
BLh_M13641364_M0,Reference set,,1.364,1.364,1.0,0.162007028884121,0.162007028884121,540.648098644176,0.002362421977102,0.183734746325312,0.257743195556961,0.18187093762335896
BLh_M12591482_M0_LK,Reference set,,1.2590000000000001,1.482,1.17712470214456,0.15057908170718698,0.17525031499772598,538.824502850194,0.003010088576703,0.18936842553002997,0.17900762279776897,0.18350431709377804
BLh_M12591482_M0,Reference set,,1.2590000000000001,1.482,1.17712470214456,0.15057908170718698,0.17525031499772598,538.824502850194,0.0025450300316319997,0.19767589551101397,0.163422111619107,0.22853514634900599
BLh_M11841581_M0_LK,Reference set,,1.1840000000000002,1.581,1.33530405405405,0.142520875345728,0.186480934700676,538.3722167393261,0.0025433988787040003,0.173501210561285,0.13963629135518502,0.19211098845199
BLh_M11841581_M0,Reference set,,1.1840000000000002,1.581,1.33530405405405,0.142520875345728,0.186480934700676,538.3722167393261,0.001855930064982,0.16882815041696,0.173608989552516,0.206173533366786
BLh_M11461635_M0_LK,Reference set,,1.146,1.635,1.4267015706806299,0.13868038405659303,0.192700212312226,539.409404558583,0.002657789574799,0.155736756613989,0.19178319798208102,0.265352063844384
BLh_M11041699_M0_LK,Reference set,,1.104,1.699,1.53894927536232,0.134487010989467,0.19998276787837196,539.670944594676,0.001974871427138,0.132817331684383,0.171913865689647,0.307516857429787
Blh_M11041699_M0,Reference set,,1.104,1.699,1.53894927536232,0.134487010989467,0.19998276787837196,539.670944594676,0.0021562178969939997,0.15614714124237697,0.20788962155423,0.28323754585451505
BLh_M10651772_M0_LK,Reference set,,1.065,1.7719999999999998,1.6638497652582198,0.130752602056933,0.208388932720595,534.6950583526869,0.004182660475845,0.12064045032906501,0.10979671279200301,0.28853011701080294
BLh_M10201856_M0,Reference set,,1.02,1.8559999999999999,1.81960784313725,0.126898342883565,0.218060646274975,532.01554720715,0.010705631866259,0.11792383529636,0.028135364220352996,0.097585980780423
BLh_M10201856_M0_LK,Reference set,,1.02,1.8559999999999999,1.81960784313725,0.126898342883565,0.218060646274975,532.01554720715,0.008106402246154,0.11370644847777499,0.032542795049124995,0.170260149445822
DD2_M13641364_M0_R04,Reference set,,1.364,1.364,1.0,0.15248242622617802,0.15248242622617802,850.062970413224,0.0009362630703680001,0.190339974759067,0.243762498998053,0.153505985154693
DD2_M13641364_M0_LK_R04,Reference set,,1.364,1.364,1.0,0.15248242622617802,0.15248242622617802,850.062970413224,0.00120814554297,0.15641314945711,0.268831953893527,0.111221484737975
DD2_M14971245_M0,Reference set,,1.4969999999999999,1.246,1.20144462279294,0.16696988427337803,0.139742279473106,841.302937496367,0.002126483543856,0.16830798121953,0.175882357896414,0.261330405801655
DD2_M15091235_M0_LK,Reference set,,1.5090000000000001,1.235,1.2218623481781399,0.168277465527789,0.13856622406310098,839.669207813744,0.002532166756917,0.17397382322424804,0.190964564452647,0.20910262510383104
DD2_M11461635_M0_LK,Reference set,,1.146,1.635,1.4267015706806299,0.12768938715769002,0.183966271267518,815.976596466721,0.006969548707114999,0.13798751263152698,0.136129543195659,0.303654981801864
LS220_M13641364_M0_LK,Reference set,,1.364,1.364,1.0,0.15836049834677599,0.15836049834677599,714.906256852722,0.00158931558884,0.161178241709346,0.245188482612554,0.07266462637019701
LS220_M13641364_M0,Reference set,,1.364,1.364,1.0,0.15836049834677599,0.15836049834677599,714.906256852722,0.0016352224063870002,0.162531087748819,0.219403905929663,0.072006555584974
LS220_M14001330_M0,Reference set,,1.4,1.33,1.0526315789473701,0.162769379109709,0.154129180624548,714.579081873245,0.00156341668007,0.15606519307284197,0.21065951015319,0.072717887349427
LS220_M14351298_M0,Reference set,,1.435,1.298,1.1055469953775001,0.167093972575091,0.15031249006975198,714.22625110537,0.002202567881318,0.17677456667012698,0.18807830487138397,0.094729167642072
LS220_M14691268_M0_LK,Reference set,,1.469,1.268,1.15851735015773,0.171473987485504,0.146714295210655,713.8431199676421,0.0034118613902279996,0.16447773246453198,0.218832220686442,0.127629934344441
LS220_M14691268_M0,Reference set,,1.469,1.268,1.15851735015773,0.171473987485504,0.146714295210655,713.8431199676421,0.0033491300764530003,0.172338913707176,0.17073700149703902,
LS220_M11461635_M0_LK,Reference set,,1.635,1.146,1.4267015706806299,0.19344887221205498,0.132177651498807,710.6439840617289,0.007293558579775999,0.17183884406645902,0.158115716630331,0.177803266909905
LS220_M10651772_M0_LK,Reference set,,1.065,1.7719999999999998,1.6638497652582198,0.12834142357766098,0.20435676530250502,705.769148780686,0.011122785037680001,0.14236083096085,0.06505274357486,0.068401402801278
SFHo_M13641364_M0_LK_p2019,Reference set,,1.364,1.364,1.0,0.16912996456136997,0.16912996456136997,413.12637196120596,0.004026821168242,0.192096590732316,0.20991388813066103,3.00952566368862e-05
SFHo_M13641364_M0,Reference set,,1.364,1.364,1.0,0.16912996456136997,0.16912996456136997,413.12637196120596,0.0028436908739090006,0.210953877837191,0.22959634523294398,0.018550733311038996
SFHo_M14521283_M0_LK_p2019,Reference set,,1.452,1.2830000000000001,1.13172252533125,0.18074196972173798,0.158730812339697,412.305792697835,0.004356937630760001,0.22511559275645002,0.1772026019896,
SFHo_M14521283_M0,Reference set,,1.452,1.2830000000000001,1.13172252533125,0.18074196972173798,0.158730812339697,412.305792697835,0.004198903637485999,0.22221711362485996,0.171751881664091,0.04587369962309
SFHo_M16351146_M0_LK_p2019,Reference set,,1.635,1.146,1.4267015706806299,0.205715964403957,0.141299290238338,414.31510183858103,0.003782660851939,0.203696529997762,0.144907736166862,0.13372722061144
SFHo_M11461635_M0_LK,Reference set,,1.146,1.635,1.4267015706806299,0.14418990532534198,0.201591919319094,414.31510183858103,0.0023532264454820006,0.14014139448512802,0.188821358589811,0.236334092449397
SFHo_M10651772_M0_LK,Reference set,,1.065,1.7719999999999998,1.6638497652582198,0.13581806162805402,0.21819868609204102,407.98872218748,0.0014516550845979999,0.11964022088274699,0.069638639794979,0.17728817277372402
SLy4_M13641364_M0_LK,Reference set,,1.364,1.364,1.0,0.17108808555037,0.17108808555037,401.94021372120903,0.0008685654265560001,0.267186369534498,0.225115020270287,
SLy4_M13641364_M0,Reference set,,1.364,1.364,1.0,0.17108808555037,0.17108808555037,401.94021372120903,0.0035675292144140003,0.262017879871167,0.227722110978316,0.071042259248417
SLy4_M14521283_M0,Reference set,,1.452,1.2830000000000001,1.13172252533125,0.18285030227382898,0.160382090938138,402.27858991210604,0.005910771338012,0.24083990738036104,0.163446452265988,0.16385814154569697
SLy4_M11461635_M0_LK,Reference set,,1.146,1.635,1.4267015706806299,0.14625973479362397,0.20354269730088898,399.534784783973,0.001966385617167,0.153340918930974,0.20938497173423898,0.188731688540429
SLy4_M10651772_M0_LK,Reference set,,1.065,1.7719999999999998,1.6638497652582198,0.13801654375512198,0.22006548632585,395.039205420884,0.0028318813232140003,0.12429857165003899,0.049073800459925,0.137975506135664
D144144,Vincent:2019kor,,1.44,1.44,1.0,0.161,0.161,591.9406337078652,0.0036,0.267,0.21600000000000005,0.1
D12132,Vincent:2019kor,,1.32,1.2,1.0989010989010988,0.147,0.134,1301.8175109904635,0.0046,0.273,0.21,0.12
D12144,Vincent:2019kor,,1.44,1.2,1.2048192771084338,0.161,0.134,1003.2666659829747,0.00335,0.204,0.16399999999999998,0.16999999999999998
D12156,Vincent:2019kor,,1.56,1.2,1.2987012987012987,0.17300000000000001,0.134,813.4502120294586,0.00473,0.165,0.182,0.221
L144144,Vincent:2019kor,,1.44,1.44,1.0,0.175,0.175,340.802464896074,0.00012,0.258,0.217,0.043
L12132,Vincent:2019kor,,1.32,1.2,1.0989010989010988,0.161,0.146,787.2792225149145,0.00094,0.22399999999999998,0.205,0.121
L12144,Vincent:2019kor,,1.44,1.2,1.2048192771084338,0.175,0.146,616.6359544104284,0.00384,0.196,0.19399999999999998,0.16399999999999998
L12156,Vincent:2019kor,,1.56,1.2,1.2987012987012987,0.191,0.146,480.49407774300346,0.00234,0.135,0.192,0.193
S144144,Vincent:2019kor,,1.44,1.44,1.0,0.179,0.179,279.31161915708833,0.0,0.0,0.0,0.086
S12132,Vincent:2019kor,,1.32,1.2,1.0989010989010988,0.163,0.14800000000000002,662.4914338518139,0.01574,0.23,0.22399999999999998,0.121
S12144,Vincent:2019kor,,1.44,1.2,1.2048192771084338,0.179,0.14800000000000002,505.2351066620316,0.008390000000000002,0.22,0.20600000000000002,0.16399999999999998
S12156,Vincent:2019kor,,1.56,1.2,1.2987012987012987,0.195,0.14800000000000002,395.1884685967274,0.018019999999999998,0.18100000000000002,0.204,0.179
BHBlp_M135135_M0,Radice:2018pdn[M0],,1.35,1.35,1.0,0.15103000000000003,0.15103000000000003,848.044957999892,0.00138836,0.144859225911,0.26224812938299996,0.1275
BHBlp_M140120_M0,Radice:2018pdn[M0],,1.4,1.2,1.1666666666666667,0.15646000000000007,0.13477000000000003,1057.59523096822,0.00160956,0.16773689762,0.19319842680500002,0.2256
DD2_M135135_M0,Radice:2018pdn[M0],,1.35,1.35,1.0,0.15103000000000003,0.15103000000000003,848.044957999892,0.0014195,0.166251706985,0.225551296204,0.1616
DD2_M140120_M0,Radice:2018pdn[M0],,1.4,1.2,1.1666666666666667,0.15646000000000007,0.13477000000000003,1057.59523096822,0.00164611,0.159595757173,0.211572203284,0.1948
LS220_M135135_M0,Radice:2018pdn[M0],,1.35,1.35,1.0,0.15686000000000003,0.15686000000000003,683.764650054587,0.00185523,0.147051125522,0.246561703806,0.0906
LS220_M140120_M0,Radice:2018pdn[M0],,1.4,1.2,1.1666666666666667,0.16308000000000006,0.13871999999999995,893.4361626421969,0.00242864,0.149788172768,0.18483941726599998,0.23379999999999998
SFHo_M135135_M0,Radice:2018pdn[M0],,1.35,1.35,1.0,0.16750000000000007,0.16750000000000007,416.18582635048597,0.00415131,0.219647104556,0.22419246258,0.0123
SFHo_M140120_M0_v4,Radice:2018pdn[M0],,1.4,1.2,1.1666666666666667,0.17405000000000007,0.14823999999999996,538.206929183586,0.00302384,0.160097161085901,0.218538548707291,
BHBlp_M125125_LK,Radice:2018pdn,,1.25,1.25,1.0,0.14018000000000003,0.14018000000000003,1295.29991380455,0.00126821,0.178573418684,0.125242271236,
BHBlp_M1251365_LK,Radice:2018pdn,,1.365,1.25,1.092,0.15265999999999996,0.14018000000000003,1016.97535763328,0.0005801609999999999,0.213024813478,0.13684679867900001,
BHBlp_M130130_LK,Radice:2018pdn,,1.3,1.3,1.0,0.14560999999999993,0.14560999999999993,1045.67396125715,0.0006587510000000001,0.119725908155,0.16337643718699998,
BHBlp_M135135_LK,Radice:2018pdn,,1.35,1.35,1.0,0.15103000000000003,0.15103000000000003,848.044957999892,0.000672403,0.166318356069,0.149520482908,0.1445
BHBlp_M140120_LK,Radice:2018pdn,,1.4,1.2,1.1666666666666667,0.15646000000000007,0.13477000000000003,1057.59523096822,0.00108822,0.160935823725,0.106069387727,0.20739999999999997
BHBlp_M140140_LK,Radice:2018pdn,,1.4,1.4,1.0,0.15646000000000007,0.15646000000000007,690.630096309075,0.000918827,0.17333781173300003,0.146825547278,0.0705
BHBlp_M144139_LK,Radice:2018pdn,,1.44,1.39,1.0359712230215827,0.16083000000000006,0.15537999999999988,650.209372648612,0.0005931619999999999,0.203279926562,0.175112251662,0.0828
BHBlp_M150150_LK,Radice:2018pdn,,1.5,1.5,1.0,0.1673900000000001,0.1673900000000001,462.552233111546,0.0005015530000000001,0.234765225914,0.172081440429,0.019299999999999998
BHBlp_M160160_LK,Radice:2018pdn,,1.6,1.6,1.0,0.17840999999999999,0.17840999999999999,313.05319876178396,1.2926800000000001e-05,0.139630525652,0.197374706127,0.0009
DD2_M120120_LK,Radice:2018pdn,,1.2,1.2,1.0,0.13477000000000003,0.13477000000000003,1612.24802950828,0.0007553439999999999,0.135433815231,0.150490086402,
DD2_M125125_LK,Radice:2018pdn,,1.25,1.25,1.0,0.14018000000000003,0.14018000000000003,1295.29991380455,0.00038238300000000003,0.149095565986,0.176457572296,
DD2_M1251365_LK,Radice:2018pdn,,1.365,1.25,1.092,0.15265999999999996,0.14018000000000003,1016.97535763328,0.000382209,0.20203442440400002,0.150393460087,
DD2_M130130_LK,Radice:2018pdn,,1.3,1.3,1.0,0.14560999999999993,0.14560999999999993,1045.67396125715,0.00120958,0.178713598481,0.127007038172,
DD2_M135135_LK,Radice:2018pdn,,1.35,1.35,1.0,0.15103000000000003,0.15103000000000003,848.044957999892,0.000293877,0.180606491386,0.182207846677,0.15689999999999998
DD2_M140120_LK,Radice:2018pdn,,1.4,1.2,1.1666666666666667,0.15646000000000007,0.13477000000000003,1057.59523096822,0.000889373,0.17865609194200002,0.12170320703299999,0.19260000000000002
DD2_M140140_LK,Radice:2018pdn,,1.4,1.4,1.0,0.15646000000000007,0.15646000000000007,690.630096309075,0.00041999,0.223043086864,0.170901852867,0.12359999999999999
DD2_M144139_LK,Radice:2018pdn,,1.44,1.39,1.0359712230215827,0.16083000000000006,0.15537999999999988,650.209372648612,0.000531682,0.197831552819,0.170668056164,0.14400000000000002
DD2_M150150_LK,Radice:2018pdn,,1.5,1.5,1.0,0.1673900000000001,0.1673900000000001,462.552233111546,0.000690053,0.167387468145,0.197331003488,0.16699999999999998
DD2_M160160_LK,Radice:2018pdn,,1.6,1.6,1.0,0.17840999999999999,0.17840999999999999,313.05319876178396,0.00123068,0.236486818059,0.141130844832,0.0196
LS220_M120120_LK,Radice:2018pdn,,1.2,1.2,1.0,0.13871999999999995,0.13871999999999995,1439.0190974028799,0.00140069,0.14655309836400002,0.116899163673,0.1743
LS220_M1251365_LK,Radice:2018pdn,,1.365,1.25,1.092,0.15871000000000005,0.14466999999999997,848.4337488381481,0.00110871,0.160045944821,0.102591572716,
LS220_M135135_LK,Radice:2018pdn,,1.35,1.35,1.0,0.15686000000000003,0.15686000000000003,683.764650054587,0.000591045,0.15789144975400002,0.11379542362,0.0725
LS220_M140120_LK,Radice:2018pdn,,1.4,1.2,1.1666666666666667,0.16308000000000006,0.13871999999999995,893.4361626421969,0.00186003,0.15137453158199998,0.0873875323243,0.22820000000000001
LS220_M140140_LK,Radice:2018pdn,,1.4,1.4,1.0,0.16308000000000006,0.16308000000000006,536.0670891445781,0.00143295,0.167636506813,0.14415318099000002,0.0458
LS220_M144139_LK,Radice:2018pdn,,1.44,1.39,1.0359712230215827,0.16811000000000006,0.16181999999999988,499.261044023471,0.00190409,0.15717414715,0.14318727051400001,0.0391
LS220_M145145_LK,Radice:2018pdn,,1.45,1.45,1.0,0.16940000000000005,0.16940000000000005,420.747694430098,0.00164991,0.20784653420000002,0.14274620661499998,0.020499999999999997
LS220_M150150_LK,Radice:2018pdn,,1.5,1.5,1.0,0.17585999999999996,0.17585999999999996,330.155394892613,0.000334724,0.188772750697,0.084331649055,0.0016
LS220_M160160_LK,Radice:2018pdn,,1.6,1.6,1.0,0.18925999999999998,0.18925999999999998,202.340141807509,0.000319188,0.20568505157699998,0.0744507057694,0.0007000000000000001
LS220_M171171_LK,Radice:2018pdn,,1.71,1.71,1.0,0.2049999999999999,0.2049999999999999,116.005875248749,0.000285926,0.218552514584,0.08440400505909999,0.0006
SFHo_M1251365_LK,Radice:2018pdn,,1.365,1.25,1.092,0.1694400000000001,0.15459000000000012,512.595912539856,0.0014573000000000001,0.228587358059,0.138680089635,
SFHo_M135135_LK,Radice:2018pdn,,1.35,1.35,1.0,0.16750000000000007,0.16750000000000007,416.18582635048597,0.00353303,0.23522723679299998,0.16808633625,0.0623
SFHo_M140120_LK,Radice:2018pdn,,1.4,1.2,1.1666666666666667,0.17405000000000007,0.14823999999999996,538.206929183586,0.00118141,0.197334707993,0.13784596364499999,0.1173
SFHo_M140140_LK,Radice:2018pdn,,1.4,1.4,1.0,0.17405000000000007,0.17405000000000007,328.900717069208,0.00040943699999999996,0.345544726832,0.187095225847,0.0001
SFHo_M144139_LK,Radice:2018pdn,,1.44,1.39,1.0359712230215827,0.17934999999999998,0.17271,307.020572385404,0.000443001,0.325503227397,0.17931945352,0.0009
SFHo_M146146_LK,Radice:2018pdn,,1.46,1.46,1.0,0.18202000000000002,0.18202000000000002,248.48177723384103,9.88678e-06,0.18213158411400002,0.232877311919,0.0002
NL3_1.47_1.47,Lehner:2016lxy,,1.36,1.36,1.0,0.136,0.136,1657.590470319634,1.5e-05,0.45,,
NL3_1.34_1.60,Lehner:2016lxy,,1.47,1.25,0.8503401360544218,0.147,0.125,1688.4109744559714,0.0023,0.25,,
DD2_1.49_1.49,Lehner:2016lxy,,1.36,1.36,1.0,0.152,0.152,827.3475331182794,0.00043,0.3,,
DD2_1.36_1.62,Lehner:2016lxy,,1.47,1.29,0.8775510204081632,0.16399999999999998,0.14400000000000002,775.0769376230669,0.00042,0.3,,
DD2_1.27_1.71,Lehner:2016lxy,,1.54,1.18,0.7662337662337662,0.172,0.132,863.6756590585843,0.0013,0.3,,
SFHo_1.50_1.50,Lehner:2016lxy,,1.36,1.36,1.0,0.16899999999999998,0.16899999999999998,398.1669075000004,0.0034,0.25,,
SFHo_1.37_1.63,Lehner:2016lxy,,1.47,1.25,0.8503401360544218,0.183,0.154,418.34986002510385,0.0022,0.25,,
G3.765_P34.1_1.000,Kiuchi:2019lls,,1.375,1.375,1.0,0.195,0.195,208.0,0.001,,,0.001
G3.765_P34.1_0.774,Kiuchi:2019lls,,1.55,1.2,1.2919896640826873,0.21899999999999997,0.172,218.0,0.001,,,0.023
G3.887_P34.1_1.000,Kiuchi:2019lls,,1.375,1.375,1.0,0.19399999999999998,0.19399999999999998,221.0,0.001,,,0.001
G3.887_P34.1_0.774,Kiuchi:2019lls,,1.55,1.2,1.2919896640826873,0.171,0.171,230.0,0.0052,,,0.028999999999999998
G4.007_P34.1_1.000,Kiuchi:2019lls,,1.375,1.375,1.0,0.193,0.193,232.0,0.0019,,,0.0027
G3.446_P34.2_1.000,Kiuchi:2019lls,,1.375,1.375,1.0,0.191,0.191,232.0,0.001,,,0.001
G3.446_P34.2_0.774,Kiuchi:2019lls,,1.55,1.2,1.2919896640826873,0.215,0.168,245.0,0.0023,,,0.036000000000000004
G3.568_P34.2_1.000,Kiuchi:2019lls,,1.375,1.375,1.0,0.19,0.19,247.0,0.001,,,0.001
G3.568_P34.2_0.774,Kiuchi:2019lls,,1.55,1.2,1.2919896640826873,0.213,0.16699999999999998,259.0,0.013999999999999999,,,0.038
G3.687_P34.2_1.000,Kiuchi:2019lls,,1.375,1.375,1.0,0.18899999999999997,0.18899999999999997,260.0,0.0014,,,0.0078
G3.132_P34.3_1.000,Kiuchi:2019lls,,1.375,1.375,1.0,0.185,0.185,272.0,0.001,,,0.001
G3.132_P34.3_0.774,Kiuchi:2019lls,,1.55,1.2,1.2919896640826873,0.209,0.161,290.0,0.012,,,0.063
G3.252_P34.3_1.000,Kiuchi:2019lls,,1.375,1.375,1.0,0.184,0.184,288.0,0.0012,,,0.0019
G3.252_P34.3_0.774,Kiuchi:2019lls,,1.55,1.2,1.2919896640826873,0.207,0.161,305.0,0.015,,,0.12
G3.370_P34.3_1.000,Kiuchi:2019lls,,1.375,1.375,1.0,0.183,0.183,303.0,0.002,,,0.031
G2.825_P34.4_1.000,Kiuchi:2019lls,,1.375,1.375,1.0,0.17600000000000002,0.17600000000000002,345.0,0.0065,,,0.018000000000000002
G2.825_P34.4_0.774,Kiuchi:2019lls,,1.55,1.2,1.2919896640826873,0.2,0.153,373.0,0.011000000000000001,,,0.087
G2.942_P34.4_1.000,Kiuchi:2019lls,,1.375,1.375,1.0,0.17600000000000002,0.17600000000000002,362.0,0.0025,,,0.016
G2.942_P34.4_0.774,Kiuchi:2019lls,,1.55,1.2,1.2919896640826873,0.19899999999999998,0.153,387.0,0.011000000000000001,,,0.12
G2.528_P34.5_1.000,Kiuchi:2019lls,,1.375,1.375,1.0,0.163,0.163,508.0,0.0094,,,0.053
G2.528_P34.5_0.774,Kiuchi:2019lls,,1.55,1.2,1.2919896640826873,0.188,0.14,558.0,0.0056,,,0.16
G2.640_P34.5_1.000,Kiuchi:2019lls,,1.375,1.375,1.0,0.16399999999999998,0.16399999999999998,516.0,0.012,,,0.12
ALF2-137137-R2s,Dietrich:2016lyp,,1.375,1.375,1.0,0.16399999999999998,0.16399999999999998,659.430878098405,0.0034,0.1972308292331602,,0.2
H4-137137-R2s,Dietrich:2016lyp,,1.375,1.375,1.0,0.15,0.15,992.71744110475,0.0034,0.21470910553583888,,0.23
MS1b-137137-R2s,Dietrich:2016lyp,,1.375,1.375,1.0,0.145,0.145,1396.59272750785,0.0023,0.14317821063276354,,
SLy-137137-R2s,Dietrich:2016lyp,,1.375,1.375,1.0,0.177,0.177,366.20428472057097,0.016,0.1972308292331602,,0.23
ALF2-122153-R2s,Dietrich:2016lyp,,1.527,1.222,1.2495908346972175,0.182,0.147,671.778950521599,0.0075,0.20808652046684814,,0.23
H4-122153-R2s,Dietrich:2016lyp,,1.527,1.222,1.2495908346972175,0.16699999999999998,0.133,1025.80612581569,0.0066,0.21095023109728986,,
MS1b-122153-R2s,Dietrich:2016lyp,,1.527,1.222,1.2495908346972175,0.159,0.13,1427.09791140977,0.0048,0.18601075237738274,,
SLy-122153-R2s,Dietrich:2016lyp,,1.527,1.222,1.2495908346972175,0.198,0.157,385.49663984645304,0.018000000000000002,0.194164878389476,,0.2
ALF2-100150-R2s,Dietrich:2016lyp,,1.5,1.0,1.5,0.17800000000000002,0.12300000000000001,1179.32905377555,0.021,0.16552945357246848,,
H4-100150-R2s,Dietrich:2016lyp,,1.5,1.0,1.5,0.16399999999999998,0.11,1909.13703089363,0.027000000000000003,0.1726267650163207,,
MS1b-100150-R2s,Dietrich:2016lyp,,1.5,1.0,1.5,0.156,0.109,2450.56386315395,0.032,0.16278820596099708,,
SLy-100150-R2b,Dietrich:2016lyp,,1.5,1.0,1.5,0.193,0.129,774.372730729184,0.018000000000000002,0.22472205054244232,,
ALF2-110165-R2b,Dietrich:2016lyp,,1.65,1.1,1.4999999999999998,0.19699999999999998,0.134,698.931755694347,0.024,0.18384776310850237,,0.2
H4-110165-R2s,Dietrich:2016lyp,,1.65,1.1,1.4999999999999998,0.182,0.121,1099.36516243231,0.017,0.1746424919657298,,0.26
MS1b-110165-R2s,Dietrich:2016lyp,,1.65,1.1,1.4999999999999998,0.171,0.11800000000000001,1487.46165214883,0.026000000000000002,0.1746424919657298,,
SLy-110165-R2b,Dietrich:2016lyp,,1.65,1.0979999999999999,1.5027322404371586,0.215,0.142,429.846041268757,0.016,0.21954498400100148,,0.14
ALF2-117175-R2b,Dietrich:2016lyp,,1.75,0.16699999999999998,10.479041916167667,0.21,0.141,11726.2753113169,0.025,0.19924858845171275,,0.2
H4-117175-R2s,Dietrich:2016lyp,,1.75,1.167,1.4995715509854326,0.195,0.128,769.4606366170731,0.013999999999999999,0.18681541692269404,,0.26
MS1b-117175-R2s,Dietrich:2016lyp,,1.75,1.167,1.4995715509854326,0.18,0.125,1089.6701018676401,0.024,0.18681541692269404,,
SLy-117175-R2b,Dietrich:2016lyp,,1.75,1.167,1.4995715509854326,0.23,0.15,294.472973944534,0.0065,0.27313000567495327,,0.14
ALF2-100175-R2,Dietrich:2016lyp,,1.75,1.0,1.75,0.21,0.12300000000000001,731.946718443106,0.036000000000000004,0.18248287590894657,,0.26
H4-100175-R2,Dietrich:2016lyp,,1.75,1.0,1.75,0.195,0.11,1195.36678440443,0.04,0.17117242768623692,,
MS1b-100175-R2,Dietrich:2016lyp,,1.75,1.0,1.75,0.18,0.109,1583.98063695676,0.049,0.1726267650163207,,
SLy-100175-R2b,Dietrich:2016lyp,,1.75,1.0,1.75,0.23,0.129,480.556405929933,0.024,0.19235384061671346,,0.18
MS1b-094194-R2,Dietrich:2016lyp,,1.944,0.9440000000000001,2.059322033898305,0.19899999999999998,0.10300000000000001,1325.9927321504902,0.068,0.18110770276274832,,
MS1-135135-R2n,Dietrich:2015iva,,1.35,1.35,1.0,0.139,0.139,1765.0,0.0012,0.18,,
MS1-125145-R2n,Dietrich:2015iva,,1.45,1.25,1.16,0.14800000000000002,0.129,1585.0,0.0032,0.15,,
H4-135135-R2n,Dietrich:2015iva,,1.35,1.35,1.0,0.147,0.147,1107.0,0.0006,0.3,,0.085
H4-125145-R2n,Dietrich:2015iva,,1.45,1.25,1.16,0.158,0.136,1124.0,0.004,0.23,,
ALF2-135135-R2n,Dietrich:2015iva,,1.35,1.35,1.0,0.161,0.161,728.0,0.002,0.15,,0.21100000000000002
ALF2-125145-R2n,Dietrich:2015iva,,1.45,1.25,1.16,0.172,0.15,700.0,0.0106,0.15,,
SLy-135135-R2n,Dietrich:2015iva,,1.35,1.35,1.0,0.174,0.174,420.0,0.014199999999999999,0.26,,0.096
SLy-125145-R2n2,Dietrich:2015iva,,1.45,1.25,1.16,0.187,0.161,424.0,0.0054,0.3,,0.111
NL3_1.35_1.35,Bauswein:2013yna,,1.35,1.35,1.0,,,,0.00209,0.18,,
NL3_1.35_1.35,Bauswein:2013yna,,1.35,1.35,1.0,,,,0.00157,0.34,,
NL3_1.35_1.35,Bauswein:2013yna,,1.35,1.35,1.0,,,,0.0016,0.32,,
NL3_1.35_1.35,Bauswein:2013yna,,1.35,1.35,1.0,,,,0.00186,0.3,,
GS1_1.35_1.35,Bauswein:2013yna,,1.35,1.35,1.0,,,,0.00219,0.32,,
Shen_1.35_1.35,Bauswein:2013yna,,1.35,1.35,1.0,,,,0.00233,0.23,,
TM1_1.35_1.35,Bauswein:2013yna,,1.35,1.35,1.0,,,,0.0016699999999999998,0.16,,
TM1_1.35_1.35,Bauswein:2013yna,,1.35,1.35,1.0,,,,0.0013700000000000001,0.36,,
TM1_1.35_1.35,Bauswein:2013yna,,1.35,1.35,1.0,,,,0.00133,0.34,,
TM1_1.35_1.35,Bauswein:2013yna,,1.35,1.35,1.0,,,,0.0015300000000000001,0.32,,
TMA_1.35_1.35,Bauswein:2013yna,,1.35,1.35,1.0,,,,0.0020499999999999997,0.18,,
LS375_1.35_1.35,Bauswein:2013yna,,1.35,1.35,1.0,,,,0.0025800000000000003,0.3,,
GS2_1.35_1.35,Bauswein:2013yna,,1.35,1.35,1.0,,,,0.0027400000000000002,0.19,,
DD2_1.35_1.35,Bauswein:2013yna,,1.35,1.35,1.0,,,,0.00307,0.22,,
DD2_1.35_1.35,Bauswein:2013yna,,1.35,1.35,1.0,,,,0.00257,0.34,,
DD2_1.35_1.35,Bauswein:2013yna,,1.35,1.35,1.0,,,,0.00226,0.32,,
DD2_1.35_1.35,Bauswein:2013yna,,1.35,1.35,1.0,,,,0.00272,0.3,,
LS220_1.35_1.35,Bauswein:2013yna,,1.35,1.35,1.0,,,,0.00199,0.28,,
LS180_1.35_1.35_x,Bauswein:2013yna,,1.35,1.35,1.0,,,,0.00226,0.29,,
SFHX_1.35_1.35,Bauswein:2013yna,,1.35,1.35,1.0,,,,0.0061600000000000005,0.22,,
SFHO_1.35_1.35,Bauswein:2013yna,,1.35,1.35,1.0,,,,0.00483,0.23,,
SFHO_1.35_1.35,Bauswein:2013yna,,1.35,1.35,1.0,,,,0.00296,0.32,,
SFHO_1.35_1.35,Bauswein:2013yna,,1.35,1.35,1.0,,,,0.00326,0.34,,
SFHO_1.35_1.35,Bauswein:2013yna,,1.35,1.35,1.0,,,,0.00382,0.3,,
eosL_1.35_1.35,Bauswein:2013yna,,1.35,1.35,1.0,,,,0.00149,0.22,,
eosL_1.35_1.35,Bauswein:2013yna,,1.35,1.35,1.0,,,,0.0034500000000000004,0.2,,
MS1_1.35_1.35,Bauswein:2013yna,,1.35,1.35,1.0,,,,0.00117,0.27,,
MS1_1.35_1.35,Bauswein:2013yna,,1.35,1.35,1.0,,,,0.0023799999999999997,0.21,,
MS1b_1.35_1.35,Bauswein:2013yna,,1.35,1.35,1.0,,,,0.0016699999999999998,0.25,,
MS1b_1.35_1.35,Bauswein:2013yna,,1.35,1.35,1.0,,,,0.00364,0.21,,
Glenh3_1.35_1.35_x,Bauswein:2013yna,,1.35,1.35,1.0,,,,0.00108,0.23,,
Glenh3_1.35_1.35_x,Bauswein:2013yna,,1.35,1.35,1.0,,,,0.0016899999999999999,0.22,,
MS2_1.35_1.35_x,Bauswein:2013yna,,1.35,1.35,1.0,,,,0.0008100000000000001,0.26,,
H3_1.35_1.35_x,Bauswein:2013yna,,1.35,1.35,1.0,,,,0.0014299999999999998,0.27,,
H4_1.35_1.35,Bauswein:2013yna,,1.35,1.35,1.0,,,,0.00128,0.27,,
H4_1.35_1.35,Bauswein:2013yna,,1.35,1.35,1.0,,,,0.0019299999999999999,0.27,,
Heb6_1.35_1.35,Bauswein:2013yna,,1.35,1.35,1.0,,,,0.00155,0.45,,
Heb6_1.35_1.35,Bauswein:2013yna,,1.35,1.35,1.0,,,,0.0034300000000000003,0.24,,
eosO_1.35_1.35,Bauswein:2013yna,,1.35,1.35,1.0,,,,0.00352,0.28,,
eosO_1.35_1.35,Bauswein:2013yna,,1.35,1.35,1.0,,,,0.00462,0.25,,
ALF2_1.35_1.35,Bauswein:2013yna,,1.35,1.35,1.0,,,,0.0038,0.28,,
ALF2_1.35_1.35,Bauswein:2013yna,,1.35,1.35,1.0,,,,0.00449,0.27,,
BSk21_1.35_1.35,Bauswein:2013yna,,1.35,1.35,1.0,,,,0.0033599999999999997,0.32,,
BSk21_1.35_1.35,Bauswein:2013yna,,1.35,1.35,1.0,,,,0.00437,0.27,,
Heb4_1.35_1.35,Bauswein:2013yna,,1.35,1.35,1.0,,,,0.00189,0.43,,
Heb4_1.35_1.35,Bauswein:2013yna,,1.35,1.35,1.0,,,,0.0024100000000000002,0.39,,
MPA1_1.35_1.35,Bauswein:2013yna,,1.35,1.35,1.0,,,,0.00364,0.3,,
MPA1_1.35_1.35,Bauswein:2013yna,,1.35,1.35,1.0,,,,0.0044800000000000005,0.29,,
Heb5_1.35_1.35,Bauswein:2013yna,,1.35,1.35,1.0,,,,0.00263,0.43,,
Heb5_1.35_1.35,Bauswein:2013yna,,1.35,1.35,1.0,,,,0.0029,0.38,,
eosC_1.35_1.35_x,Bauswein:2013yna,,1.35,1.35,1.0,,,,0.00309,0.27,,
ENG_1.35_1.35,Bauswein:2013yna,,1.35,1.35,1.0,,,,0.00529,0.29,,
ENG_1.35_1.35,Bauswein:2013yna,,1.35,1.35,1.0,,,,0.00632,0.26,,
APR3_1.35_1.35,Bauswein:2013yna,,1.35,1.35,1.0,,,,0.0046500000000000005,0.3,,
APR3_1.35_1.35,Bauswein:2013yna,,1.35,1.35,1.0,,,,0.00615,0.27,,
Heb3_1.35_1.35,Bauswein:2013yna,,1.35,1.35,1.0,,,,0.00299,0.41,,
Heb3_1.35_1.35,Bauswein:2013yna,,1.35,1.35,1.0,,,,0.0037,0.37,,
BurgioNN_1.35_1.35,Bauswein:2013yna,,1.35,1.35,1.0,,,,0.0024700000000000004,0.39,,
BurgioNN_1.35_1.35,Bauswein:2013yna,,1.35,1.35,1.0,,,,0.00244,0.37,,
SLy4_1.35_1.35,Bauswein:2013yna,,1.35,1.35,1.0,,,,0.0039900000000000005,0.29,,
SLy4_1.35_1.35,Bauswein:2013yna,,1.35,1.35,1.0,,,,0.0064,0.27,,
BSk20_1.35_1.35,Bauswein:2013yna,,1.35,1.35,1.0,,,,0.00468,0.31,,
BSk20_1.35_1.35,Bauswein:2013yna,,1.35,1.35,1.0,,,,0.00783,0.26,,
ALF4_1.35_1.35_x,Bauswein:2013yna,,1.35,1.35,1.0,,,,0.0057,0.3,,
ALF4_1.35_1.35_x,Bauswein:2013yna,,1.35,1.35,1.0,,,,0.0074,0.29,,
Heb2_1.35_1.35,Bauswein:2013yna,,1.35,1.35,1.0,,,,0.00495,0.34,,
Heb2_1.35_1.35,Bauswein:2013yna,,1.35,1.35,1.0,,,,0.00501,0.37,,
APR_1.35_1.35,Bauswein:2013yna,,1.35,1.35,1.0,,,,0.00596,0.31,,
APR_1.35_1.35,Bauswein:2013yna,,1.35,1.35,1.0,,,,0.00738,0.3,,
BB2_1.35_1.35_x,Bauswein:2013yna,,1.35,1.35,1.0,,,,0.00495,0.28,,
eosUU_1.35_1.35,Bauswein:2013yna,,1.35,1.35,1.0,,,,0.007019999999999999,0.32,,
eosUU_1.35_1.35,Bauswein:2013yna,,1.35,1.35,1.0,,,,0.00942,0.31,,
Heb1_1.35_1.35,Bauswein:2013yna,,1.35,1.35,1.0,,,,0.006849999999999999,0.31,,
Heb1_1.35_1.35,Bauswein:2013yna,,1.35,1.35,1.0,,,,0.01088,0.32,,
eosAU_1.35_1.35,Bauswein:2013yna,,1.35,1.35,1.0,,,,0.00405,0.36,,
eosAU_1.35_1.35,Bauswein:2013yna,,1.35,1.35,1.0,,,,0.00151,0.29,,
NL3_1.2_1.5,Bauswein:2013yna,,1.5,1.2,1.25,,,,0.00795,0.19,,
GS1_1.2_1.5,Bauswein:2013yna,,1.5,1.2,1.25,,,,0.00643,0.22,,
Shen_1.2_1.5,Bauswein:2013yna,,1.5,1.2,1.25,,,,0.00566,0.3,,
TM1_1.2_1.5,Bauswein:2013yna,,1.5,1.2,1.25,,,,0.00866,0.17,,
TMA_1.2_1.5,Bauswein:2013yna,,1.5,1.2,1.25,,,,0.01021,0.2,,
LS375_1.2_1.5,Bauswein:2013yna,,1.5,1.2,1.25,,,,0.00666,0.27,,
GS2_1.2_1.5,Bauswein:2013yna,,1.5,1.2,1.25,,,,0.01069,0.18,,
DD2_1.2_1.5,Bauswein:2013yna,,1.5,1.2,1.25,,,,0.00879,0.2,,
LS220_1.2_1.5,Bauswein:2013yna,,1.5,1.2,1.25,,,,0.01322,0.18,,
LS180_1.2_1.5_x,Bauswein:2013yna,,1.5,1.2,1.25,,,,0.01858,0.2,,
SFHX_1.2_1.5,Bauswein:2013yna,,1.5,1.2,1.25,,,,0.01467,0.19,,
SFHO_1.2_1.5,Bauswein:2013yna,,1.5,1.2,1.25,,,,0.01339,0.22,,
NL3_1.2_1.2,Bauswein:2013yna,,1.2,1.2,1.0,,,,0.00215,0.17,,
NL3_1.2_1.35,Bauswein:2013yna,,1.35,1.2,1.1250000000000002,,,,0.00425,0.21,,
NL3_1.2_1.6,Bauswein:2013yna,,1.6,1.2,1.3333333333333335,,,,0.00996,0.19,,
NL3_1.2_1.8,Bauswein:2013yna,,1.8,1.2,1.5,,,,0.01568,0.15,,
NL3_1.35_1.5,Bauswein:2013yna,,1.5,1.35,1.111111111111111,,,,0.00272,0.24,,
NL3_1.35_1.8,Bauswein:2013yna,,1.8,1.35,1.3333333333333333,,,,0.01881,0.21,,
NL3_1.5_1.5,Bauswein:2013yna,,1.5,1.5,1.0,,,,0.0017,0.2,,
NL3_1.5_1.8,Bauswein:2013yna,,1.8,1.5,1.2,,,,0.0081,0.21,,
NL3_1.6_1.6,Bauswein:2013yna,,1.6,1.6,1.0,,,,0.0037400000000000003,0.22,,
NL3_1.8_1.8,Bauswein:2013yna,,1.8,1.8,1.0,,,,0.00908,0.24,,
NL3_1.35_2.0,Bauswein:2013yna,,2.0,1.35,1.4814814814814814,,,,0.01285,0.2,,
NL3_2.0_2.0,Bauswein:2013yna,,2.0,2.0,1.0,,,,0.00191,0.29,,
DD2_1.2_1.2,Bauswein:2013yna,,1.2,1.2,1.0,,,,0.00309,0.17,,
DD2_1.2_1.35,Bauswein:2013yna,,1.35,1.2,1.1250000000000002,,,,0.00317,0.2,,
DD2_1.2_1.6,Bauswein:2013yna,,1.6,1.2,1.3333333333333335,,,,0.0109,0.2,,
DD2_1.2_1.8,Bauswein:2013yna,,1.8,1.2,1.5,,,,0.017079999999999998,0.17,,
DD2_1.35_1.5,Bauswein:2013yna,,1.5,1.35,1.111111111111111,,,,0.00357,0.25,,
DD2_1.35_1.8,Bauswein:2013yna,,1.8,1.35,1.3333333333333333,,,,0.01485,0.21,,
DD2_1.5_1.5,Bauswein:2013yna,,1.5,1.5,1.0,,,,0.00538,0.26,,
DD2_1.5_1.8,Bauswein:2013yna,,1.8,1.5,1.2,,,,0.01884,0.25,,
DD2_1.6_1.6,Bauswein:2013yna,,1.6,1.6,1.0,,,,0.0078,0.27,,
DD2_1.8_1.8,Bauswein:2013yna,,1.8,1.8,1.0,,,,0.0013700000000000001,0.26,,
DD2_1.35_2.0,Bauswein:2013yna,,2.0,1.35,1.4814814814814814,,,,0.00641,0.31,,
DD2_2.0_2.0,Bauswein:2013yna,,2.0,2.0,1.0,,,,0.00025,0.25,,
SFHO_1.2_1.2,Bauswein:2013yna,,1.2,1.2,1.0,,,,0.00188,0.21,,
SFHO_1.2_1.35,Bauswein:2013yna,,1.35,1.2,1.1250000000000002,,,,0.00544,0.22,,
SFHO_1.2_1.6,Bauswein:2013yna,,1.6,1.2,1.3333333333333335,,,,0.01691,0.21,,
SFHO_1.2_1.8,Bauswein:2013yna,,1.8,1.2,1.5,,,,0.00578,0.34,,
SFHO_1.35_1.5,Bauswein:2013yna,,1.5,1.35,1.111111111111111,,,,0.01873,0.23,,
SFHO_1.35_1.8,Bauswein:2013yna,,1.8,1.35,1.3333333333333333,,,,0.01176,0.31,,
SFHO_1.5_1.5,Bauswein:2013yna,,1.5,1.5,1.0,,,,0.0040999999999999995,0.27,,
SFHO_1.5_1.8,Bauswein:2013yna,,1.8,1.5,1.2,,,,0.00634,0.42,,
SFHO_1.6_1.6,Bauswein:2013yna,,1.6,1.6,1.0,,,,0.00113,0.21,,
SFHO_1.8_1.8,Bauswein:2013yna,,1.8,1.8,1.0,,,,0.00017,0.29,,
APR4_130160_1.8,Hotokezaka:2012ze,,1.6,1.3,1.2300123001230012,,,,0.002,0.25298221281347033,,
APR4_140150_1.8,Hotokezaka:2012ze,,1.5,1.4,1.0718113612004287,,,,0.0006,0.37,,
APR4_145145_1.8,Hotokezaka:2012ze,,1.45,1.45,1.0,,,,0.0001,0.3178049716414141,,
APR4_130150_1.8,Hotokezaka:2012ze,,1.5,1.3,1.1534025374855825,,,,0.012,0.25942243542145693,,
APR4_140140_1.8,Hotokezaka:2012ze,,1.5,1.3,1.0,,,,0.014,0.26627053911388693,,
APR4_120150_1.6,Hotokezaka:2012ze,,1.5,1.2,1.25,,,,0.009,0.223606797749979,,
APR4_120150_1.8,Hotokezaka:2012ze,,1.5,1.2,1.25,,,,0.008,0.25495097567963926,,
APR4_120150_2.0,Hotokezaka:2012ze,,1.5,1.2,1.25,,,,0.0075,0.2683281572999748,,
APR4_125145_1.8,Hotokezaka:2012ze,,1.45,1.25,1.160092807424594,,,,0.007,0.24596747752497686,,
APR4_130140_1.8,Hotokezaka:2012ze,,1.4,1.3,1.0764262648008611,,,,0.008,0.22472205054244232,,
APR4_135135_1.6,Hotokezaka:2012ze,,1.35,1.35,1.0,,,,0.011,0.23021728866442678,,
APR4_135135_1.8,Hotokezaka:2012ze,,1.35,1.35,1.0,,,,0.007,0.22472205054244232,,
APR4_135135_2.0,Hotokezaka:2012ze,,1.35,1.35,1.0,,,,0.005,0.23021728866442678,,
APR4_120140_1.8,Hotokezaka:2012ze,,1.4,1.2,1.1668611435239207,,,,0.003,0.24186773244895649,,
APR4_125135_1.8,Hotokezaka:2012ze,,1.35,1.25,1.0799136069114472,,,,0.005,0.20591260281974,,
APR4_130130_1.8,Hotokezaka:2012ze,,1.3,1.3,1.0,,,,0.002,0.21470910553583888,,
ALF2_140140_1.8,Hotokezaka:2012ze,,1.4,1.4,1.0,,,,0.0025,0.2469817807045694,,
ALF2_120150_1.8,Hotokezaka:2012ze,,1.5,1.2,1.25,,,,0.0055,0.23259406699226012,,
ALF2_125145_1.8,Hotokezaka:2012ze,,1.25,1.25,1.160092807424594,,,,0.003,0.223606797749979,,
ALF2_130140_1.8,Hotokezaka:2012ze,,1.4,1.3,1.0764262648008611,,,,0.0015,0.194164878389476,,
ALF2_135135_1.8,Hotokezaka:2012ze,,1.35,1.35,1.0,,,,0.0025,0.25059928172283336,,
ALF2_130130_1.8,Hotokezaka:2012ze,,1.3,1.3,1.0,,,,0.002,0.21470910553583888,,
H4_130150_1.8,Hotokezaka:2012ze,,1.5,1.3,1.1534025374855825,,,,0.003,0.21470910553583888,,
H4_140140_1.8,Hotokezaka:2012ze,,1.4,1.4,1.0,,,,0.0003,0.21400934559032697,,
H4_120150_1.6,Hotokezaka:2012ze,,1.5,1.2,1.25,,,,0.0045,0.21470910553583888,,
H4_120150_1.8,Hotokezaka:2012ze,,1.5,1.2,1.25,,,,0.0035,0.22847319317591724,,
H4_120150_2.0,Hotokezaka:2012ze,,1.5,1.2,1.25,,,,0.004,0.22847319317591724,,
H4_125145_1.8,Hotokezaka:2012ze,,1.25,1.25,1.160092807424594,,,,0.002,0.21470910553583888,,
H4_130140_1.8,Hotokezaka:2012ze,,1.4,1.3,1.0764262648008611,,,,0.0007,0.20591260281974,,
H4_135135_1.6,Hotokezaka:2012ze,,1.35,1.35,1.0,,,,0.0007,0.23706539182259395,,
H4_135135_1.8,Hotokezaka:2012ze,,1.35,1.35,1.0,,,,0.0005,0.21954498400100148,,
H4_135135_2.0,Hotokezaka:2012ze,,1.35,1.35,1.0,,,,0.0004,0.223606797749979,,
H4_120140_1.8,Hotokezaka:2012ze,,1.3,1.3,1.0,,,,0.0025,0.21470910553583888,,
H4_125135_1.8,Hotokezaka:2012ze,,1.3,1.3,1.0,,,,0.0006,0.20591260281974,,
H4_130130_1.8,Hotokezaka:2012ze,,1.3,1.3,1.0,,,,0.0003,0.18867962264113208,,
MS1_140140_1.8,Hotokezaka:2012ze,,1.4,1.4,1.0,,,,0.0006,0.15811388300841897,,
MS1_120150_1.8,Hotokezaka:2012ze,,1.5,1.2,1.25,,,,0.0035,0.21470910553583888,,
MS1_125145_1.8,Hotokezaka:2012ze,,1.25,1.25,1.160092807424594,,,,0.0015,0.21954498400100148,,
MS1_130140_1.8,Hotokezaka:2012ze,,1.4,1.3,1.0764262648008611,,,,0.0006,0.19235384061671346,,
MS1_135135_1.8,Hotokezaka:2012ze,,1.35,1.35,1.0,,,,0.0015,0.161245154965971,,
MS1_130130_1.8,Hotokezaka:2012ze,,1.3,1.3,1.0,,,,0.0015,0.16999999999999998,,
1,Sekiguchi:2015dma,,1.35,1.35,1.0,,,,0.011000000000000001,,0.31,
4,Sekiguchi:2015dma,,1.35,1.35,1.0,,,,0.021,,0.29,
7,Sekiguchi:2015dma,,1.35,1.35,1.0,,,,0.012,,0.26,
SFHo-135-135h,Sekiguchi:2016bjd,,1.35,1.35,1.0,,,,0.011000000000000001,0.22,0.31,0.05
SFHo-133-137h,Sekiguchi:2016bjd,,1.33,1.37,1.0309278350515465,,,,0.009000000000000001,0.21,0.3,0.06
SFHo-130-140h,Sekiguchi:2016bjd,,1.3,1.4,1.075268817204301,,,,0.006,0.2,0.27,0.09
SFHo-125-145h,Sekiguchi:2016bjd,,1.25,1.45,1.1627906976744187,,,,0.011000000000000001,0.24,0.18,0.12
DD2-135-135h,Sekiguchi:2016bjd,,1.35,1.35,1.0,,,,0.002,0.16,0.3,
DD2-130-140h,Sekiguchi:2016bjd,,1.3,1.4,1.075268817204301,,,,0.003,0.18,0.26,
DD2-125-145h,Sekiguchi:2016bjd,,1.25,1.45,1.1627906976744187,,,,0.005,0.19,0.2,
