#nameeos	f2	f2-0	f2+0	mchirp	q	lambda_t	f_merg	f_insp	lambda1	lambda2	A_merg	A_pm0	t_pm0	t_end	damping	
DD2_M13641364_M0_SR	DD2	2392.684764	1762.074688	3614.341926	1.179612	1.0	840.410237	1655.2753790526929	693.87397	840.410237	840.410237	0.24757	0.036052	0.69745	41.716939	0.007648302464464064	
DD2_M125125_LK	DD2	2347.457779	1799.420464	3489.280386	1.079692	1.0	1365.9266	1641.8692489002444	789.68048	1365.9266	1365.9266	0.231249	0.010109	0.744734	32.271817	0.014729188362785509	
BHBlp_M130130_LK	BHBlp	2462.496886	1913.771831	3692.778778	1.125448	1.0	1090.344656	1606.0718194112578	792.84833	1090.344656	1090.344656	0.23771	0.026421	0.768377	26.822254	0.013925348227416798	
SLy4_M13641364_M0_SR	SLy4	3653.916901	2938.713843	4346.743966	1.168473	1.0	400.525631	1999.1752779671722	1025.566379	400.525631	400.525631	0.277389	0.023635	0.543774	19.847759	0.0075537330367736275	
DD2_M135135_LK_HR	DD2	2653.989468	1887.715382	3707.905964	1.166763	1.0	893.391842	1638.0648506800162	819.234713	893.391842	893.391842	0.244031	0.019847	0.693509	21.16779	0.01595071013712032	
LS220_M144139_LK	LS220	3142.889874	2270.964662	3990.415911	1.209268	1.036105	565.427826	1753.1384572428879	820.364692	636.518249	500.981386	0.259833	0.020688	0.60288	8.22754	0.006962674113708399	
DD2_M140140_LK_HR	DD2	2573.805082	1911.960105	3771.038303	1.209713	1.0	729.243624	1643.807674778928	877.971029	729.243624	729.243624	0.251697	0.022717	0.693509	22.36567	0.009551512196734105	
BHBlp_M135135_LK_HR	BHBlp	2709.493672	1895.286348	3969.923739	1.166737	1.0	892.785144	1679.844037376936	820.506159	892.785144	892.785144	0.244009	0.017535	0.661986	21.120506	0.019938387671400402	
DD2_M120120_LK	DD2	2264.625201	1756.944143	3366.533505	1.038493	1.0	1681.791228	1581.9517402490487	784.006626	1681.791228	1681.791228	0.222459	0.010275	0.768377	11.856642	1.1821178461304946e-05	
BHBlp_M144139_LK	BHBlp	2784.576107	1888.912025	3680.698328	1.221982	1.035536	685.841616	1687.3559740288865	861.761707	758.445143	619.774201	0.251993	0.021269	0.661986	11.100087	0.010107107584415418	
SFHo_M135135_LK_HR	SFHo	3479.925351	2474.085515	4347.08239	1.167201	1.0	440.862602	1962.984906223692	809.891952	440.862602	440.862602	0.272148	0.026985	0.551655	7.770455	0.006698667794739263	
BHBlp_M140140_LK_HR	BHBlp	2857.184409	2028.557922	3788.075065	1.209663	1.0	727.422789	1651.390907115806	851.564244	727.422789	727.422789	0.251046	0.028895	0.709271	11.017338	0.009977074621341068	
SLy4_M14521283_M0_SR	SLy4	3457.17028	2558.845773	4378.924182	1.168328	1.132172	400.883287	1954.1949397815292	704.661284	264.56816	592.675452	0.273108	0.040194	0.531953	13.688925	0.012270383242834157	
SFHo_M1251365_LK	SFHo	3205.820045	2066.578093	4314.708688	1.128714	1.091699	543.412008	1888.7896373896967	814.433178	710.016035	412.311143	0.258917	0.046639	0.567417	24.469839	0.023429575710305683	
DD2_M1251365_LK	DD2	2364.086163	1810.694611	3595.931301	1.128252	1.093254	1072.516456	1580.968914071227	787.604422	1368.774317	839.177909	0.237636	0.025003	0.744734	22.046498	0.007340951824470146	
SFHo_M13641364_M0_SR	SFHo	3615.510918	2275.691645	4444.812044	1.179185	1.0	413.142377	1946.2550119326727	691.084272	413.142377	413.142377	0.272987	0.017751	0.567417	4.291088	0.0033926782183944138	
DD2_M144139_LK	DD2	2566.005797	1900.355898	3785.799069	1.222032	1.035535	688.211782	1659.5245077501218	838.840886	759.967548	622.899889	0.252237	0.035314	0.661986	21.219015	0.013168792805893304	
SFHo_M135135_M0	SFHo	3411.087221	2457.076221	4335.810122	1.167201	1.0	440.862602	1942.2536772957217	811.866094	440.862602	440.862602	0.270411	0.019132	0.567417	11.017338	0.007459163609083191	
SFHo_M13641364_M0_HR	SFHo	3632.129956	2816.062494	4466.438416	1.179185	1.0	413.142377	1928.6249481060618	687.946174	413.142377	413.142377	0.273314	0.018857	0.559536	4.893968	0.0030813871855800605	
SFHo_M140120_M0_v3	SFHo	3166.648545	2027.193091	4305.463495	1.119039	1.167017	571.968657	1864.7417751012254	824.327807	909.398754	350.617565	0.254048	0.049114	0.543774	20.178752	0.019150309107313426	
DD2_M150150_LK	DD2	2757.130291	1782.654736	3867.185052	1.297726	1.0	486.150326	1676.5341238564424	908.804375	486.150326	486.150326	0.266481	0.036978	0.661986	21.112625	0.019942328064220832	
LS220_M13641364_M0_SR	LS220	2965.987167	1960.645196	5959.376505	1.167318	1.0	714.948741	1774.5703624655664	668.374694	714.948741	714.948741	0.250851	0.0308	0.60288	16.537829	0.015332068464312044	
SFHo_M14521283_M0_SR	SFHo	3447.695178	2122.928856	4378.578992	1.179456	1.131896	412.282511	1899.473706968751	696.328004	274.395476	606.006539	0.267972	0.042771	0.555595	12.885085	0.010757272399787169	
BHBlp_M125125_LK	BHBlp	3520.740222	2365.308825	7637.911966	1.079676	1.0	1366.693367	1638.0654027885137	765.647311	1366.693367	1366.693367	0.230285	0.230285	0.0	21.810074	0.011040980682858482	
DD2_M130130_LK	DD2	2468.599045	1914.087927	3595.318443	1.12547	1.0	1090.099242	1591.6875430320895	799.166638	1090.099242	1090.099242	0.237851	0.014414	0.768377	22.791232	0.006288866941414037	
LS220_M140140_LK_HR	LS220	3156.553983	2165.084101	4041.465741	1.197947	1.0	602.244578	1773.8760536418215	839.56003	602.244578	602.244578	0.259312	0.004597	0.59894	10.591776	0.009078665058281919	
BHBlp_M1251365_LK	BHBlp	2605.631086	1690.581174	3742.948643	1.128231	1.093244	1072.304517	1577.7560525984113	793.813016	1369.543668	838.222586	0.237149	0.023513	0.732913	21.786432	0.02072252584266693	
LS220_M14691268_M0_SR	LS220	2936.866405	1743.47178	4116.213908	1.167738	1.158309	713.865149	1624.3040192270264	685.255256	432.224328	1136.066874	0.243007	0.029401	0.614701	33.879497	0.032543704303971514	
LS220_M1251365_LK	LS220	2835.421012	1831.665831	4052.207521	1.11715	1.091387	948.692224	1659.297635561843	799.083677	1245.692126	715.005781	0.238056	0.021595	0.626522	24.505303	0.00650164815371752	
2H_1.350_1.350_0.00_0.00_0.038_0.285	2H	1882.323386	1378.659523	2362.127377	1.175226	1.0	2325.898	3641.5350653203377	516.095057	2325.898	2325.898	0.20416	0.031264	0.92087	21.831352	5.61505976912134e-06	
2H_1.350_1.350_0.00_0.00_0.038_0.321_shells	2H	1864.058136	1403.158897	2336.158751	1.175226	1.0	2325.898	3466.4336121222527	517.503521	2325.898	2325.898	0.202079	0.027128	0.923352	39.729454	1.2648660953592508e-05	
ALF2_1.350_1.350_0.00_0.00_0.038_0.246_shells	ALF2	2734.152132	1958.013921	3800.357063	1.175262	1.0	733.345	4725.054069163943	528.526479	733.345	733.345	0.239822	0.034336	0.717309	5.980807	0.005263497921680478	
ALF2_1.350_1.350_0.00_0.00_0.038_0.252	ALF2	2721.300145	1927.013061	3412.77805	1.175239	1.0	733.345	4672.068026937943	521.95429	733.345	733.345	0.238313	0.032157	0.705015	15.550071	0.014845055613670397	
ALF2_1.351_1.351_0.00_0.00_0.052_0.202_camr	ALF2	2780.799816	1959.302384	3432.866926	1.176092	1.0	730.0804	4767.641948068968	725.646667	730.0804	730.0804	0.243181	0.016522	0.652687	20.16165	0.017590701628985305	
ALF2_1.351_1.351_0.00_0.00_0.052_0.202_nocamr	ALF2	2725.972451	1863.583241	3333.629111	1.176092	1.0	730.0804	4747.772989905766	737.978963	730.0804	730.0804	0.24334	0.03025	0.668606	23.643972	0.017519065287509798	
ALF2_1.375_1.375_0.00_0.00_0.0360_0.167	ALF2	2783.99939	1735.841798	3101.54086	1.196996	1.0	658.1463	4770.6567044503145	459.487535	658.1463	658.1463	0.247197	0.03313	0.669867	33.335723	1.3136284565122081e-05	
ALF2_1.375_1.375_0.00_0.00_0.0360_0.250	ALF2	2756.573066	1958.774668	3241.163686	1.196996	1.0	658.1463	4837.86671057849	472.396327	658.1463	658.1463	0.244052	0.017778	0.630463	32.567347	0.012057602030530676	
ALF2_1.375_1.375_0.10_-0.10_0.0360_0.167	ALF2	2768.885705	1980.051009	3094.899667	1.196996	1.0	658.1463	4743.349408292115	471.603759	658.1463	658.1463	0.24439	0.027913	0.65673	23.340242	1.3136284565122081e-05	
ALF2_1.375_1.375_0.10_-0.10_0.0360_0.250	ALF2	2653.463022	1733.162533	2882.384821	1.196996	1.0	658.1463	4627.053479033902	466.865147	658.1463	658.1463	0.241385	0.010132	0.689569	55.342817	0.017613555907343828	
ALF2_1.375_1.375_0.10_0.00_0.0360_0.167	ALF2	2803.120188	2059.026211	3160.024003	1.196996	1.0	658.1463	5073.431319234666	470.329154	658.1463	658.1463	0.251786	0.251786	0.0	22.302638	0.013449890578721077	
ALF2_1.375_1.375_0.10_0.00_0.0360_0.250	ALF2	2628.243692	1948.96208	2872.235579	1.196996	1.0	658.1463	4864.243406616823	466.865147	658.1463	658.1463	0.246957	0.019232	0.689569	53.983382	0.014579453435608986	
ALF2_1.375_1.375_0.10_0.10_0.0360_0.250	ALF2	2745.318791	1929.483736	2983.877244	1.196996	1.0	658.1463	4884.028352296836	466.865147	658.1463	658.1463	0.250803	0.018509	0.788079	53.451429	0.019662560173969956	
ALF2_1.400_1.100_0.00_0.00_0.038_0.249	ALF2	2379.948697	1551.358202	2892.03813	1.078764	1.272726	1756.867252	3839.5137707356616	555.424542	590.758	2209.371	0.210836	0.03437	0.765303	22.169251	0.020236360176481675	
ALF2_1.450_1.250_0.00_0.00_0.052_0.200_camr	ALF2	2655.359867	1836.975146	3738.051241	1.171421	1.159148	891.420844	4558.786854220231	753.405676	475.8671	1131.997	0.237302	0.036715	0.693509	19.430077	0.01820461483040906	
ALF2_1.450_1.250_0.00_0.00_0.052_0.200_nocamr	ALF2	2662.350751	1737.155337	3302.26295	1.171421	1.159148	891.420844	4595.351682530719	753.14769	475.8671	1131.997	0.238221	0.036538	0.689569	19.449779	0.015875842673532054	
ALF2_1.528_1.222_0.00_0.00_0.0357_0.167	ALF2	2725.508524	1642.877496	3055.702757	1.188113	1.250004	670.884021	4497.690373656248	475.33154	338.6302	1279.917	0.233828	0.028113	0.65673	32.284968	0.011138195099229631	
ALF2_1.528_1.222_0.00_0.00_0.0357_0.250	ALF2	2672.039394	1644.984366	3170.891505	1.188113	1.250004	670.884021	4482.972028664206	486.129708	338.6302	1279.917	0.230076	0.035946	0.669867	50.437028	0.021159909445735203	
ALF2_1.528_1.222_0.10_-0.10_0.0358_0.167	ALF2	2738.42707	1563.250653	3056.08461	1.188113	1.250004	670.884021	4310.90471930686	478.833533	338.6302	1279.917	0.226125	0.00834	0.696134	30.078314	0.023681760850813513	
ALF2_1.528_1.222_0.10_-0.10_0.0358_0.250	ALF2	2739.13684	2425.052244	3059.169459	1.188113	1.250004	670.884021	4217.550667289684	488.31813	338.6302	1279.917	0.22213	0.018772	0.748675	30.360727	0.01920941499961995	
ALF2_1.528_1.222_0.10_0.00_0.0357_0.167	ALF2	2690.445831	1634.136731	2923.176264	1.188113	1.250004	670.884021	4493.741785832227	477.046126	338.6302	1279.917	0.232943	0.011439	0.669867	56.07179	0.011886835256675079	
ALF2_1.528_1.222_0.10_0.00_0.0357_0.250	ALF2	2715.998757	1593.431045	4161.189354	1.188113	1.250004	670.884021	4406.69190296867	477.014389	338.6302	1279.917	0.229414	0.02331	0.709271	57.569139	0.026459737789220093	
ALF2_1.528_1.222_0.10_0.10_0.0357_0.167	ALF2	2753.219224	1641.107828	3169.59061	1.188113	1.250004	670.884021	4553.584541157356	482.678773	338.6302	1279.917	0.238085	0.021748	0.683003	18.874482	0.012346546110562141	
ALF2_1.528_1.222_0.10_0.10_0.0357_0.250	ALF2	2689.959287	1652.378665	2922.98179	1.188113	1.250004	670.884021	4494.85656721421	477.014389	338.6302	1279.917	0.233706	0.019859	0.709271	56.682551	0.025829274937950515	
ALF2_1.650_1.100_0.00_0.00_0.0356_0.167	ALF2	2743.290642	1459.490673	3106.438864	1.168043	1.500008	697.981553	3986.593821350121	495.423439	196.1285	2209.371	0.213003	0.029372	0.656735	35.910115	0.010468308617791603	
ALF2_1.650_1.100_0.00_0.00_0.0356_0.250	ALF2	2742.248936	1484.555019	2985.020356	1.168043	1.500008	697.981553	4022.1117246252315	495.667587	196.1285	2209.371	0.210173	0.021053	0.689569	53.096793	0.0205491485585678	
ALF2_1.651_1.100_0.11_0.00_0.0355_0.167	ALF2	2823.519062	1484.747099	3200.454858	1.168043	1.500008	697.215902	4072.4901479129076	494.9157	195.2396	2209.371	0.212402	0.029121	0.709271	20.81841	0.012057587254057594	
ALF2_1.651_1.100_0.11_0.00_0.0355_0.250	ALF2	2637.572794	1439.244576	2872.235579	1.168043	1.500008	697.215902	3920.372577879145	497.312874	195.2396	2209.371	0.207777	0.035236	0.728973	60.307712	0.0055362519127109796	
ALF2_1.651_1.100_0.11_0.10_0.0355_0.167	ALF2	2790.304616	1502.187803	3014.525523	1.168043	1.500008	697.215902	4129.518484255393	487.196044	195.2396	2209.371	0.216445	0.036926	0.683003	57.818699	0.0070664394331435235	
ALF2_1.651_1.100_0.11_0.10_0.0355_0.250	ALF2	2617.274309	1475.433289	2841.787852	1.168043	1.500008	697.215902	4035.3049196286124	487.163632	195.2396	2209.371	0.210456	0.033158	0.689569	59.362018	0.007132111004987098	
ENG_1.350_1.350_0.00_0.00_0.038_0.228_shells	ENG	2985.530187	1973.190738	3430.521014	1.17518	1.0	478.8043	5267.283718050316	523.299816	478.8043	478.8043	0.254888	0.049715	0.583966	15.650304	0.012164465483820865	
ENG_1.350_1.350_0.00_0.00_0.038_0.234	ENG	2935.82186	2024.574957	3304.640413	1.175187	1.0	478.8043	5171.121709377803	518.374967	478.8043	478.8043	0.252633	0.040356	0.622385	25.633024	0.011295136019776532	
H4_1.350_1.350_0.00_0.00_0.038_0.140	H4	2411.780158	1702.987042	2938.973189	1.175259	1.0	1110.584	4431.9732052435675	526.988296	1110.584	1110.584	0.231057	0.004588	0.689854	15.616545	0.01492669070192776	
H4_1.350_1.350_0.00_0.00_0.038_0.186	H4	2513.906233	1746.041527	3104.870981	1.175259	1.0	1110.584	4374.5183438395115	527.625134	1110.584	1110.584	0.229993	0.008585	0.721919	15.753947	0.015032027253000032	
H4_1.350_1.350_0.00_0.00_0.038_0.276_shells	H4	2484.853046	1684.212485	3035.15558	1.175263	1.0	1110.584	4146.896148395783	524.05564	1110.584	1110.584	0.225233	0.005185	0.783035	13.137585	0.012354550033478648	
H4_1.350_1.350_0.00_0.00_0.038_0.279	H4	2483.32683	1753.021633	2898.449582	1.175259	1.0	1110.584	4185.1929267392525	518.858258	1110.584	1110.584	0.225628	0.013044	0.709093	22.795419	0.022086325350765598	
H4_1.372_1.372_0.00_0.00_0.0367_0.083	H4	2525.077058	1788.697725	3309.721783	1.194145	1.0	1006.228	4477.453053127963	482.211121	1006.228	1006.228	0.23449	0.002657	0.709271	5.877751	0.002909325007584745	
H4_1.372_1.372_0.00_0.00_0.0367_0.125	H4	2611.081537	1615.943997	3029.962907	1.194145	1.0	1006.228	4423.132504502731	484.076914	1006.228	1006.228	0.234453	0.014652	0.689569	16.35263	0.013328378715120916	
H4_1.372_1.372_0.00_0.00_0.0367_0.167	H4	2601.106686	1630.802426	3067.080344	1.194145	1.0	1006.228	4309.473275451508	479.883319	1006.228	1006.228	0.233226	0.233226	0.0	9.049767	0.006107608871674034	
H4_1.372_1.372_0.00_0.00_0.0367_0.250	H4	2603.873023	1744.153023	3068.603517	1.194145	1.0	1006.228	4214.054454473089	497.611381	1006.228	1006.228	0.226765	0.018574	0.827482	11.111908	1.9701964102174295e-05	
H4_1.373_1.373_-0.14_-0.14_0.037_0.279	H4	2548.189518	1741.430454	2924.698033	1.194145	1.0	1001.827	3934.4996041660465	497.820942	1001.827	1001.827	0.214107	0.069996	0.863005	31.408999	0.01622118855129702	
H4_1.373_1.373_0.14_0.14_0.037_0.083	H4	2488.651481	1777.932018	2998.869339	1.194145	1.0	1001.827	4633.257479567748	489.611321	1001.827	1001.827	0.246583	0.020318	0.801215	7.552423	6.565679537052214e-06	
H4_1.373_1.373_0.14_0.14_0.037_0.167	H4	2508.259936	1775.82548	2770.927501	1.194145	1.0	1001.827	4553.429441163905	487.196044	1001.827	1001.827	0.244422	0.014912	0.85375	57.871234	1.3136284565122081e-05	
H4_1.373_1.373_0.14_0.14_0.037_0.250	H4	2521.081453	1768.237502	2861.412316	1.194145	1.0	1001.827	4288.680179814059	494.380138	1001.827	1001.827	0.238345	0.022463	0.945694	27.700962	1.9701964102174403e-05	
H4_1.373_1.373_0.14_0.14_0.037_0.279	H4	2416.774265	1705.163199	2716.87425	1.194145	1.0	1001.827	4495.383261054709	500.121131	1001.827	1001.827	0.238613	0.007281	0.90698	35.438189	0.01686430991450224	
H4_1.374_1.374_0.22_0.22_0.037_0.279	H4	2459.015028	1753.043348	2874.620955	1.194145	1.0	997.27	4538.035764824376	489.63324	997.27	997.27	0.242623	0.01507	0.972942	24.378511	5.496847984506632e-06	
H4_1.375_1.375_0.00_0.00_0.0348_0.167	H4	2490.757335	1609.399818	2800.2573	1.197002	1.0	993.0671	4360.064961269969	473.473456	993.0671	993.0671	0.233156	0.002933	0.65673	31.115952	0.020673945724681998	
H4_1.375_1.375_0.00_0.00_0.0348_0.250	H4	2570.951228	1724.207588	2873.679314	1.197002	1.0	993.0671	4318.165338844512	466.972888	993.0671	993.0671	0.228864	0.008921	0.768377	41.216509	0.019307924820130818	
H4_1.375_1.375_0.10_-0.10_0.0349_0.250	H4	2616.456027	1662.255036	2967.083613	1.197002	1.0	993.0671	4198.4216654977645	467.040939	993.0671	993.0671	0.227422	0.013576	0.788079	31.129103	0.02068706230728302	
H4_1.375_1.375_0.10_0.00_0.0348_0.250	H4	2551.637854	1722.335671	2811.675209	1.197002	1.0	993.0671	4402.462196426412	472.361435	993.0671	993.0671	0.23381	0.008222	0.748675	45.649451	0.03170046024039846	
H4_1.375_1.375_0.10_0.10_0.0348_0.250	H4	2496.023367	1697.273032	2772.025951	1.197002	1.0	993.0671	4456.5080886607175	463.890057	993.0671	993.0671	0.238432	0.005649	0.847184	44.152102	0.03240973094807673	
H4_1.528_1.222_0.00_0.00_0.0349_0.250	H4	2367.960968	1408.152358	2997.088486	1.188114	1.250007	1023.117189	3808.726417897451	461.090536	499.554	1986.016	0.21182	0.0152	0.768377	38.714359	0.027582749743044026	
H4_1.528_1.223_0.10_-0.10_0.0349_0.250	H4	2471.084213	1309.25226	2699.698459	1.188114	1.250007	1019.952247	3585.363010264647	456.715905	499.554	1976.748	0.202667	0.015118	0.827482	55.658049	0.015564551640717699	
H4_1.528_1.223_0.10_0.10_0.0349_0.167	H4	2470.892258	1418.924977	2751.198048	1.188114	1.250007	1019.952247	3911.409089577177	454.922512	499.554	1976.748	0.216574	0.003743	0.748675	45.432714	0.030918967057812635	
H4_1.528_1.223_0.10_0.10_0.0349_0.250	H4	2479.285621	1411.257272	2730.146186	1.188114	1.250007	1019.952247	3856.2322596651493	456.715905	499.554	1976.748	0.213244	0.01012	0.788079	52.643648	0.04224101103506171	
H4_1.650_1.100_0.00_0.00_0.0350_0.250	H4	2454.700036	1198.969155	2724.929897	1.168038	1.500004	1096.133981	3294.0754903965512	460.210383	283.873	3556.468	0.188099	0.049145	0.847184	37.827771	0.034557245035213735	
H4_1.651_1.100_0.10_-0.10_0.0350_0.167	H4	2557.06156	1182.824234	2781.077418	1.168038	1.500004	1094.993733	3200.056446851077	456.746291	282.5492	3556.468	0.184407	0.002925	1.40541	54.193538	0.045734824360683615	
H4_1.651_1.100_0.10_0.00_0.0350_0.167	H4	2546.091447	1227.832454	2770.927501	1.168038	1.500004	1094.993733	3321.583124112607	456.746291	282.5492	3556.468	0.18919	0.011039	1.379137	52.249609	0.046155150988330416	
H4_1.651_1.100_0.10_0.00_0.0350_0.250	H4	2475.184917	1217.601526	2699.698459	1.168038	1.500004	1094.993733	3304.7644662450366	456.715905	282.5492	3556.468	0.186928	0.061215	0.847184	53.412025	0.045038689937570466	
H4_1.651_1.100_0.10_0.10_0.0350_0.167	H4	2523.331026	1256.641817	2770.927501	1.168038	1.500004	1094.993733	3415.1827512520445	456.746291	282.5492	3556.468	0.19267	0.06784	0.840619	50.909875	0.04731098148885756	
H4_1.651_1.100_0.10_0.10_0.0350_0.250	H4	2484.206465	1217.909079	2719.996944	1.168038	1.500004	1094.993733	3328.016543313822	456.715905	282.5492	3556.468	0.188827	0.061137	0.827482	52.052589	0.04643752938882483	
MPA1_1.350_1.350_0.00_0.00_0.038_0.237_shells	MPA1	2807.207304	2153.71474	4024.851666	1.175215	1.0	608.5892	4953.96876476531	521.740031	608.5892	608.5892	0.24615	0.049993	0.653711	4.949527	0.004295816252838085	
MPA1_1.350_1.350_0.00_0.00_0.038_0.246	MPA1	2687.227725	2088.325402	3141.525865	1.17522	1.0	608.5892	4890.791359103501	516.959952	608.5892	608.5892	0.245991	0.048133	0.678536	14.913224	0.014234688765785037	
MS1_1.350_1.350_0.00_0.00_0.038_0.286_shells	MS1	1925.661257	1459.065815	2503.965603	1.175223	1.0	1734.634	3732.611086004641	521.659501	1734.634	1734.634	0.211617	0.032978	0.799437	8.24208	1.1259672484392942e-05	
MS1_1.350_1.350_0.00_0.00_0.038_0.300	MS1	2012.978927	1546.235461	2412.083682	1.175228	1.0	1734.634	3722.0869037997263	522.01811	1734.634	1734.634	0.211383	0.019208	0.862946	25.315054	5.9105892306513886e-06	
MS1b_1.350_1.350_-0.10_-0.10_0.0357_0.097	MS1b	2064.768003	1436.89791	2465.787771	1.175265	1.0	1531.533	3851.3983092856665	478.96597	1531.533	1531.533	0.212222	0.024703	0.833235	19.005805	0.010193756822536783	
MS1b_1.350_1.350_-0.10_-0.10_0.0357_0.146	MS1b	2108.18089	1995.78098	2444.015436	1.175265	1.0	1531.533	3691.7486948052883	484.29799	1531.533	1531.533	0.209422	0.039955	0.974656	52.092486	0.019857166324389185	
MS1b_1.350_1.350_-0.10_-0.10_0.0357_0.194	MS1b	2056.843014	1443.441698	2431.662986	1.175265	1.0	1531.533	3616.053425487584	486.332597	1531.533	1531.533	0.207674	0.039237	0.913501	25.757688	0.015583032083045545	
MS1b_1.350_1.350_-0.10_-0.10_0.0357_0.291	MS1b	2093.876514	1436.942115	2469.127875	1.175265	1.0	1531.533	3548.145469388876	484.142721	1531.533	1531.533	0.204798	0.011523	0.888657	28.316638	0.0248537223344493	
MS1b_1.350_1.350_0.00_0.00_0.035_0.194	MS1b	2079.247833	1498.209495	2525.588136	1.175241	1.0	1531.533	3800.0149670450537	464.708217	1531.533	1531.533	0.219489	0.006905	0.798836	8.913336	0.00811450019003176	
MS1b_1.350_1.350_0.00_0.00_0.036_0.097	MS1b	2057.52152	1588.170504	2437.657053	1.175265	1.0	1531.533	4030.458044117047	484.192154	1531.533	1531.533	0.220943	0.005775	0.817947	18.270006	0.008141255457282516	
MS1b_1.350_1.350_0.00_0.00_0.036_0.146	MS1b	2081.838482	1573.754005	2474.863099	1.175265	1.0	1531.533	3854.9914595583796	475.304834	1531.533	1531.533	0.218816	0.019051	0.814125	20.020584	1.1466543107472096e-05	
MS1b_1.350_1.350_0.00_0.00_0.036_0.194	MS1b	2116.673017	1484.770633	2474.617721	1.175265	1.0	1531.533	3997.211709847499	480.782872	1531.533	1531.533	0.218668	0.020578	0.817947	30.707402	7.644362071642101e-06	
MS1b_1.350_1.350_0.00_0.00_0.036_0.291	MS1b	1985.919631	1520.990914	2235.578098	1.175265	1.0	1531.533	3820.6529626890506	487.968824	1531.533	1531.533	0.210862	0.037719	0.905857	51.037574	1.1466543107463097e-05	
MS1b_1.350_1.350_0.00_0.00_0.038_0.116_bnsho	MS1b	2045.388766	1588.547761	2530.460447	1.17526	1.0	1531.533	3956.18775616823	528.752929	1531.533	1531.533	0.221512	0.009812	0.830177	20.990635	0.010196052101354689	
MS1b_1.350_1.350_0.00_0.00_0.038_0.146	MS1b	2074.375366	1582.262685	2595.260334	1.17526	1.0	1531.533	4067.520484999366	527.491938	1531.533	1531.533	0.220448	0.009966	0.808391	15.4225	0.009431231705890332	
MS1b_1.350_1.350_0.00_0.00_0.038_0.146_bigbox	MS1b	2194.302171	1512.013466	2634.795743	1.17526	1.0	1531.533	4046.7790894127857	523.965063	1531.533	1531.533	0.220019	0.007719	0.819858	34.818158	0.008032313446779541	
MS1b_1.350_1.350_0.00_0.00_0.038_0.146_bnsho	MS1b	2075.490973	1620.34234	2582.312265	1.17526	1.0	1531.533	3846.2961650017205	522.999952	1531.533	1531.533	0.21949	0.002376	0.848524	31.495747	0.014224246724810886	
MS1b_1.350_1.350_0.00_0.00_0.038_0.194_bnsho	MS1b	2026.828592	1539.39901	2367.480255	1.17526	1.0	1531.533	3908.1584518828436	519.396178	1531.533	1531.533	0.218317	0.006193	0.859991	51.847866	0.009899448882778501	
MS1b_1.350_1.350_0.00_0.00_0.038_0.285_shells	MS1b	2013.007069	1560.835578	2506.486957	1.175251	1.0	1531.533	3896.3191507380884	527.681465	1531.533	1531.533	0.21634	0.017251	0.786108	14.812528	1.1230119538238126e-05	
MS1b_1.350_1.350_0.00_0.00_0.038_0.291	MS1b	2046.641628	1458.318215	2492.555763	1.17526	1.0	1531.533	3878.421255402819	525.773481	1531.533	1531.533	0.215665	0.020224	0.762525	20.387494	5.7332715537314945e-06	
MS1b_1.350_1.350_0.00_0.00_0.038_0.291_bigbox	MS1b	2061.130759	1526.992637	2590.98626	1.17526	1.0	1531.533	3865.9130855561975	518.197252	1531.533	1531.533	0.216233	0.020694	0.779725	11.581209	5.73327155373594e-06	
MS1b_1.350_1.350_0.00_0.00_0.038_0.291_bnsho	MS1b	2108.068229	1565.782764	2430.488624	1.17526	1.0	1531.533	4156.434799266308	526.805416	1531.533	1531.533	0.218489	0.018089	0.756792	56.478468	5.7332715537314945e-06	
MS1b_1.350_1.350_0.10_0.10_0.0357_0.097	MS1b	2095.08618	1625.196965	2543.402852	1.175265	1.0	1531.533	3946.8397490462876	485.382224	1531.533	1531.533	0.22908	0.038129	0.91159	10.413532	1.9110905179149434e-06	
MS1b_1.350_1.350_0.10_0.10_0.0357_0.146	MS1b	2145.817877	1589.410409	2492.38407	1.175265	1.0	1531.533	4284.647579506847	477.265035	1531.533	1531.533	0.229665	0.041119	0.90299	35.038869	2.8666357768590252e-06	
MS1b_1.350_1.350_0.10_0.10_0.0357_0.194	MS1b	2039.900935	1593.019694	2544.487062	1.175265	1.0	1531.533	4049.247764494241	476.065321	1531.533	1531.533	0.22631	0.041088	0.957456	21.430989	0.013163611189334436	
MS1b_1.350_1.350_0.10_0.10_0.0357_0.291	MS1b	2028.424394	1598.954495	2603.773569	1.175265	1.0	1531.533	3822.0520941120817	485.175199	1531.533	1531.533	0.218076	0.038406	0.96319	24.590021	0.021041096751217042	
MS1b_1.350_1.350_0.10_0.10_0.036_0.291	MS1b	2052.270367	1530.808345	2576.250718	1.175264	1.0	1531.533	3989.9123153910614	498.629171	1531.533	1531.533	0.221361	0.029386	0.951723	23.248406	5.733271553736048e-06	
MS1b_1.351_1.351_0.15_0.15_0.0357_0.097	MS1b	2094.049569	1636.222052	2531.030987	1.175265	1.0	1525.168	4151.271261281374	486.736728	1525.168	1525.168	0.233883	0.046485	1.030078	9.467542	0.0060371349460805615	
MS1b_1.351_1.351_0.15_0.15_0.0357_0.146	MS1b	2017.832148	1629.075496	2310.808176	1.175265	1.0	1525.168	4127.838234114125	478.098243	1525.168	1525.168	0.232725	0.03963	1.011922	46.65164	2.866635776868024e-06	
MS1b_1.351_1.351_0.15_0.15_0.0357_0.194	MS1b	2043.888342	1593.823757	2495.812698	1.175265	1.0	1525.168	4025.262193699791	490.979547	1525.168	1525.168	0.229893	0.039847	1.035811	8.538752	0.005186699665610199	
MS1b_1.351_1.351_0.15_0.15_0.0357_0.291	MS1b	1990.816744	1635.692009	2383.010531	1.175265	1.0	1525.168	3809.5956241571735	492.488843	1525.168	1525.168	0.222756	0.029612	1.301453	24.784923	0.02105830641686029	
MS1b_1.375_1.375_0.00_0.00_0.0347_0.125	MS1b	2121.916384	1611.635274	2354.859659	1.197	1.0	1388.643	4271.4479220170015	456.761572	1388.643	1388.643	0.223907	0.003911	0.837333	53.776511	0.012825978630515471	
MS1b_1.375_1.375_0.00_0.00_0.0347_0.166	MS1b	2113.024512	1558.391398	2450.128903	1.197	1.0	1388.643	4067.3589225194496	451.339535	1388.643	1388.643	0.222569	0.007908	0.827482	33.073012	0.009759037910113332	
MS1b_1.375_1.375_0.00_0.00_0.0347_0.250	MS1b	2055.770344	1551.778435	2348.623383	1.197	1.0	1388.643	4036.965782151333	456.676769	1388.643	1388.643	0.221186	0.011408	0.768377	32.961386	0.009358432948532796	
MS1b_1.375_1.375_0.11_-0.11_0.0348_0.167	MS1b	2091.585461	1545.597499	2397.83134	1.197	1.0	1388.643	3964.4209819081884	460.60037	1388.643	1388.643	0.218307	0.008426	0.866886	31.037159	0.026466303468757144	
MS1b_1.375_1.375_0.11_-0.11_0.0348_0.250	MS1b	2187.374034	1539.522055	2558.705435	1.197	1.0	1388.643	3772.1325083182965	456.911685	1388.643	1388.643	0.214069	0.02059	0.945694	33.966186	1.9701964102174403e-05	
MS1b_1.375_1.375_0.11_0.00_0.0348_0.167	MS1b	2111.670555	1627.316115	2543.680821	1.197	1.0	1388.643	4010.5923172766534	460.027382	1388.643	1388.643	0.2267	0.027628	0.880023	29.303406	1.3136284565122081e-05	
MS1b_1.375_1.375_0.11_0.00_0.0348_0.250	MS1b	2085.493977	1535.966577	2643.967477	1.197	1.0	1388.643	3899.4857761083867	455.856462	1388.643	1388.643	0.219966	0.031721	0.925992	31.89748	1.9701964102174295e-05	
MS1b_1.375_1.375_0.11_0.11_0.0348_0.167	MS1b	2094.115975	1541.896718	2569.827863	1.197	1.0	1388.643	4135.063309737492	459.863933	1388.643	1388.643	0.232276	0.042162	0.90629	27.924249	1.3131359074104536e-05	
MS1b_1.375_1.375_0.11_0.11_0.0348_0.250	MS1b	2081.054358	1604.017616	2481.422087	1.197	1.0	1388.643	3881.099961851405	451.167652	1388.643	1388.643	0.223201	0.037319	1.024502	28.548146	1.9701964102174403e-05	
MS1b_1.400_1.100_0.00_0.00_0.038_0.294	MS1b	2081.690441	1290.611902	2506.709776	1.078754	1.272716	3520.268837	3181.2680189711755	555.057165	1260.438	4391.144	0.187922	0.008718	0.94995	29.691746	0.02874179658921084	
MS1b_1.500_1.00_0.00_0.00_0.042_0.194_camr	MS1b	1893.959802	1117.155993	2738.834048	1.061856	1.499951	6255.28914	2969.2088173306474	648.671222	863.7767	7022.366	0.175502	0.028554	0.905857	9.096791	0.0068187709679061155	
MS1b_1.500_1.00_0.00_0.00_0.042_0.194_nocamr	MS1b	1857.471976	1201.310584	2477.70308	1.061856	1.499951	6255.28914	2965.5109744589035	637.824555	863.7767	7022.366	0.174877	0.027038	0.886746	22.099851	0.010560686201975674	
MS1b_1.500_1.00_0.00_0.00_0.042_0.233_camr	MS1b	1865.257308	1135.550027	2638.483886	1.061856	1.499951	6255.28914	2860.077539407572	634.572074	863.7767	7022.366	0.173833	0.021668	0.93108	11.507819	0.005962602415882031	
MS1b_1.500_1.00_0.00_0.00_0.042_0.233_nocamr	MS1b	1814.430675	1131.139425	2406.076341	1.061856	1.499951	6255.28914	2816.448228540875	626.582381	863.7767	7022.366	0.173911	0.023356	0.940257	21.506649	0.011306011503960926	
MS1b_1.500_1.00_0.00_0.00_0.042_0.291_camr	MS1b	1769.556019	1142.2207	2519.974076	1.061856	1.499951	6255.28914	2853.3516919378644	637.96812	863.7767	7022.366	0.172963	0.024475	0.92879	13.083326	0.009339499361030608	
MS1b_1.500_1.00_0.00_0.00_0.042_0.291_nocamr	MS1b	1798.201478	1142.185585	2456.626537	1.061856	1.499951	6255.28914	2822.6958510572995	643.970063	863.7767	7022.366	0.173091	0.02449	0.94599	23.838943	0.011741740142044618	
MS1b_1.500_1.500_0.00_0.00_0.039_0.167	MS1b	2221.704182	1708.261887	2446.130138	1.305815	1.0	863.7767	4542.5885964856225	487.196044	863.7767	863.7767	0.237638	0.018898	0.788079	64.254671	0.007237186505035017	
MS1b_1.500_1.500_0.00_0.00_0.039_0.167_shells	MS1b	2230.21495	1715.762151	2480.5452	1.305815	1.0	863.7767	4569.420898854192	489.281851	863.7767	863.7767	0.238602	0.027215	0.80121	53.655014	0.007263459074165271	
MS1b_1.500_1.500_0.00_0.00_0.039_0.250	MS1b	2228.22002	1657.70958	2456.116643	1.305815	1.0	863.7767	4337.068152973564	487.163632	863.7767	863.7767	0.233029	0.014844	0.886588	64.720952	0.01262895898949373	
MS1b_1.500_1.500_0.00_0.00_0.039_0.250_shells	MS1b	2217.242164	1624.788131	2506.6473	1.305815	1.0	863.7767	4492.278029385398	493.536774	863.7767	863.7767	0.236673	0.02534	0.827482	43.167003	0.012668362917698078	
MS1b_1.527_1.222_0.00_0.00_0.0346_0.125	MS1b	2011.285503	1364.408354	2398.20058	1.188117	1.249995	1420.422824	3700.2371893176264	466.316779	781.9535	2578.471	0.210411	0.020442	0.886588	46.723208	0.008629460276752345	
MS1b_1.527_1.222_0.00_0.00_0.0346_0.250	MS1b	2161.152285	1991.87111	3227.005691	1.188117	1.249995	1420.422824	3653.329128900688	455.85954	781.9535	2578.471	0.206832	0.020097	0.886588	41.452932	0.03786717500437902	
MS1b_1.600_1.600_0.00_0.00_0.043_0.167	MS1b	2312.130721	1623.781765	2537.479396	1.392871	1.0	600.0565	4970.936059980713	517.645797	600.0565	600.0565	0.25058	0.036717	0.774942	69.823761	0.013410471874043654	
MS1b_1.600_1.600_0.00_0.00_0.043_0.250	MS1b	2329.302373	1675.24009	2557.609067	1.392871	1.0	600.0565	4723.903744026828	507.462116	600.0565	600.0565	0.245571	0.022982	0.847184	70.079886	0.014106606297156803	
MS1b_1.650_1.100_0.00_0.00_0.0346_0.125	MS1b	1963.192704	1231.794499	2220.724245	1.16804	1.499998	1484.10353	3319.366486321567	459.092032	502.2459	4391.144	0.190261	0.028029	0.807781	50.614346	0.00924022116391975	
MS1b_1.650_1.100_0.00_0.00_0.0346_0.167	MS1b	1931.83661	1274.269869	2214.507831	1.16804	1.499998	1484.10353	3535.091218242363	457.747429	502.2459	4391.144	0.189896	0.027393	0.866886	38.287482	0.011190730386508085	
MS1b_1.650_1.100_0.00_0.00_0.0346_0.250	MS1b	1980.882973	1183.188241	2257.716338	1.16804	1.499998	1484.10353	3256.0242868570326	458.787277	502.2459	4391.144	0.186254	0.022064	0.886588	41.433231	0.00864916224085452	
MS1b_1.700_1.700_0.00_0.00_0.042_0.167	MS1b	2445.207418	1674.326304	2669.428325	1.479931	1.0	421.4415	5454.024134835298	466.896209	421.4415	421.4415	0.264365	0.044401	0.709271	65.279173	0.011387735251056744	
MS1b_1.700_1.700_0.00_0.00_0.042_0.250	MS1b	2431.307384	1611.474143	2659.10149	1.479931	1.0	421.4415	5340.8819058153	466.865147	421.4415	421.4415	0.258555	0.01262	0.768377	65.489329	0.009594856517758887	
SLy_1.350_1.350_0.00_0.00_0.0379_0.059	SLy	3415.636511	2481.704365	4385.238056	1.175233	1.0	390.1104	5639.161851475739	507.764407	390.1104	390.1104	0.26846	0.022331	0.532446	4.745711	0.0019908834725247083	
SLy_1.350_1.350_0.00_0.00_0.0379_0.118	SLy	3372.722802	2398.017613	4371.271289	1.175233	1.0	390.1104	5541.733192750602	502.696198	390.1104	390.1104	0.266146	0.030267	0.555595	7.750556	0.004889239411595577	
SLy_1.350_1.350_0.00_0.00_0.0379_0.157	SLy	3404.998026	2409.59825	4352.816168	1.175233	1.0	390.1104	5526.145641339683	516.772696	390.1104	390.1104	0.263789	0.263789	0.0	12.840425	0.009766130617190115	
SLy_1.350_1.350_0.00_0.00_0.0379_0.228_hoold	SLy	3369.808656	2483.066109	4326.901626	1.17524	1.0	390.1104	4936.71711950886	532.185762	390.1104	390.1104	0.255021	0.037603	0.709744	9.568062	0.008858318291763208	
SLy_1.350_1.350_0.00_0.00_0.0379_0.235	SLy	3380.867398	2414.939015	4300.99033	1.175233	1.0	390.1104	4834.053835288527	514.248844	390.1104	390.1104	0.25162	0.029874	0.740794	7.648697	0.004537362332730742	
SLy_1.350_1.350_0.00_0.00_0.038_0.114	SLy	3458.176047	2546.785315	4445.200038	1.17524	1.0	390.1104	5528.582003988815	513.66756	390.1104	390.1104	0.267383	0.033844	0.5368	13.478389	0.012941589755867025	
SLy_1.350_1.350_0.00_0.00_0.038_0.114_hoold	SLy	3417.974025	2478.176738	4381.062447	1.17524	1.0	390.1104	5550.758074753558	530.339138	390.1104	390.1104	0.267356	0.018269	0.543538	6.780746	0.006237208391538136	
SLy_1.350_1.350_0.00_0.00_0.038_0.152	SLy	3472.731643	2452.861052	4434.574062	1.17524	1.0	390.1104	5523.399078544489	524.086025	390.1104	390.1104	0.266195	0.025644	0.568993	12.547787	0.01087075571301569	
SLy_1.350_1.350_0.00_0.00_0.038_0.152_hoold	SLy	3394.600283	2439.658892	4387.983002	1.17524	1.0	390.1104	5495.006082272972	519.903199	390.1104	390.1104	0.266059	0.266059	0.0	12.038688	0.011466700723178269	
SLy_1.350_1.350_0.00_0.00_0.038_0.223_shells	SLy	3337.604137	2276.29875	4350.064543	1.175241	1.0	390.1104	5509.692114832693	526.054317	390.1104	390.1104	0.261638	0.03889	0.552965	12.62165	0.012068684385338148	
SLy_1.350_1.350_0.00_0.00_0.038_0.228_R01s	SLy	3356.041657	2322.819929	4392.244508	1.175233	1.0	390.1104	5383.931853537027	520.819507	390.1104	390.1104	0.259921	0.027104	0.59295	20.447782	0.01742016142771689	
SLy_1.350_1.350_0.00_0.00_0.050_0.149_shellsHO	SLy	3465.510868	2499.413261	4435.523324	1.175241	1.0	390.1104	5489.244762937279	732.076665	390.1104	390.1104	0.268348	0.029984	0.548577	5.8193	0.005270723617014951	
SLy_1.350_1.350_0.00_0.00_0.050_0.223_shells	SLy	3474.429562	2451.222069	4365.992477	1.175241	1.0	390.1104	5675.251685996598	716.804735	390.1104	390.1104	0.267207	0.03911	0.555162	13.089039	0.009012013313724263	
SLy_1.350_1.350_0.00_0.00_0.050_0.223_shellsHO	SLy	3435.796461	2501.808165	4399.536804	1.175241	1.0	390.1104	5609.518361288179	708.399994	390.1104	390.1104	0.267911	0.04653	0.533214	10.023591	0.009490377002125057	
SLy_1.350_1.350_0.00_0.00_0.060_0.114_HOLLFMP5	SLy	3364.078694	2373.0356	5413.145724	1.175242	1.0	390.1104	5417.0909440005735	879.63618	390.1104	390.1104	0.26889	0.031572	0.57049	5.725115	0.005154624868051863	
SLy_1.350_1.350_0.00_0.00_0.060_0.114_HOLLFWENOZ	SLy	3512.393419	2495.378161	5210.152759	1.175242	1.0	390.1104	5499.801257733669	879.63618	390.1104	390.1104	0.269613	0.02211	0.552522	3.512781	0.002960259510279893	
SLy_1.350_1.350_0.00_0.00_0.060_0.114_HOWENOZ	SLy	3506.124482	2470.358241	5390.051425	1.175242	1.0	390.1104	5504.240995483903	909.165301	390.1104	390.1104	0.269154	0.019999	0.554768	4.085517	0.003530749582822455	
SLy_1.350_1.350_0.00_0.00_0.060_0.114_LLFWENOZ	SLy	3488.859587	2521.064058	5275.251609	1.175242	1.0	390.1104	5463.624179406812	857.228386	390.1104	390.1104	0.269357	0.025465	0.552522	3.867653	0.0033151312876882576	
SLy_1.350_1.350_0.00_0.00_0.060_0.152_HOLLFMP5	SLy	3400.297489	2383.488272	5209.097218	1.175242	1.0	390.1104	5507.07803324875	879.457972	390.1104	390.1104	0.268555	0.021266	0.554019	3.521765	0.002967746256638719	
SLy_1.350_1.350_0.00_0.00_0.060_0.152_HOLLFWENOZ	SLy	3509.631813	2494.872615	5209.097218	1.175242	1.0	390.1104	5511.42406502483	879.457972	390.1104	390.1104	0.268328	0.027906	0.563003	3.581659	0.003018656131878738	
SLy_1.350_1.350_0.00_0.00_0.060_0.152_HOWENOZ	SLy	3396.596975	2461.777862	5199.274844	1.175242	1.0	390.1104	5510.739039868071	909.873098	390.1104	390.1104	0.267862	0.025949	0.568993	3.641553	0.003072560705662287	
SLy_1.350_1.350_0.00_0.00_0.060_0.152_LLFWENOZ	SLy	3437.268615	2486.044261	5285.118986	1.175242	1.0	390.1104	5544.760874264031	900.872554	390.1104	390.1104	0.26877	0.044626	0.554019	4.86938	0.004315360601227441	
SLy_1.350_1.350_0.00_0.00_0.060_0.228_HOLLFMP5	SLy	3446.018701	2510.756782	4410.984217	1.175242	1.0	390.1104	5447.787821709976	874.249124	390.1104	390.1104	0.266564	0.016463	0.574982	14.028665	0.013453683206810747	
SLy_1.350_1.350_0.00_0.00_0.060_0.228_HOLLFWENOZ	SLy	3435.122619	2466.539625	5139.364204	1.175242	1.0	390.1104	5440.055439705502	879.101772	390.1104	390.1104	0.266507	0.010601	0.579474	3.764336	0.0031848619010446796	
SLy_1.350_1.350_0.00_0.00_0.060_0.228_HOWENOZ	SLy	3345.114729	2407.168695	4312.338105	1.175242	1.0	390.1104	5438.139308410403	883.675841	390.1104	390.1104	0.264892	0.01586	0.588458	16.723894	0.016135435752542303	
SLy_1.350_1.350_0.00_0.00_0.060_0.228_LLFWENOZ	SLy	3421.726638	2481.203319	4373.641819	1.175242	1.0	390.1104	5481.732106109211	880.2298	390.1104	390.1104	0.266303	0.01899	0.579474	25.124023	0.011176214964455807	
SLy_1.350_1.350_0.05_0.05_0.0379_0.078	SLy	3462.979197	2422.086372	4458.605822	1.175233	1.0	390.1104	5804.621253860716	500.455756	390.1104	390.1104	0.274133	0.024006	0.549419	4.808983	0.0020371830881648206	
SLy_1.350_1.350_0.05_0.05_0.0379_0.118	SLy	3379.490185	2324.929658	3788.257069	1.175233	1.0	390.1104	5841.169925875466	520.660924	390.1104	390.1104	0.273119	0.021542	0.564855	16.936399	0.013917664461416956	
SLy_1.350_1.350_0.05_0.05_0.0379_0.157	SLy	3383.192247	2402.284164	3724.931979	1.175233	1.0	390.1104	5591.762640973434	507.94527	390.1104	390.1104	0.266845	0.003058	0.580292	26.779683	0.020026125443038403	
SLy_1.350_1.350_0.05_0.05_0.0379_0.235	SLy	3363.784444	2334.522453	4119.595642	1.175233	1.0	390.1104	5005.365031819697	525.458628	390.1104	390.1104	0.254289	0.026987	0.740794	11.723063	0.008556168970292261	
SLy_1.351_1.351_-0.11_-0.11_0.038_0.228	SLy	3284.92627	2377.542333	4236.329026	1.175233	1.0	388.2387	5107.537166113818	520.860126	388.2387	388.2387	0.250499	0.035112	0.601934	22.671355	0.0034543847699624276	
SLy_1.351_1.351_0.00_0.00_0.052_0.183_camr	SLy	3456.494465	2464.151443	4382.848346	1.176012	1.0	388.2387	5547.617299488271	716.692182	388.2387	388.2387	0.266145	0.02869	0.5642	18.863005	0.00916737315165196	
SLy_1.351_1.351_0.00_0.00_0.052_0.183_nocamr	SLy	3436.953397	2469.220537	4409.77691	1.176012	1.0	388.2387	5543.3326615723345	730.763031	388.2387	388.2387	0.266336	0.030355	0.571391	22.316494	0.012380083778955064	
SLy_1.351_1.351_0.11_0.11_0.0379_0.078	SLy	3408.920193	2318.904205	4479.022427	1.175233	1.0	388.2387	5861.1228963627045	518.805687	388.2387	388.2387	0.277979	0.012828	0.549424	17.92104	0.014896113253641177	
SLy_1.351_1.351_0.11_0.11_0.0379_0.118	SLy	3365.907869	2362.387854	3772.495333	1.175233	1.0	388.2387	5865.165190479189	512.766356	388.2387	388.2387	0.27685	0.012644	0.564855	15.102935	0.012232358452116964	
SLy_1.351_1.351_0.11_0.11_0.0379_0.157	SLy	3390.448575	2263.885561	4438.307593	1.175233	1.0	388.2387	5803.984697591171	512.8711	388.2387	388.2387	0.27433	0.009383	0.604983	11.753946	0.0087907504058748	
SLy_1.351_1.351_0.11_0.11_0.0379_0.235	SLy	3378.881947	2352.066252	3730.587131	1.175233	1.0	388.2387	5206.019212519952	509.39744	388.2387	388.2387	0.258248	0.027718	0.703754	29.983631	0.015149234237443864	
SLy_1.351_1.351_0.11_0.11_0.038_0.228	SLy	3386.803325	2207.825082	3780.788774	1.175233	1.0	388.2387	5593.207009801715	520.292033	388.2387	388.2387	0.268548	0.038714	0.633379	19.014838	0.01595575383993048	
SLy_1.351_1.351_0.16_0.16_0.038_0.228	SLy	3439.482956	2244.073265	3827.701128	1.175233	1.0	388.2387	5683.316886611022	521.959245	388.2387	388.2387	0.272115	0.020404	0.651347	18.489279	0.015434686144338215	
SLy_1.354_1.106_0.00_0.00_0.030_0.123	SLy	2789.50306	1776.956002	3014.878091	1.064582	1.224055	722.543268	4331.455471144857	436.497501	382.681	1312.105	0.230114	0.030248	0.6082	33.590962	0.014012726438209945	
SLy_1.354_1.106_0.00_0.00_0.030_0.163	SLy	2794.024562	1761.438824	3033.010046	1.064582	1.224055	722.543268	4325.477658114723	437.754027	382.681	1312.105	0.226459	0.026096	0.627508	31.298146	0.017364276806541075	
SLy_1.354_1.106_0.00_0.00_0.030_0.245	SLy	2717.866058	1674.276035	2964.049949	1.064582	1.224055	722.543268	4053.4936274913925	436.486808	382.681	1312.105	0.217549	0.007738	0.714393	35.106634	0.012752884343696405	
SLy_1.354_1.107_0.08_0.09_0.030_0.123	SLy	2940.641729	1845.245251	3167.144661	1.064582	1.224055	720.109762	4472.438152650017	436.497501	382.681	1305.247	0.23385	0.017323	0.605786	31.532255	0.004752162996354704	
SLy_1.354_1.107_0.08_0.09_0.030_0.163	SLy	2875.456131	1789.671638	3107.637801	1.064582	1.224055	720.109762	4386.218701127399	431.908983	382.681	1305.247	0.230056	0.017987	0.630709	28.421265	0.005010406490823947	
SLy_1.354_1.107_0.08_0.09_0.030_0.245	SLy	2812.504847	1725.645518	3045.256797	1.064582	1.224055	720.109762	4227.784036807932	436.486808	382.681	1305.247	0.219212	0.009815	0.704739	33.24342	0.018004639894771995	
SLy_1.355_1.107_-0.08_-0.09_0.030_0.123	SLy	2794.732416	1735.838901	3025.029195	1.064582	1.224055	718.878648	4262.290558802797	436.497501	380.8475	1305.247	0.224388	0.027398	0.600959	37.510471	0.03135365641728993	
SLy_1.355_1.107_-0.08_-0.09_0.030_0.245	SLy	2709.048143	1684.631959	2964.049949	1.064582	1.224055	718.878648	3957.5384188632015	436.486808	380.8475	1305.247	0.214456	0.214456	0.0	39.040624	0.017628135360779444	
SLy_1.355_1.107_0.13:-0.08_0.16:-0.09_0.030_0.123	SLy	2854.511144	1674.317054	3085.935824	1.064582	1.224055	718.878648	4047.118370668356	436.497501	380.8475	1305.247	0.218453	0.02695	0.644402	37.273949	0.0036781596782349225	
SLy_1.355_1.107_0.13:-0.08_0.16:-0.09_0.030_0.245	SLy	2710.970789	1585.79005	2938.348496	1.064582	1.224055	718.878648	3877.548817820287	437.193721	380.8475	1305.247	0.212116	0.004156	0.728874	38.572407	0.013911359832904258	
SLy_1.355_1.107_0.13:0.08_0.16:0.09_0.030_0.123	SLy	2937.873246	1766.292215	3167.144661	1.064582	1.224055	718.878648	4339.81794693241	436.497501	380.8475	1305.247	0.229491	0.229491	0.0	32.1308	0.019361021613386185	
SLy_1.355_1.107_0.13:0.08_0.16:0.09_0.030_0.245	SLy	2808.91616	1661.971967	3035.105941	1.064582	1.224055	718.878648	4056.886440206249	436.486808	380.8475	1305.247	0.218197	0.218197	0.0	33.61027	0.014944333810781254	
SLy_1.400_1.100_0.00_0.00_0.038_0.231	SLy	2789.78493	1743.096096	3252.275345	1.078751	1.272014	1057.888805	4311.134138133383	568.168584	307.174	1353.878	0.225094	0.02295	0.618957	17.876951	0.016743674788304626	
SLy_1.400_1.200_0.00_0.00_0.038_0.228	SLy	3059.538349	1954.863404	3728.736017	1.127695	1.166657	629.565988	4877.113476660372	544.193905	307.174	812.4099	0.244294	0.039336	0.597442	14.428467	0.013831025074277636	
SLy_1.450_1.250_0.00_0.00_0.052_0.182_camr	SLy	3351.596403	2159.726217	3980.559225	1.171395	1.159165	489.701695	5305.603115175986	739.246713	242.1834	633.9245	0.25937	0.03912	0.5642	18.503646	0.014489553373410763	
SLy_1.450_1.250_0.00_0.00_0.052_0.182_nocamr	SLy	3349.258338	2236.225402	3995.23511	1.171395	1.159165	489.701695	5304.89224007337	754.345091	242.1834	633.9245	0.25889	0.04151	0.553418	19.139714	0.01379957088858852	
SLy_1.450_1.250_0.00_0.00_0.052_0.188_camr	SLy	3346.180141	2240.28607	4001.632477	1.171395	1.159165	489.701695	5282.5061381006535	748.506794	242.1834	633.9245	0.258786	0.035395	0.566707	18.086482	0.01598262731896584	
SLy_1.450_1.250_0.00_0.00_0.052_0.188_nocamr	SLy	3336.98215	2235.600399	3943.65724	1.171395	1.159165	489.701695	5274.040262370517	746.097316	242.1834	633.9245	0.258655	0.035359	0.563003	20.886683	0.010460009165413562	
SLy_1.450_1.250_0.00_0.00_0.052_0.230_camr	SLy	3301.831157	2162.493278	3938.672598	1.171395	1.159165	489.701695	5269.054443161237	742.06875	242.1834	633.9245	0.257518	0.039076	0.566431	18.461134	0.017894702935081858	
SLy_1.450_1.250_0.00_0.00_0.052_0.230_nocamr	SLy	3307.283862	2162.540868	3930.824868	1.171395	1.159165	489.701695	5229.293908370939	747.410362	242.1834	633.9245	0.257251	0.035761	0.570963	19.553214	0.017894702935081858	
SLy_1.650_1.098_0.00_0.00_0.0363_0.116	SLy	3495.571	1644.944432	3725.348503	1.166865	1.502898	406.63624	4482.648903545219	487.239041	93.12926	1367.852	0.228577	0.044971	0.582548	55.059877	0.004833325237473607	
SLy_1.650_1.098_0.00_0.00_0.0363_0.154	SLy	3505.353168	1644.392027	3794.750832	1.166865	1.502898	406.63624	4496.824398560179	480.668439	93.12926	1367.852	0.226165	0.036211	0.618957	35.753854	0.011396098734818122	
BHBlp_1.250_1.250_0.00_0.00_0.050_0.125	BHBlp	2366.3829	1805.801671	3583.450533	1.079691	1.0	1295.299914	4095.1635068917067	765.694558	1295.299914	1295.299914	0.228484	0.228484	0.0	21.940107	0.011040980682858482	
BHBlp_1.300_1.300_0.00_0.00_0.053_0.125	BHBlp	2462.648843	1920.794292	3581.708293	1.12545	1.0	1045.673961	4175.786730341946	792.897256	1045.673961	1045.673961	0.236394	0.026275	0.768377	26.928645	0.013925348227416798	
BHBlp_1.350_1.350_0.00_0.00_0.055_0.083	BHBlp	2710.655485	1897.060994	3479.160795	1.166742	1.0	848.044958	4535.578900790403	820.556791	848.044958	848.044958	0.242243	0.017408	0.661986	21.215075	0.019938387671400402	
BHBlp_1.350_1.350_0.00_0.00_0.055_0.125	BHBlp	2604.438956	1987.347918	3635.656446	1.166742	1.0	848.044958	4453.656989556648	811.530457	848.044958	848.044958	0.241059	0.020344	0.69745	21.585472	0.020332426953443884	
BHBlp_1.365_1.250_0.00_0.00_0.053_0.125	BHBlp	2606.754133	1692.289259	3334.220403	1.128237	1.09324	1016.667954	4125.832077780395	793.862001	797.134059	1295.299914	0.235343	0.023334	0.732913	21.881001	0.02072252584266693	
BHBlp_1.400_1.200_0.00_0.00_0.053_0.125	BHBlp	2469.347826	1738.478578	3343.505481	1.12017	1.164836	1058.366994	4034.5287682401718	811.530457	690.630096	1612.24803	0.228847	0.023498	0.709271	21.644578	0.02022603634729214	
BHBlp_1.400_1.400_0.00_0.00_0.058_0.083	BHBlp	2857.360722	2027.249404	3926.899658	1.209682	1.0	690.630096	4623.894539892425	851.616793	690.630096	690.630096	0.24917	0.028679	0.709271	12.892965	0.009977074621341068	
BHBlp_1.400_1.400_0.00_0.00_0.058_0.125	BHBlp	2852.317566	1762.794156	3863.345054	1.209682	1.0	690.630096	4567.440574004346	843.719035	690.630096	690.630096	0.248206	0.031682	0.709271	14.291805	0.011572933713617188	
BHBlp_1.440_1.390_0.00_0.00_0.059_0.125	BHBlp	2784.747939	1751.578047	3810.128967	1.221995	1.035521	650.241541	4775.21740648265	861.814885	587.391392	719.310854	0.250025	0.021103	0.661986	13.665282	0.010107107584415418	
BHBlp_1.500_1.500_0.00_0.00_0.064_0.125	BHBlp	2480.272693	1612.409921	4088.610872	1.297665	1.0	462.552233	5026.855811161458	921.377098	462.552233	462.552233	0.26469	0.024249	0.661986	10.000717	0.002068706230728302	
DD2_1.200_1.200_0.00_0.00_0.047_0.125	DD2	2264.764948	1756.204017	3052.214132	1.038497	1.0	1612.24803	3796.684176534055	784.055006	1612.24803	1612.24803	0.221146	0.010214	0.768377	24.658978	1.1821178461304946e-05	
DD2_1.250_1.250_0.00_0.00_0.050_0.125	DD2	2348.306495	1799.531504	2926.643543	1.079706	1.0	1295.299914	4104.673122330189	789.72921	1295.299914	1295.299914	0.229443	0.01003	0.744734	32.378208	0.014729188362785509	
DD2_1.300_1.300_0.00_0.00_0.053_0.125	DD2	2468.751379	1914.206043	3196.863815	1.12547	1.0	1045.673961	4138.387611978926	799.215954	1045.673961	1045.673961	0.236539	0.014335	0.768377	22.921265	0.006288866941414037	
DD2_1.350_1.350_0.00_0.00_0.055_0.083	DD2	2653.160169	1887.83187	3768.71223	1.166768	1.0	848.044958	4422.775096931537	819.285267	848.044958	848.044958	0.242271	0.019704	0.693509	21.293883	0.01595071013712032	
DD2_1.350_1.350_0.00_0.00_0.055_0.125	DD2	2564.413384	1892.483912	3741.410909	1.166768	1.0	848.044958	4511.314427828609	824.378675	848.044958	848.044958	0.242536	0.023068	0.709271	22.306564	0.01396081176280071	
DD2_1.400_1.200_0.00_0.00_0.053_0.125	DD2	2483.375571	1603.846723	3621.259839	1.120191	1.164857	1058.358084	4063.864021298741	815.599063	690.630096	1612.24803	0.229814	0.025422	0.732913	21.490902	0.013842599978187667	
DD2_1.400_1.400_0.00_0.00_0.058_0.083	DD2	2574.949346	1914.377444	3772.256447	1.209716	1.0	690.630096	4602.661489380998	878.025207	690.630096	690.630096	0.249827	0.022548	0.693509	22.507524	0.009551512196734105	
DD2_1.400_1.400_0.00_0.00_0.058_0.125	DD2	2650.177315	1909.253452	3855.487645	1.209716	1.0	690.630096	4624.770045345641	874.774508	690.630096	690.630096	0.24899	0.046296	0.69745	22.625736	0.00920869802135627	
DD2_1.500_1.500_0.00_0.00_0.064_0.125	DD2	2755.534966	1777.821445	3880.135026	1.297736	1.0	462.552233	5029.6023717284825	908.860457	462.552233	462.552233	0.264828	0.036749	0.661986	21.219015	0.019942328064220832	
LS220_1.200_1.200_0.00_0.00_0.047_0.125	LS220	2520.653537	1782.295394	3614.87217	1.026711	1.0	1439.019097	3879.1466597601907	770.382594	1439.019097	1439.019097	0.218383	0.003139	0.709271	21.124446	0.019871400993453	
LS220_1.350_1.350_0.00_0.00_0.055_0.125	LS220	3003.302855	1929.851106	3760.432664	1.154653	1.0	683.76465	4778.751590485568	821.607137	683.76465	683.76465	0.245727	0.024152	0.60288	21.739147	0.01993050688575953	
LS220_1.350_1.350_0.00_0.00_0.055_0.125_L0	LS220	3003.302855	1929.851106	3760.432664	1.154653	1.0	683.76465	4778.751590485568	821.607137	683.76465	683.76465	0.245727	0.024152	0.60288	21.739147	0.01993050688575953	
LS220_1.350_1.350_0.00_0.00_0.055_0.125_L25	LS220	3022.768833	1931.183887	3824.445829	1.154653	1.0	683.76465	4721.845550711213	806.993157	683.76465	683.76465	0.245952	0.010419	0.591059	18.641998	0.016313226276600326	
LS220_1.350_1.350_0.00_0.00_0.055_0.125_L5	LS220	2946.702896	1938.918575	3631.781494	1.154653	1.0	683.76465	4618.036645655573	797.220328	683.76465	683.76465	0.2453	0.002521	0.60288	23.996992	0.021786431904184347	
LS220_1.350_1.350_0.00_0.00_0.055_0.125_L50	LS220	2878.820581	1809.83177	3821.934057	1.154653	1.0	683.76465	4700.907523330472	807.450857	683.76465	683.76465	0.245461	0.011907	0.638344	27.472419	0.011052801861319787	
LS220_1.350_1.350_0.00_0.00_0.055_0.167	LS220	2859.713365	2077.606471	3475.73057	1.154653	1.0	683.76465	4709.338304122417	802.09167	683.76465	683.76465	0.242831	0.002993	0.630463	27.645796	0.026384870325631825	
LS220_1.365_1.250_0.00_0.00_0.053_0.125	LS220	2833.57797	1723.094468	3567.557979	1.117171	1.091391	848.59001	4339.063316793684	799.132987	635.629072	1119.434731	0.233912	0.021219	0.626522	24.599872	0.00650164815371752	
LS220_1.400_1.200_0.00_0.00_0.053_0.125	LS220	2721.082001	1594.931858	3721.507668	1.108376	1.166793	893.381234	4077.4550167612533	781.829342	536.067089	1439.019097	0.224955	0.015253	0.650165	21.419975	0.00451569017221835	
LS220_1.400_1.400_0.00_0.00_0.058_0.083	LS220	3158.59245	2164.111498	4052.039742	1.197966	1.0	536.067089	4966.852950260763	839.611838	536.067089	536.067089	0.254881	0.004518	0.59894	17.968191	0.009078665058281919	
LS220_1.400_1.400_0.00_0.00_0.058_0.125	LS220	3128.476544	2172.873464	3980.891049	1.197966	1.0	536.067089	4859.037893743818	819.595216	536.067089	536.067089	0.253405	0.003205	0.60288	24.848117	0.00962243926750193	
LS220_1.400_1.400_0.00_0.00_0.058_0.167	LS220	3177.771085	2190.879766	4223.439792	1.197966	1.0	536.067089	4816.622287173139	844.687958	536.067089	536.067089	0.251719	0.014555	0.630463	12.089125	0.008227540209067989	
LS220_1.440_1.390_0.00_0.00_0.059_0.125	LS220	3143.083817	2272.02558	4193.233837	1.209282	1.03611	499.251393	4961.381834048302	820.415316	441.658866	562.792469	0.255122	0.020313	0.60288	12.719588	0.006962674113708399	
LS220_1.450_1.450_0.00_0.00_0.061_0.125	LS220	4211.580371	2413.524002	5700.544875	1.240825	1.0	420.747694	5124.586004682624	860.459604	420.747694	420.747694	0.26012	0.012921	0.626522	9.72883	0.0021041697661122157	
MS1b_1.350_1.350_0.00_0.00_0.036_0.200	MS1b	2042.557583	1610.247617	2559.446212	1.175265	1.0	1531.533	3922.340742973029	474.599298	1531.533	1531.533	0.220956	0.220956	0.0	21.888094	0.007017051534630402	
MS1b_1.350_1.350_0.00_0.00_0.036_0.250	MS1b	2051.61654	1588.657006	2537.818044	1.175265	1.0	1531.533	3860.2195205487924	490.644822	1531.533	1531.533	0.21961	0.004561	0.792019	22.519345	0.008694476758289516	
MS1b_1.350_1.350_0.00_0.00_0.038_0.100	MS1b	2147.080498	1608.763486	2549.605832	1.175265	1.0	1531.533	3939.69723441303	513.232343	1531.533	1531.533	0.221879	0.221879	0.0	30.049436	0.009646081624424542	
MS1b_1.350_1.350_0.00_0.00_0.038_0.145	MS1b	2116.968187	1572.270371	2455.673024	1.175265	1.0	1531.533	3942.198595463458	523.544503	1531.533	1531.533	0.221306	0.221306	0.0	50.11148	0.007132254292446525	
MS1b_1.350_1.350_0.00_0.00_0.038_0.200	MS1b	2087.265079	1553.867448	2558.379397	1.175265	1.0	1531.533	3859.942098044954	518.74974	1531.533	1531.533	0.221038	0.002618	0.80384	55.15289	0.008889526202901047	
MS1b_1.350_1.350_0.00_0.00_0.038_0.250	MS1b	2071.60776	1533.497712	2316.212818	1.175265	1.0	1531.533	3834.3454138573607	521.669554	1531.533	1531.533	0.219791	0.008063	0.756555	66.647804	0.018547429005786886	
SFHo_1.350_1.350_0.00_0.00_0.055_0.083	SFHo	3482.088004	2474.238187	4358.258951	1.167205	1.0	416.185826	5300.05924669256	809.941929	416.185826	416.185826	0.270285	0.0268	0.551655	15.241439	0.006698667794739263	
SFHo_1.350_1.350_0.00_0.00_0.055_0.125	SFHo	3406.428555	2460.518073	4367.363637	1.167205	1.0	416.185826	5239.913716913551	822.836627	416.185826	416.185826	0.268588	0.027931	0.567417	20.970771	0.011537470178233273	
SFHo_1.350_1.350_0.00_0.00_0.055_0.167	SFHo	3585.14015	2244.019228	5188.296235	1.167205	1.0	416.185826	5248.865316818736	840.009867	416.185826	416.185826	0.266961	0.020421	0.535893	9.677605	0.003152314256347889	
SFHo_1.365_1.250_0.00_0.00_0.053_0.125	SFHo	3206.017872	2066.705619	4325.187901	1.128717	1.091705	512.639692	4939.184901731085	814.483436	387.792086	671.355213	0.257045	0.046302	0.567417	24.57623	0.023429575710305683	
SFHo_1.400_1.200_0.00_0.00_0.053_0.125	SFHo	3070.406264	1917.003577	4214.750815	1.119042	1.167022	538.117359	4839.1635874970625	807.079943	328.900717	857.152941	0.25204	0.046638	0.555595	22.200173	0.021088982374967376	
SLy_1.350_1.350_0.00_0.00_0.038_0.100	SLy	3466.842116	2456.948422	4435.949431	1.175236	1.0	390.1104	5302.189305945262	530.797368	390.1104	390.1104	0.268772	0.022265	0.548503	17.727039	0.014549506450173687	
SLy_1.350_1.350_0.00_0.00_0.038_0.145	SLy	3426.44883	2458.602138	4378.003112	1.175236	1.0	390.1104	5353.155134636338	518.447737	390.1104	390.1104	0.268433	0.01959	0.536467	17.325119	0.015922052733894333	
SLy_1.350_1.350_0.00_0.00_0.038_0.200	SLy	3293.552856	2508.060454	4323.976382	1.175236	1.0	390.1104	5272.554851620441	525.659874	390.1104	390.1104	0.267833	0.023649	0.539046	24.701535	0.010459378702562298	
SLy_1.350_1.350_0.00_0.00_0.038_0.250	SLy	3421.373701	2541.921145	4413.335531	1.175236	1.0	390.1104	5277.385623357401	520.393305	390.1104	390.1104	0.266531	0.01954	0.543774	66.092209	0.017743588870418183	
MS1b_1.350_1.350_0.00_0.00_0.036_0.100	MS1b	2156.484766	1538.582001	2750.922869	1.175265	1.0	1531.533	3921.129583723706	489.052954	1531.533	1531.533	0.221893	0.004957	0.80384	11.21357	0.009255982735201488	
DD2_1.365_1.250_0.00_0.00_0.053_0.125	DD2	2362.959073	1809.851616	3056.093734	1.128257	1.09325	1016.665553	4134.233710140287	787.653024	797.134059	1295.299914	0.235831	0.024813	0.744734	22.141067	0.007340951824470146	
