,C1,C2,EGW,EOS,JADM,Lambda,M1,M2,MADM,Mb,Mb1,Mb2,Mbi_Mb,Mdisk3D,Mdisk3Dmax,Mej_tot-bern_geoend,Mej_tot-geo,Mg1,Mg2,Mwinddot,R1,R2,T_ave-disk,Ye_ave-bern_geoend,Ye_ave-disk,Ye_ave-geo,comment,err-Mbi_Mb,err-Mdisk3D,err-Mdisk3Dmax,err-Mej_tot-bern_geoend,err-Mej_tot-geo,err-Mwinddot,err-T_ave-disk,err-Ye_ave-bern_geoend,err-Ye_ave-disk,err-Ye_ave-geo,err-s_ave-disk,err-theta_rms-bern_geoend,err-theta_rms-disk,err-theta_rms-geo,err-vel_inf_ave-bern_geoend,err-vel_inf_ave-geo,group,k21,k22,k2T,lam21,lam22,outcome,q,resolution,s_ave-disk,tcoll_gw,tdisk3D,tend,tend_wind,theta_rms-bern_geoend,theta_rms-disk,theta_rms-geo,vel_inf_ave-bern_geoend,vel_inf_ave-geo,viscosity
BLh_M13641364_M0_LK,0.162007028884121,0.162007028884121,0.082253636591,BLh,7.400180000000001,540.6480986441761,1.364,1.364,2.7032,2.986,1.493,1.493,"[1.0001987067256717, 1.0001967841427315, 0.999625911368563]",0.16648681794412154,0.17669763500273317,0.0039057407113428457,0.0014267218752964234,1.31316,1.31316,0.7027265429871639,8.419387784561065,8.419387784561065,6.303761418123977,,0.1731032487049566,0.2706962229523744,,0.00033014995121842105,0.05162398732933359,0.04128150623528572,0.0006942956605458137,0.00015838030311294686,0.3222416711598196,0.5641790144232302,,0.01848780100240299,0.009241557279369525,0.7051311192778912,2.608942700543756,0.5100205099974089,0.3498836871267089,0.009152206727958438,0.012842779861687508,BLh_M13641364_M0_LK,0.08664494556930284,0.08664494556930284,101.36553334134487,540.6480986441761,540.6480986441761,"['NS', 'unclear', 'NS']",1.0,SR HR LR,8.367790929118625,"[inf, inf, inf]",0.023126250396892617,"[0.09175636656568058, 0.023126250396892617, 0.043318069141085866]",0.023126250877927274,27.064047146485716,20.26287714828229,39.645289958614455,0.11894292296324828,0.16589578872769797,LK
BLh_M13641364_M0,0.1621258023657076,0.1621258023657076,0.07006328290189999,BLh,7.400180000000001,540.6480986441761,1.365,1.365,2.7032,2.986,1.493,1.493,[1.0001891805334835],0.25810670073109643,0.25810670073109643,0.0018363714932881795,0.0011173009573351923,1.31316,1.31316,0.16568155926114608,8.419387784561065,8.419387784561065,7.51271233650692,0.3039251491685197,0.18183687270433513,0.27384592371621264,,0.2000378361066967,0.12955335036554821,0.05162134014621929,0.0009681857466440898,0.0002234601914670385,0.03313631185222922,0.751271233650692,0.01,0.01,0.05476918474324253,0.8942281947893778,2.0,2.1875360054217885,7.823386051409523,0.02,0.03187153942864273,BLh_M13641364_M0,0.08664494556930284,0.08664494556930284,101.36553334134487,540.6480986441761,540.6480986441761,['NS'],1.0,LR,8.942281947893777,[inf],0.015618181938152072,[0.015907079813187914],0.015907079813187917,39.28987641769262,21.875360054217882,39.11693025704761,0.12703913652269241,0.15935769714321366,
BLh_M12591482_M0_LK,0.15057908170718734,0.1752503149977262,0.0682662027622,BLh,7.4088,689.6233073103343,1.2590000000000001,1.482,2.7156,3.0039999999999996,1.6380000000000001,1.3659999999999999,[0.9997744928308334],0.1835043170937785,0.2019127038893876,0.012787978703690344,0.0030100885767026567,1.2109999999999999,1.42754,1.2316210316487928,8.361055106234629,8.45647552770007,5.369991645367834,0.3274249162255176,0.12988541010851848,0.1790076227977691,,0.1999548985661667,0.09225215854688926,0.04038254077787752,0.006443989351845172,0.0006020177153405314,0.24632420632975857,0.5369991645367834,0.01,0.01,0.03580152455955382,0.7290882658312762,2.0,1.734559276826068,6.7299748078885075,0.02,0.037873685106005965,BLh_M12591482_M0_LK,0.07809723407027032,0.093936772582856,128.1134071534473,310.8478912356752,896.1298688659369,['NS'],1.177124702144559,LR,7.2908826583127615,[inf],0.06897944320748182,[0.06938225009121679],0.069366489471449,14.980172422964685,17.34559276826068,33.64987403944254,0.1071714219370872,0.1893684255300298,LK
BLh_M11841581_M0_LK,0.14252087534572844,0.18648093470067587,0.048947711597199996,BLh,7.410480000000001,1035.7566127169355,1.1840000000000002,1.581,2.7391,3.039,1.7619999999999998,1.2770000000000001,"[1.0002886637764423, 0.9997374697646878]",0.19211098845199026,0.2077984000206925,6.5213858933518e-05,0.002543398878704105,1.13873,1.52342,0.704829888551476,8.307554925745736,8.47807848313123,6.370714388203487,0.3203576838079552,0.09312718380050304,0.13963629135518463,,0.0003897530234610379,0.004176749985071205,0.02009697520645167,0.00018445264751693394,0.0005095848289419632,0.9756064922592733,0.21326474966161826,0.028758445098212668,0.08546982422610107,0.039526427299771204,0.8107397832424644,72.76351705072858,47.07716016599321,4.999646730063899,0.02618627365299918,0.0016997320754963531,BLh_M11841581_M0_LK,0.07021096814727558,0.09869978116131302,189.7978250959357,196.01447005568423,1297.255681019288,"['NS', 'NS']",1.335304054054054,SR LR,8.107397832424644,"[inf, inf]",0.009760774285622728,"[0.009751815496019634, 0.06341539622561049]",0.009751815977054297,181.20876106375454,35.67237475627082,28.790634282825565,0.15121337822686573,0.17350121056128465,LK
BLh_M11461635_M0_LK,0.13868038405659303,0.19270021231222617,0.0302140167691,BLh,7.4051800000000005,1324.6342051187144,1.146,1.635,2.75552,3.0639999999999996,1.8319999999999999,1.232,"[1.00022777192015, 1.0002345438926221]",0.2653520638443836,0.27328757019023653,0.007536074972966255,0.0026577895747985462,1.1019299999999999,1.5767799999999998,1.0565246611223362,8.263605612256868,8.484681881672556,5.593168068168867,0.27189310796345434,0.12676822680342664,0.19178319798208104,,4.788507657044226e-06,0.0014817875895964967,0.005198862374159677,0.0017712257070152896,0.0007508240324450176,0.6712960759576222,0.12448005022700274,0.013867893914477278,0.14508640085451258,0.03205198271852988,1.1335793068533602,2.2210401759212854,43.812652439420255,3.5854236455172743,0.012289550616270949,0.0031673418881935,BLh_M11461635_M0_LK,0.06605372635936863,0.10114984054770902,240.8031557158154,151.43054105747132,1573.702532901815,"['NS', 'NS']",1.4267015706806285,SR LR,8.059139956218754,"[inf, inf]",0.03384871129299857,"[0.059596826764223926, 0.035093952261610016]",0.03507818779356489,19.43203912528146,36.906459820821915,34.492417682865245,0.0921765670809214,0.15573675661398897,LK
BLh_M11041699_M0_LK,0.13448701098946697,0.19998276787837227,0.0235004047556,BLh,7.398339999999999,1752.0009299677704,1.104,1.699,2.7783599999999997,3.0989999999999998,1.915,1.1840000000000002,[0.9996573160814334],0.30751685742978696,0.3235187773351316,0.006302365985701956,0.00197487142713787,1.06236,1.6393900000000001,0.44440534311478713,8.208971200099505,8.495731997435483,5.799485923896821,0.3203587579379275,0.12748778634142183,0.17191386568964648,,0.1999314632162867,0.15425842871489348,0.06470375546702632,0.003201182992850978,0.00039497428542757397,0.08888106862295743,0.5799485923896821,0.01,0.01,0.0343827731379293,0.6984541372109325,2.0,1.7603140315209025,6.2415682683913545,0.02,0.026563466336876503,BLh_M11041699_M0_LK,0.060934681758021615,0.1033527819091449,315.70232250768737,111.4888357234125,1943.4656308655144,['NS'],1.5389492753623188,LR,6.984541372109325,[inf],0.0538461649123695,[0.045769708333420735],0.0457697073713514,21.45841171552264,17.603140315209025,31.20784134195677,0.10334848842322256,0.1328173316843825,LK
BLh_M10651772_M0_LK,0.13075260205693298,0.20838893272059475,0.0180336724961,BLh,7.4095,2321.4075549165077,1.065,1.7719999999999998,2.8106400000000002,3.148,2.01,1.138,"[1.000255095355265, 0.9997222501649788]",0.2885301170108029,0.2886797708838626,0.0012102565875699426,0.004182660475845304,1.0242,1.7097900000000001,0.3694431095658738,8.145153390800376,8.503330656124023,6.026120332416837,0.33493341253726727,0.12043772503720729,0.10979671279200265,,0.00037677844737391545,0.0053531136873477035,0.0028881993806165124,0.0008578613478933523,0.00046108052983638174,0.33995558407739573,0.2556642176720909,0.05107086325556409,0.015976558450703535,0.005915032581857704,0.15001266384031425,20.889559111094382,1.613469290426882,0.28584164024649855,0.014332863436936122,0.0091358661348714,BLh_M10651772_M0_LK,0.0547440025327414,0.10545537268213916,414.17042966189774,78.23272203901816,2392.4892403112226,"['NS', 'NS']",1.663849765258216,SR LR,6.898402391927146,"[0.0018323957291276058, inf]",0.019151861509977254,"[0.020109436052295555, 0.06461103813624837]",0.020097615106435027,52.08258087371081,17.819587588669602,24.083393109602692,0.12629533733550033,0.12064045032906465,LK
BLh_M10201856_M0,0.12689834288356508,0.21806064627497473,0.013453651651000001,BLh,7.4058,3208.9240140154357,1.02,1.8559999999999999,2.8500400000000004,3.21,2.124,1.0859999999999999,"[1.0003252541967826, 1.000325913427767]",0.09758598078042269,,0.011975231180180792,0.010348611155098844,0.9810840000000001,1.79245,1.9198134544905774,8.037930021953839,8.511393649909584,4.542872843251201,0.049297668380769634,0.06155625406234183,0.02467091269064195,,4.661466994854227e-07,0.049292990390211344,,0.00041602231928598735,0.0002915464812692809,0.0784634517091376,6.519610189756053,0.0027884575861125203,0.01484098904355122,0.006166549686375794,1.3983254216366945,0.2643189642567667,12.498762445216649,0.45809254393457643,0.00018079930929626404,0.0012707933045646147,BLh_M10201856_M0,0.04770764834105641,0.10763630754217036,565.7654920976263,50.500659562340296,3048.304437543209,"['PC', 'PC']",1.8196078431372547,HR SR,5.444100830701751,"[0.0009930402661078672, 0.0013122317802139634]",0.01523304761136697,"[0.04516584141379406, 0.02629807635774464]",0.02629807731981397,14.407040647338304,14.114895936797453,6.0333090500179445,0.08400544352540434,0.11687495305659326,
BLh_M10201856_M0_LK,0.12689834288356508,0.21806064627497473,0.013034588638899999,BLh,7.4058,3208.9240140154357,1.02,1.8559999999999999,2.8500400000000004,3.21,2.124,1.0859999999999999,"[1.00032525419678, 0.9998274808173259, 1.0003259134277642]",0.17026014944582216,0.17474650158049387,0.009851589471584947,0.008106402246153792,0.9810840000000001,1.79245,1.688067887451078,8.037930021953839,8.511393649909584,1.8106640097455589,0.04705123447595947,0.05744723150174192,0.032542795049125293,,0.0002875800871140239,0.000970533719182284,0.0010507728343908964,0.0006165495911273479,0.00042756069000648284,0.08776958499855475,0.46767629037963054,0.0010826622705663016,0.002774617823161733,0.009538990946835415,1.1775917316183686,0.48879600097985987,0.415736327373927,0.6525549854752877,0.0014615850857606486,0.0029098976566310822,BLh_M10201856_M0_LK,0.04770764834105641,0.10763630754217036,565.7654920976263,50.500659562340296,3048.304437543209,"['PC', 'PC', 'PC']",1.8196078431372547,HR LR SR,3.5217183658663256,"[0.001450154039395612, 0.0014028664076761886, 0.0014304508595125182]",0.005948632174486658,"[0.009605542360788637, 0.012048736666292107, 0.01749075495000227]",0.009605541398719305,15.88509535469394,7.875517732007921,6.528269852632735,0.08280160982580098,0.11370644847777528,LK
DD2_M13641364_M0_R04,0.15248242622617836,0.15248242622617836,0.05459892699019999,DD2,7.4056,850.0629704132243,1.364,1.364,2.70356,2.9746,1.4873,1.4873,"[0.9742996385865664, 0.9743022382387204, 0.9743038529981852]",0.1535059851546931,,7.939136061982798e-06,0.0009362630703676593,1.31569,1.31569,0.7844994811940298,8.945293131529587,8.945293131529587,7.091273848931864,0.26355380350830304,0.06982764622169467,0.24376249899805313,R04,2.1262997885050078e-06,0.05182197843308711,,1.3750987027556505e-05,0.00033422183848766656,0.6849188880427579,4.76255057198903,0.03861362005488069,0.0004671447714629859,0.004238755108192649,0.6175531629346217,254.75783304259954,17.96415883296589,1.328658287975044,0.0173544221560824,0.01980691257636184,DD2_M13641364_M0_R04,0.10067064972787836,0.10067064972787836,159.38099189151694,850.0629704132242,850.0629704132242,"['NS', 'NS', 'NS']",1.0,LR SR HR,6.175531629346216,"[inf, inf, inf]",0.009432909812766106,"[0.09196127963646472, 0.11017489912039548, 0.008136071141835805]",0.00812818986988257,351.2992557690298,46.284937820758124,37.33360376860262,0.2027155300752428,0.19033997475906714,
DD2_M13641364_M0_LK_R04,0.15248242622617836,0.15248242622617836,0.0509116025087,DD2,7.4056,850.0629704132243,1.364,1.364,2.70356,2.9746,1.4873,1.4873,"[0.9742996385865664, 0.9743022382387204, 0.9743038529981852]",0.1112214847379746,0.2789116505746166,0.012535721454534679,0.001208145542969715,1.31569,1.31569,1.3018790284228556,8.945293131529587,8.945293131529587,5.739131675635348,0.3001832181478939,0.07595864321083494,0.26883195389352704,R04,2.1262997885050078e-06,0.04044692430720469,0.16275903350808446,0.0013813825650185975,0.00026646882227399185,0.19064889436660776,0.15517025043095772,0.00768792680607819,0.006994425901723429,0.010331043575751788,0.9997540796153699,0.8690998181280137,16.24637489235651,0.7148950804205341,0.0012224567789558634,0.0026119224104806027,DD2_M13641364_M0_LK_R04,0.10067064972787836,0.10067064972787836,159.38099189151694,850.0629704132242,850.0629704132242,"['NS', 'NS', 'NS']",1.0,LR SR HR,7.144498334500073,"[inf, inf, inf]",0.008192102059628352,"[0.12301349113221854, 0.11302397893149065, 0.07444121208441883]",0.07444121593269616,14.884565626949472,43.35873127000832,40.03427412815481,0.16835143872766908,0.15641314945711027,LK
DD2_M14971245_M0,0.1669698842733779,0.13974227947310547,0.042619396913099995,DD2,7.4054199999999994,1104.3718761936314,1.4969999999999999,1.246,2.71722,2.994,1.6485,1.3455,"[0.976595715877224, 0.9765947389075612, 0.9765972465720424]",0.26133040580165534,,0.004801700948828978,0.002126483543855806,1.20015,1.44507,0.7360427733537588,8.965688672030094,8.916413877732706,5.5641247550032285,0.2644738442656056,0.11088144616973465,0.17588235789641404,R04,1.263980320202584e-06,0.028320639834506164,,0.000899992959999221,0.000816212928075617,0.24014346449741483,0.054576216904237834,0.007817632896541495,0.03648733958669108,0.03142915586127401,0.6227628834076046,2.2317657454523947,19.94483036667244,3.7546338343111265,0.00030827941756744135,0.006990630766719255,DD2_M14971245_M0,0.09302411969804976,0.10690170829134243,204.83397370524614,498.80367946586915,1404.0454323064853,"['NS', 'NS', 'NS']",1.2014446227929374,LR SR HR,6.227628834076045,"[inf, inf, inf]",0.03657360660232321,"[0.03730656489397425, 0.09104501770712084, 0.05518917095586904]",0.037290801387998444,24.5387506271689,29.01499609142031,29.074839482402407,0.15251110427922754,0.16830798121953036,
DD2_M15091235_M0_LK,0.16827746552778908,0.13856622406310085,0.0412759990663,DD2,7.40527,1150.5914396990765,1.5090000000000001,1.235,2.71968,2.9975,1.6632,1.3343,"[1.0048324301543254, 0.975795275334771, 0.9757960844104999]",0.20910262510383104,0.2171126365356929,0.0031424963114411266,0.0025321667569174395,1.19095,1.4567700000000001,0.6268685729046813,8.967332585305703,8.912705880168899,5.2813108595440745,0.2543953463265922,0.13538319228097043,0.1909645644526472,R04,0.01676437559640658,0.03262587577516924,0.024894294797852087,0.00030911053358130785,0.00019004833302325644,0.27951228068285333,0.2522128612296065,0.012623242223881895,0.004361062925606151,0.009889263360671354,0.30658293894629013,1.3960752865023225,0.770195466205796,0.8904339836238365,0.001657080518652314,0.0072934783982862746,DD2_M15091235_M0_LK,0.09228240537081207,0.10742791016708396,213.08492023701046,475.89589364975836,1463.1337441799485,"['NS', 'NS', 'NS']",1.2218623481781377,LR SR HR,6.942720427777333,"[inf, inf, inf]",0.042681970946759074,"[0.04268246352625616, 0.10725372463912704, 0.01981889358991556]",0.019811013280031653,30.13793023533654,17.982378432370762,30.739535720498782,0.15704444234836737,0.17397382322424768,LK
DD2_M11461635_M0_LK,0.12768938715768968,0.18396627126751797,0.027642889712299997,DD2,7.40757,1870.0484007642456,1.146,1.635,2.75582,3.049,1.821,1.228,"[0.9081780280371884, 1.0004998192771988]",0.3036549818018641,0.3304077517758641,0.006014175166216308,0.0069695487071145135,1.10306,1.58085,0.5096786285166249,8.974904066104962,8.887498717753726,5.299041230207445,0.22738809877264102,0.08510234503795526,0.13612954319565881,R05,0.06528136463710014,0.05076695507175619,0.011860522175765772,0.0002248462775719448,0.006432906284536934,0.06313481820503303,0.15366715261960745,0.12333155558454656,0.038742225884642836,0.052744418101562274,1.202505993320027,0.03366413105293901,50.81369511251461,9.5798555145927,0.00019121798454424014,0.0050688783537795375,DD2_M11461635_M0_LK,0.08432984926721172,0.1113758846046218,340.10506363276687,291.32834482210836,2192.973947398243,"['NS', 'NS']",1.4267015706806285,SR LR,6.830751851559663,"[inf, inf]",0.03665444410835096,"[0.06202031788984429, 0.0376632469183653]",0.037663247880434625,21.73636745405023,34.48766410850488,25.51139731590288,0.15924786275804778,0.13798751263152728,LK
LS220_M13641364_M0_LK,0.15836049834677635,0.15836049834677635,0.0851466789288,LS220,7.39835,714.9062568527215,1.364,1.364,2.70282,2.9824,1.4912,1.4912,"[0.9998946478034964, 0.9924282258456996]",0.07266462637019694,0.10172330264510862,0.0029926594412137963,0.0015893155888402084,1.31425,1.31425,0.2553023749001852,8.61325907811382,8.61325907811382,5.434324107011577,0.29776485719196777,0.2107450296789928,0.245188482612554,,0.005279557597558247,0.03157904680003797,0.012799720514421518,0.0009310429845842799,0.00015530737451605942,0.011414266314648874,0.01862898961583639,0.05099555891400812,0.007195350630132222,0.01791372860919287,0.9468272559329594,4.911649668654647,1.0841675005643796,0.7756042460462325,0.015645655990191628,0.0110070775094503,LS220_M13641364_M0_LK,0.09806175880473164,0.09806175880473164,134.05061930144163,714.9062568527215,714.9062568527215,"['BH', 'BH']",1.0,SR LR,9.468272559329593,"[0.013677947474842848, 0.013713413198632413]",0.016099480726210466,"[0.027055064465581268, 0.027003836197885225]",0.02698807461604809,30.78718191006329,19.400445708110276,35.70287941340071,0.11918473238017963,0.16117824170934572,LK
LS220_M13641364_M0,0.15836049834677635,0.15836049834677635,0.08037564095689999,LS220,7.39835,714.9062568527215,1.364,1.364,2.70282,2.9824,1.4912,1.4912,"[0.9998814199250288, 0.9998946478034678, 0.9998923343759284]",0.07200655558497399,,0.002158069473551285,0.0016352224063874907,1.31425,1.31425,0.19109313211285572,8.61325907811382,8.61325907811382,5.697579235026165,0.2910372962867077,0.11005615483863977,0.21940390592966294,,7.064629660247674e-06,0.005701298734648033,,0.0018939854377649308,0.000555343014185444,0.1650715752125932,2.4874428794540706,0.0015941216650297817,0.10120192244437361,0.0034373452050829533,0.803235163732437,4.016844454243377,49.63533652179911,1.6806843521609343,0.00750742665160127,0.011846327888379034,LS220_M13641364_M0,0.09806175880473164,0.09806175880473164,134.05061930144163,714.9062568527215,714.9062568527215,"['BH', 'BH', 'BH']",1.0,LR SR HR,8.03235163732437,"[0.0334481181695379, 0.016113260508393082, 0.015376361580765425]",0.03463290744861866,"[0.03586238587332364, 0.0371982614693973, 0.027059005101557884]",0.02705112479167398,29.514006404317172,33.76947200433696,34.99420343992521,0.11315690056359184,0.1625310877488193,
LS220_M14001330_M0,0.16276937910970898,0.15412918062454778,0.0890984208525,LS220,7.401669999999999,734.0869488075647,1.4,1.33,2.7041,2.9842,1.5343,1.4499,"[0.9999791568911974, 0.9999796545863144]",0.07271788734942675,,0.0033239962884132404,0.0015634166800698192,1.28098,1.34871,0.3006465528579283,8.60112637682533,8.629125222172071,5.207999822956933,0.29354008005594434,0.1901372087402545,0.21065951015318998,,3.5192359219957795e-07,0.036858943674713374,,0.00044913834374249266,0.00022621632218930603,0.027301372817672035,0.5207999822956934,0.010696194048086102,0.01,0.006899890019767095,0.9173834126514827,1.948361971725228,1.818712659565279,2.374912732776765,0.008737402410629239,0.006959253280393117,LS220_M14001330_M0,0.09470986102771516,0.10092104872713396,137.50738875151615,602.7135823209809,843.4058506945146,"['BH', 'BH']",1.0526315789473684,HR SR,9.173834126514826,"[0.01386315736574392, 0.017307273209308492]",0.02225804363415168,"[0.024114083179139, 0.023274727716119256]",0.023274727235084586,29.00306433895149,18.18712659565279,33.283403032333794,0.12456103343504579,0.15606519307284158,
LS220_M14351298_M0,0.16709397257509137,0.15031249006975164,0.0734170594337,LS220,7.40455,789.2852455567993,1.435,1.298,2.70742,2.989,1.5771,1.4119,"[1.0001084555117583, 1.0001101256611888]",0.09472916764207184,,0.004596721193847647,0.0022025678813175206,1.25021,1.3825399999999999,0.45010132483521326,8.587981827741373,8.635343605828568,5.504173164312911,0.2663015474259375,0.17204678524655573,0.1880783048713837,,1.1809739879245049e-06,0.04786458382103592,,0.0018921691166502944,0.00029996690690078665,0.06859420166063614,0.5504173164312911,0.025507374012233075,0.01,0.0211010653622237,0.8429310968999609,5.259443767860851,1.7631034043786435,4.426007289718093,0.001674959312029562,0.019700428082350948,LS220_M14351298_M0,0.09133615852217708,0.10395240708830117,147.4201232254247,509.5280320009288,984.040883452336,"['NS', 'BH']",1.105546995377504,HR SR,8.429310968999609,"[inf, 0.0170117255110621]",0.024199418342734057,"[0.02440827204949484, 0.025086061437473217]",0.024400389815472275,24.87373613790797,17.631034043786435,30.24754774932685,0.10928349094581953,0.1767745666701269,
LS220_M14691268_M0_LK,0.17147398748550421,0.14671429521065493,0.043272330997500004,LS220,7.405869999999999,876.6603963057734,1.469,1.268,2.71256,2.9964,1.6195,1.3769,"[1.000111222118831, 1.0001124784869373]",0.1276299343444407,,0.0006828071762673968,0.0034118613902279927,1.2218,1.4157799999999998,1.015047465038682,8.566897064338601,8.642647931337459,3.7802775160394635,0.21882526162768967,0.13677592893540075,0.21883222068644187,,8.883864075726894e-07,0.06431496717222035,,0.0019312703383260583,1.1470060086743888e-05,1.2416767292393953,0.37802775160394636,0.008772673471420193,0.01,0.0018642950293828579,0.8582719205730331,154.88800005474096,1.512576143695347,0.9977130779518772,0.018115589550818365,0.0010701490064457544,LS220_M14691268_M0_LK,0.08834135216022214,0.10657091374485443,163.10298053649313,432.1827549494149,1136.0939584551613,"['NS', 'BH']",1.1585173501577288,HR SR,8.582719205730331,"[inf, 0.06887443559933829]",0.0954880148873255,"[0.011296327246871041, 0.09578356258557187]",0.011288445493883142,99.85529032111167,15.12576143695347,34.0830049891005,0.10691810195806717,0.16447773246453223,LK
LS220_M14691268_M0,0.17147398748550421,0.14671429521065493,0.07531557181189999,LS220,7.405869999999999,876.6603963057734,1.469,1.268,2.71256,2.9964,1.6195,1.3769,"[1.0001112221188253, 1.0001122232986266, 1.0001124784869315]",,,0.007236741313426639,0.003349130076453262,1.2218,1.4157799999999998,0.8272333714502111,8.566897064338601,8.642647931337459,,0.2596829596791126,,0.17073700149703896,,6.640711412436332e-07,,,0.0017694489961977086,0.0004699482493051531,0.1998978718896064,,0.014835764338790742,,0.007972034055070455,,2.6426098017894613,,0.6356117494991428,0.0026353237478571787,0.0057635173049833425,LS220_M14691268_M0,0.08834135216022214,0.10657091374485443,163.10298053649313,432.1827549494149,1136.0939584551613,"['BH', 'NS', 'NS']",1.1585173501577288,HR LR SR,,"[0.024053642001279373, inf, inf]",,"[0.02881639479891693, 0.029486302914942083, 0.03610657135566118]",0.028816392874778274,20.067530386301918,,30.01283510559234,0.09714754369073031,0.17233891370717594,
LS220_M11461635_M0_LK,0.19344887221205487,0.1321776514988068,0.0410159745149,LS220,7.412539999999999,1760.2697935713354,1.635,1.146,2.7566,3.063,1.83,1.2329999999999999,"[1.0000565680279934, 0.983080129588282]",0.17780326690990478,0.2691894038925292,0.0013753431103481022,0.007293558579775872,1.10368,1.57831,0.23294985412597163,8.451845602944353,8.670149507160406,4.341042602376121,0.2750536295361098,0.10857034135500124,0.1581157166303312,,0.012004154741115915,0.07212523069008189,0.008555082507249161,0.003890057759141365,0.0002751672360645424,0.004036530480317236,1.16738674294982,0.004632835333293349,0.0891518446789566,0.018129055405587544,0.9640330739141194,713.7590398098948,46.354356701522356,3.4956476274164294,0.2122580298617423,0.007684448435669597,LS220_M11461635_M0_LK,0.07246898956836156,0.11648393541335444,320.0070329084172,192.66148483012626,2095.44285323177,"['BH', 'BH']",1.4267015706806283,LR SR,9.640330739141193,"[0.01574678136256756, 0.012294784247049743]",0.01958360905763958,"[0.019820047216236692, 0.028481565092844174]",0.019804284191295547,284.9523251209953,35.754161983017674,26.773568969811727,0.18804263384106074,0.17183884406645947,LK
LS220_M10651772_M0_LK,0.1283414235776609,0.2043567653025046,0.0126097968992,LS220,7.4095,3117.461782712005,1.065,1.7719999999999998,2.8106400000000002,3.148,2.01,1.138,"[1.0010866770605389, 0.985309754114394]",0.0684014028012775,0.10904039928996771,0.0011187209425791264,0.01112278503767986,1.0242,1.7097900000000001,0.38410502963376447,8.298178174372174,8.671110043149044,1.4435504531071381,0.06658551657486735,0.055311579391954524,0.06505274357486024,,0.01115596920147667,0.008145251628442936,0.05339959418131682,0.0031642206590124264,0.0038292013026657245,0.05480861000164129,0.03062033813636842,0.0022667198322115795,0.006113729091295194,0.007467007820641536,0.22630751987614867,124.28712196027888,1.2441646521460052,1.330709584833073,0.0859279072839699,0.009634279949403166,LS220_M10651772_M0_LK,0.05926583209342073,0.12314938091792488,556.2150362412992,95.62316856621807,3214.78831203882,"['PC', 'PC']",1.663849765258216,SR LR,2.2630751987614866,"[0.002068833887724716, 0.001434391495489136]",0.002010095011686742,"[0.00803926805591306, 0.006841314719021031]",0.006825551694079892,79.03027529565227,7.532440157756511,13.182399935278195,0.12720331508306243,0.14236083096084995,LK
SFHo_M13641364_M0_LK_p2019,0.16912996456137044,0.16912996456137044,0.0628461861865,SFHo,7.404910000000001,413.1263719612063,1.364,1.364,2.70328,3.0062,1.5031,1.5031,"[1.000261163514534, 1.0002592730032116]",3.009525663688617e-05,,0.0021821076503388973,0.004026821168242252,1.3118100000000001,1.3118100000000001,0.3235600060923205,8.064803912999459,8.064803912999459,0.5264005431865794,0.19969509916424172,0.46031940648823855,0.20991388813066122,pz2019,1.3367933759632326e-06,0.0005150476283184431,,0.0002049596018114932,0.0006886797130215424,0.04892282575470381,0.05264005431865794,0.053171974533863325,0.01,0.0021512044161666453,14.298710364090011,0.9028606705984402,2.0864654044288655,1.7930511731837038,0.02350410754553656,0.009657798444717473,SFHo_M13641364_M0_LK_p2019,0.08282282285778761,0.08282282285778761,77.45511315301928,413.1263719612063,413.1263719612063,"['BH', 'BH']",1.0,HR SR,142.9871036409001,"[0.004011567424197643, 0.0059937073204367535]",0.04996592203363287,"[0.011580186985400386, 0.025317243999892502]",0.011572305232412483,35.50173203460216,20.864654044288653,32.48163704819111,0.15895514991479104,0.19209659073231555,LK
SFHo_M13641364_M0,0.16912996456137044,0.16912996456137044,0.06309893630459999,SFHo,7.404910000000001,413.1263719612063,1.364,1.364,2.70328,3.0062,1.5031,1.5031,"[1.000261163514531, 1.0002592730032205, 0.8520818706871371]",0.01855073331103927,,0.0,0.0028436908739090483,1.3118100000000001,1.3118100000000001,0.0852645629548033,8.064803912999459,8.064803912999459,3.461479478022869,,0.239473317295399,0.22959634523294367,,0.08555080886383933,0.0072167353201409695,,0.0,0.0007489819539242301,0.1031095957372559,0.12684767015823747,,0.0343130940275864,0.0070047880527053475,1.2808428571764339,,4.898337968588428,1.7950629586551288,,0.013435451852521468,SFHo_M13641364_M0,0.08282282285778761,0.08282282285778761,77.45511315301928,413.1263719612063,413.1263719612063,"['BH', 'BH', 'BH']",1.0,HR SR LR,12.808428571764338,"[0.0037830105375537674, 0.004149489683379293, inf]",0.0071706153275642726,"[0.009042417416458065, 0.007678957368548059, 0.0031551072673900137]",,,23.681492404811284,31.663425535544334,,0.21095387783719124,
SFHo_M14521283_M0_LK_p2019,0.18074196972173837,0.15873081233969727,0.0656490250144,SFHo,7.399830000000001,477.2190381255755,1.452,1.2830000000000001,2.71006,3.0164,1.6124,1.4040000000000001,"[1.0002659643138967, 1.0002670074595714]",,,0.0023829611300522956,0.004356937630759873,1.2329700000000001,1.39685,0.23136231057321283,8.033551931714749,8.082866716855657,,0.24367891352159737,,0.17720260198960025,pz2019,7.376153803658735e-07,,,0.001157602963759314,0.0011705004013389225,0.06993200952682792,,0.024637306460772678,,0.006988211839908733,,9.270777487808447,,0.7779187952943057,0.0012703545994734995,0.007229710853995399,SFHo_M14521283_M0_LK_p2019,0.0766878102618873,0.08840903686070288,88.97601921386621,274.4203390972505,606.02252373813,"['NS', 'BH']",1.1317225253312546,HR SR,,"[inf, 0.006348364558332419]",,"[0.014337254342971232, 0.014187510175859725]",0.014175688267929873,34.85092892988929,,33.203318872978876,0.1706572975725119,0.2251155927564497,LK
SFHo_M14521283_M0,0.18074196972173837,0.15873081233969727,0.0632778331629,SFHo,7.399830000000001,477.2190381255755,1.452,1.2830000000000001,2.71006,3.0164,1.6124,1.4040000000000001,"[1.0002659738552897, 1.000270434639891, 1.0002670074595714]",0.04587369962309037,0.10420205272923878,0.002350584262764677,0.004198903637485678,1.2329700000000001,1.39685,0.31509162344691866,8.033551931714749,8.082866716855657,3.968570619383326,0.21346199408445865,0.1667150035728968,0.17175188166409072,,2.33496973615728e-06,0.040853250994984165,0.05168992203330404,0.0005504950908006391,0.0002915607134693698,0.10042300156305291,2.10979242668601,0.040191023257748176,0.07686253768871751,0.026347258309474323,0.9584591453738202,3.415779632555771,18.248898011683693,4.385780368610055,0.016399760050297394,0.011331405789839082,SFHo_M14521283_M0,0.0766878102618873,0.08840903686070288,88.97601921386621,274.4203390972505,606.02252373813,"['BH', 'BH', 'BH']",1.1317225253312546,HR LR SR,10.439926209031535,"[0.003948517248571745, 0.005516890367265916, 0.011550004047468851]",0.015070212634622271,"[0.015164787898061112, 0.01652824794597112, 0.01929457440155731]",0.015164788860130445,34.7232062498044,31.06004192477347,29.630735477384913,0.15641602167961027,0.22221711362485977,
SFHo_M16351146_M0_LK_p2019,0.20571596440395684,0.14129929023833768,0.027742427768200004,SFHo,7.401910000000001,1016.161511048884,1.635,1.146,2.7554,3.08,1.844,1.236,[1.000301754994078],0.1337272206114398,0.20111130866118604,0.001836668582902148,0.003782660851939394,1.0996700000000001,1.57645,0.24355687448441418,7.947851809835288,8.11044413646364,6.131084933444202,0.1923938359812752,0.051923844018760955,0.1449077361668615,pz2019,0.2000603509988156,0.0673636103057199,0.04022226173223721,0.000968334291451074,0.0007565321703878788,0.04871137489688284,0.6131084933444203,0.01,0.01,0.028981547233372304,,2.0,5.023465513941028,5.840616769020194,0.02,0.04073930599955235,SFHo_M16351146_M0_LK_p2019,0.06287488461024797,0.09673718722927063,184.70645546264493,118.39555716736044,1204.0663714174648,['BH'],1.4267015706806283,LR,,[0.004839100979287529],0.018858532037941772,[0.019615134145452524],0.01961513510752186,39.1220976826168,50.23465513941028,29.20308384510097,0.1438230714720141,0.20369652999776172,LK
SFHo_M11461635_M0_LK,0.1441899053253422,0.20159191931909437,0.0442768373408,SFHo,7.401910000000001,1016.161511048884,1.146,1.635,2.7554,3.08,1.844,1.236,[1.0825773219619277],0.23633409244939685,0.24066944560036066,0.0058241224265685905,0.0023532264454817447,1.0996700000000001,1.57645,0.4343560963226681,7.947851809835288,8.11044413646364,5.222192569794417,0.31142242593839087,0.13105887189554416,0.18882135858981053,,0.21651546439238556,0.11866704622469842,0.04813388912007213,0.0029620612132842954,0.00047064528909634897,0.08687121926453362,0.5222192569794417,0.01,0.01,0.03776427171796211,0.7237780560809572,2.0,1.8701443214267657,6.572143659047812,0.02,0.02802827889702559,SFHo_M11461635_M0_LK,0.06287488461024797,0.09673718722927063,184.70645546264493,118.39555716736044,1204.0663714174648,['NS'],1.4267015706806285,SR,7.237780560809572,[inf],0.05078950535647509,[0.04653361850173355],0.04653361850173355,22.665565874692636,18.701443214267655,32.86071829523906,0.16850215088427964,0.14014139448512794,LK
SFHo_M10651772_M0_LK,0.1358180616280543,0.21819868609204093,0.0160386483634,SFHo,7.409439999999999,1775.4198207293066,1.065,1.7719999999999998,2.8114,3.167,2.026,1.141,"[0.9998900582715337, 0.9938913493649308]",0.17728817277372427,0.1929593253759673,0.003392669845393329,0.0014516550845977043,1.02177,1.71042,0.5085882029248713,7.841372400944469,8.121038818962145,3.5169613024870463,0.051889147467179146,0.06109840762939421,0.06963863979497938,,0.004241727746222989,0.15263118299293732,0.07024105850309227,0.0021167050234303067,1.4702593289218468e-05,0.2930355615917947,3.3843460253115456,0.007567917752150342,0.019681118290228995,0.00134858734850559,0.46660982874281276,8.766863205774714,11.223753650615503,1.1356827390794377,0.0009196773851648395,0.008903419301167434,SFHo_M10651772_M0_LK,0.051971477406546784,0.10085739072780976,316.64179825519307,61.11745008768257,1824.618948547672,"['PC', 'PC']",1.663849765258216,LR SR,3.7317090889005957,"[0.001292528600330873, 0.0012767660564243985]",0.007802829897315951,"[0.011207539381114344, 0.016795361195959386]",0.011207539862149007,27.58806784957195,12.145761801403745,10.392382803313337,0.14006527968522192,0.11964022088274723,LK
SLy4_M13641364_M0_LK,0.17108808555036992,0.17108808555036992,0.0500631206396,SLy4,7.39963,401.94021372120875,1.364,1.364,2.70364,3.0032,1.5016,1.5016,"[0.9926099030710241, 0.9926153116936818]",,,0.0002645190152715708,0.0008685654265558076,1.31145,1.31145,0.040651526938520574,7.972501390802143,7.972501390802143,,0.20848832193554623,,0.22511502027028668,,3.824473758090935e-06,,,4.669369575867771e-05,0.0002119721811895968,0.0023374582480587365,,0.07338663656148657,,0.02136468107011109,,9.525129540991779,,2.8138837092622455,0.006251940586144047,0.0217687474725248,SLy4_M13641364_M0_LK,0.08143050929976285,0.08143050929976285,75.35772005245528,401.94021372120875,401.94021372120875,"['BH', 'BH']",1.0,LR SR,,"[0.0028372579031653265, 0.002825435995235472]",,"[0.010484690183900434, 0.013128856924211459]",0.010484689702865774,101.3971251493679,,30.81465906347617,0.17553944758616993,0.26718636953449826,LK
SLy4_M13641364_M0,0.17108808555036992,0.17108808555036992,0.0787696796442,SLy4,7.39963,401.94021372120875,1.364,1.364,2.70364,3.0032,1.5016,1.5016,"[1.0004896048411995, 1.000484227006862]",0.07104225924841658,0.09985348388188328,0.0008079081464755653,0.0035675292144144648,1.31145,1.31145,0.2915084971360905,7.972501390802143,7.972501390802143,6.519556362672301,0.289566337629068,0.21905691471647554,0.22772211097831646,,3.802703128234354e-06,0.17537923851617018,0.04852221635683309,0.0021861177634662594,0.0013099478955451542,0.4083309688755527,3.162971681633129,0.01,0.08626137067863827,0.037277420691783476,43.30031515527676,2.0,1.7585719356860334,0.026811437009894506,0.02,0.06414391159560358,SLy4_M13641364_M0,0.08143050929976285,0.08143050929976285,75.35772005245528,401.94021372120875,401.94021372120875,"['BH', 'BH']",1.0,SR LR,24.003669746073825,"[0.013819810370001113, 0.0026796324641005873]",0.01254958343564854,"[0.02200710977953296, 0.012659921242993855]",0.02199528883367243,22.115738683444327,22.547954378691077,35.67413988220015,0.1967217931520897,0.26201787987116654,
SLy4_M14521283_M0,0.18285030227382915,0.1603820909381382,0.0670767351904,SLy4,7.3966,466.7401093844592,1.452,1.2830000000000001,2.7095599999999997,3.0123,1.6105,1.4018,"[1.0003761035035383, 1.0003762554397413]",0.16385814154569675,0.17750176423470732,0.001104541683474721,0.005910771338011966,1.23281,1.39654,0.5190470089168313,7.940922065447527,7.999646297758224,7.155748124038466,0.24304400340294585,0.17460619981249403,0.16344645226598775,,1.0743511941529645e-07,0.022751440338010406,0.012594212075589722,0.003124115657952721,0.0007447990536656266,0.009450865255243999,1.5442992472316324,0.07022153917720683,0.01698053199784832,0.0006249983126546878,0.773028915945058,135.61340863383566,2.364390659118753,1.967541741001874,0.01629596751105284,0.00820623444474971,SLy4_M14521283_M0,0.0749431118803709,0.08695861551358186,87.01567377749048,265.5203633234335,594.7041717723921,"['NS', 'BH']",1.1317225253312546,LR SR,8.27977995173804,"[inf, 0.012992276814911224]",0.007953424060849243,"[0.008394775290230517, 0.020287614667665176]",0.008394775771265184,84.36359287479262,21.716588831626225,29.674988435932978,0.19070462647513642,0.2408399073803606,
SLy4_M11461635_M0_LK,0.14625973479362414,0.20354269730088884,0.0568691185842,SLy4,7.40607,986.326627540242,1.146,1.635,2.7563,3.085,1.847,1.238,[1.104812986941459],0.18873168854042888,0.19972156232688576,0.005267095922237372,0.0019663856171666296,1.10009,1.57579,0.37686489224088676,7.835375892189551,8.032712652830018,4.977211351732764,0.2887744527690151,0.1300579543553958,0.20938497173423898,,0.2209625973882918,0.09486584427021444,0.039944312465377156,0.002683547961118686,0.00039327712343332593,0.07537297844817736,0.49772113517327643,0.01,0.01,0.0418769943468478,0.7416216362067399,2.0,1.8282596523955705,6.805860072881086,0.02,0.030668183786194837,SLy4_M11461635_M0_LK,0.060861070306013836,0.095358672175836,179.27966541875492,110.70263078906271,1171.099243869159,['NS'],1.4267015706806285,SR,7.416216362067399,[inf],0.045162277181868674,[0.04031529493062956],0.04031529300649089,23.52271000559089,18.282596523955704,34.02930036440543,0.184418937604172,0.15334091893097418,LK
SLy4_M10651772_M0_LK,0.13801654375512157,0.22006548632585024,0.0171724731204,SLy4,7.41673,1730.180138687447,1.065,1.7719999999999998,2.8123,3.173,2.03,1.143,[1.0007721686437174],0.137975506135664,0.137975506135664,0.0030385606213347185,0.0028318813232139565,1.02241,1.7096900000000002,0.5310150961318005,7.716466236754893,8.052148610783089,1.146178480331717,0.045486396564028315,0.04936578096057141,0.049073800459924634,,0.2001544337287435,0.069487753067832,0.027595101227132803,0.0015692803106673592,0.0005663762646427914,0.10620301922636011,0.11461784803317171,0.01,0.01,0.009814760091984927,0.1600840852768748,2.0,0.6075929955447423,1.6869994291904975,0.02,0.024859714330007762,SLy4_M10651772_M0_LK,0.04985105273275617,0.09928833860595286,308.6663666759644,56.092119336907224,1780.6421812803187,['PC'],1.663849765258216,SR,1.6008408527687479,[0.0012413003326348301],0.0038629943623801916,[0.007188090684963462],0.007188090925480797,28.778596898929322,6.075929955447423,8.434997145952487,0.17449451470823935,0.1242985716500388,LK
