name,q,group,tend,neutrinos,comment,viscosity,resolution,dyn_phase,bern_phase,EOS,M1,M2,Mb1,Mb2,Mb,Mg1,Mg2,R1,R2,C1,C2,k21,k22,lam21,lam22,Lambda,k2T,fate,MADM,EGW,JADM,JGW,f0,fpeak,tmerg_r,tcoll_gw,tcoll,Mdisk,tdisk3D,Mdisk3D,tdisk3Dmax,Mdisk3Dmax,Munb_tot,Munb_bern_tot,tend-geo,t98mass-geo,Mej_tot-geo,Ye_ave-geo,s_ave-geo,vel_inf_ave-geo,E_kin_ave-geo,theta_rms-geo,Mej_tot-bern_geoend,Ye_ave-bern_geoend,s_ave-bern_geoend,vel_inf_ave-bern_geoend,E_kin_ave-bern_geoend,theta_rms-bern_geoend
BLh_M13641364_M0_LK_SR,1.0,BLh_M13641364_M0_LK,,M0,,LK,SR,,not passed,BLh,1.364,1.364,1.493,1.493,2.986,1.3521594778893316,1.3521594778893316,8.419387784561065,8.419387784561065,0.16060260572642243,0.16060260572642243,0.08664494556930284,0.08664494556930284,540.6480986441761,540.6480986441761,540.6480986441761,101.36553334134487,,2.7032,4.8,7.40018,9.6,282.5398127238872,nan,0.012157459539239855,inf,inf,nan,0.09074042708222266,0.14750740653835237,0.1353499469991125,0.14750740653835237,0.0033042788770829465,0.016186068021629703,0.09175710679882243,0.01460733937018588,0.001360180631957079,0.26276236646004214,22.83752927831698,0.18047272331750353,0.039595739220815926,39.48996652018779,0.014920026297187992,0.3375011486997776,19.11738796016301,0.1188169686963969,0.18825878449264288,31.078113740367115
BLh_M13641364_M0_LK_LR,1.0,BLh_M13641364_M0_LK,,M0,,LK,LR,,not passed,BLh,1.364,1.364,1.493,1.493,2.986,1.3521594778893316,1.3521594778893316,8.419387784561065,8.419387784561065,0.16060260572642243,0.16060260572642243,0.08664494556930284,0.08664494556930284,540.6480986441761,540.6480986441761,540.6480986441761,101.36553334134487,,2.7032,6.4,7.40018,12.8,282.5398127238872,nan,0.011534839054934128,inf,inf,nan,0.0347870905604679,0.15865671579484586,0.14712187673991173,0.15865671579484586,0.0033493331378004173,0.01793739818190306,0.04331881261766757,0.012613377416141883,0.0013124678630391147,0.26849849378712715,24.146868080882133,0.16096716294317281,0.030394288576597487,40.04594481494353,0.008950371066429522,0.32006523185919333,18.214900847121047,0.11648563870141,0.10854617807068423,32.061998322228405
BLh_M13641364_M0_LR,1.0,BLh_M13641364_M0,,M0,,,LR,,not passed,BLh,1.364,1.364,1.493,1.493,2.986,1.3521594778893316,1.3521594778893316,8.419387784561065,8.419387784561065,0.16060260572642243,0.16060260572642243,0.08664494556930284,0.08664494556930284,540.6480986441761,540.6480986441761,540.6480986441761,101.36553334134487,,2.7032,3.22750644388e-05,7.40018,3.92522650817e-05,282.5398127238872,nan,0.01095162493039459,inf,inf,nan,0.03663857374510726,0.1818709376233595,0.17091931269296493,0.1818709376233595,0.0032563092202946083,0.016182861590517097,0.03690345796893746,0.010548483833180964,0.002362421977101612,0.2577431955569612,21.007928120255173,0.18373474632531242,0.07128017994738932,36.119547005732805,0.007419342698824464,0.3136972629567267,18.028043478526033,0.11300566992131039,0.08468268608517379,32.969960446353404
BLh_M12591482_M0_LK_LR,1.1771247021445592,BLh_M12591482_M0_LK,,M0,,LK,LR,,not passed,BLh,1.259,1.482,1.638,1.366,3.004,1.469130137666893,1.247570467267147,8.361055106234629,8.45647552770007,0.17571507086618676,0.1475268210088436,0.07809723407027032,0.093936772582856,310.84789123567515,896.1298688659369,538.8245028501941,101.27798176626939,,2.7156,6.4,7.4088,12.8,283.0825310798306,nan,0.011377213615869389,inf,inf,nan,nan,nan,nan,nan,0.0034219843785414463,0.021247016656591466,0.06935853688051809,0.010375095438266887,0.0030100885767026563,0.1790076227977691,15.399563414928972,0.1893684255300298,0.09647685492833599,33.64987403944254,0.012787978703690344,0.32743548016876445,17.628494610271897,0.1071751088798969,0.13128602409914136,36.250754444819634
BLh_M12591482_M0_LR,1.1771247021445592,BLh_M12591482_M0,,M0,,,LR,,not passed,BLh,1.259,1.482,1.638,1.366,3.004,1.469130137666893,1.247570467267147,8.361055106234629,8.45647552770007,0.17571507086618676,0.1475268210088436,0.07809723407027032,0.093936772582856,310.84789123567515,896.1298688659369,538.8245028501941,101.27798176626939,,2.7156,6.4,7.4088,12.8,283.0825310798306,nan,0.011203825632898175,inf,inf,nan,0.015907134161865823,0.22853514634900624,0.21733132071610806,0.22853514634900624,0.0029858031920289288,0.01190898670212604,0.016380626549156344,0.012061690752537883,0.0025450300316316623,0.163422111619107,15.220806261596133,0.1976758955110137,0.08888512067331726,30.857972432762196,0.002282978448291852,0.2776949926153317,16.559122812652497,0.11984079236969811,0.02930487549139167,36.47684697615644
BLh_M11841581_M0_LK_SR,1.3353040540540542,BLh_M11841581_M0_LK,,M0,,LK,SR,,not passed,BLh,1.184,1.581,1.762,1.277,3.0389999999999997,1.5670289733545706,1.1731065987366227,8.307554925745736,8.47807848313123,0.18862799558106233,0.1383671957811774,0.07021096814727557,0.09869978116131302,196.01447005568426,1297.255681019288,538.3722167393255,101.7005046644407,,2.7391,4.8,7.41048,9.6,283.9817565082998,nan,0.011590007958606787,inf,inf,nan,0.009745672736455682,0.1935876925708726,0.18199768461226581,0.1935876925708726,0.0030334638718471437,0.007028806766768868,0.009736712755962305,0.008696386324568681,0.002903729766838754,0.11168688657543933,10.466980327882741,0.1747031026380684,0.07921112064977812,25.255350176460233,0.000130427717867036,0.31050549921126636,21.876169294139522,0.1604731763759106,0.003001950443320371,44.839409651788515
BLh_M11841581_M0_LK_LR,1.3353040540540542,BLh_M11841581_M0_LK,,M0,,LK,LR,,not passed,BLh,1.184,1.581,1.762,1.277,3.0389999999999997,1.5670289733545706,1.1731065987366227,8.307554925745736,8.47807848313123,0.18862799558106233,0.1383671957811774,0.07021096814727557,0.09869978116131302,196.01447005568426,1297.255681019288,538.3722167393255,101.7005046644407,,2.7391,6.4,7.41048,12.8,283.9817565082998,nan,0.01107772528164638,inf,inf,nan,nan,nan,nan,nan,0.003770378987487844,0.030062629262062122,0.06338453204400288,0.012345415586898199,0.002183067990569456,0.1675856961349299,15.425967719724301,0.1722993184845009,0.05792460836953748,32.3259183891909,0.017239063131160276,0.28184508456386453,16.54430740163361,0.10781783865156001,0.17911156491450836,31.459354375678036
BLh_M11841581_M0_LR,1.3353040540540542,BLh_M11841581_M0,,M0,,,LR,,not passed,BLh,1.184,1.581,1.762,1.277,3.0389999999999997,1.5670289733545706,1.1731065987366227,8.307554925745736,8.47807848313123,0.18862799558106233,0.1383671957811774,0.07021096814727557,0.09869978116131302,196.01447005568426,1297.255681019288,538.3722167393255,101.7005046644407,,2.7391,6.4,7.41048,12.8,283.9817565082998,nan,0.010667899140078057,inf,inf,nan,0.017984588190789394,0.2061735333667861,0.19550563422670802,0.21146312866497924,0.00215411597536396,0.007827863207194372,0.017956881336015237,0.010296283773225319,0.0018559300649824834,0.17360898955251575,17.737370818934465,0.16882815041696034,0.04728028192240584,33.38716600188706,0.001277905530673913,0.28725594709334573,18.424259363808925,0.10493066829513358,0.012575705330086175,39.189019685080076
BLh_M11461635_M0_LK_SR,1.4267015706806283,BLh_M11461635_M0_LK,,M0,,LK,SR,,not passed,BLh,1.146,1.635,1.832,1.232,3.064,1.6213951804100923,1.1350795429302611,8.263605612256866,8.484681881672556,0.1962083145206785,0.13378136934240306,0.06605372635936863,0.10114984054770902,151.43054105747132,1573.7025329018147,539.4094045585828,102.23881374237175,,2.75552,4.8,7.40518,9.6,284.60564388522,nan,0.011365391707939532,inf,inf,nan,0.052567486376719166,0.27696372102946043,0.2655983293215209,0.27696372102946043,0.002900132829870522,0.04781302868624579,0.05956605782456932,0.01424086054511604,0.0031887023396182466,0.16911902365133452,13.742636384676713,0.1579764055414668,0.0711257995715232,31.957140309693386,0.021834658406621774,0.28707865814453226,15.390119217500844,0.10018181574348933,0.19586323560750218,32.09373053253455
BLh_M16351146_M0_LK_LR,1.4267015706806283,BLh_M11461635_M0_LK,,M0,,LK,LR,,not passed,BLh,1.635,1.146,1.832,1.232,3.064,1.6213951804100923,1.1350795429302611,8.263605612256866,8.484681881672556,0.1962083145206785,0.13378136934240306,0.06605372635936863,0.10114984054770902,151.43054105747132,1573.7025329018147,539.4094045585828,102.23881374237175,,2.75552,6.4,7.40518,12.8,284.60564388522,nan,0.014088371167782922,inf,inf,nan,0.03382976230789815,0.26587595487082444,0.2517875837030415,0.2696114193510126,0.002220533710974936,0.022529105404725882,0.03505923845350347,0.011856778194304328,0.002126876809978846,0.21444737231282754,17.45176727944464,0.15349710768651117,0.044789009094298275,37.0276950560371,0.0069098521187450305,0.26921410624561287,15.276294520207692,0.08783620349830981,0.04764799060637867,34.03462825732377
BLh_M11041699_M0_LK_LR,1.5389492753623188,BLh_M11041699_M0_LK,,M0,,LK,LR,,not passed,BLh,1.104,1.699,1.915,1.184,3.099,1.6849871411119064,1.094279433896932,8.208971200099505,8.495731997435483,0.20526186312718964,0.12879977380853674,0.06093468175802161,0.1033527819091449,111.48883572341252,1943.4656308655144,539.6709445946757,102.75571839993503,,2.77836,6.4,7.39834,12.8,285.41574254555775,nan,0.010589086420545688,inf,inf,nan,0.025747641064727857,nan,nan,nan,0.002029016541912388,0.018927087847026014,0.04574624358891476,0.01415810830174912,0.00197487142713787,0.17191386568964648,15.912840461432483,0.1328173316843825,0.03113702055950442,31.20784134195677,0.006302365985701956,0.32337941710723395,18.534650554209914,0.103339264444199,0.060153801255928535,37.62106265116977
BLh_M11041699_M0_LR,1.5389492753623188,Blh_M11041699_M0,,M0,,,LR,,not passed,BLh,1.104,1.699,1.915,1.184,3.099,1.6849871411119064,1.094279433896932,8.208971200099505,8.495731997435483,0.20526186312718964,0.12879977380853674,0.06093468175802161,0.1033527819091449,111.48883572341252,1943.4656308655144,539.6709445946757,102.75571839993503,,2.77836,6.4,7.39834,12.8,285.41574254555775,nan,0.010226547910696784,inf,inf,nan,0.030096502299549188,0.2832375458545155,0.2730109979438187,0.28657697223954726,0.0025206118367688416,0.00806609377652129,0.01738942767786332,0.012566091300123414,0.0021562178969935166,0.20788962155423032,19.39113321115778,0.1561471412423773,0.04698826902875092,35.045413167314216,0.0007063952975805981,0.30069876808924134,20.549802974036556,0.12088385226569932,0.009225992717951414,42.50375660879138
BLh_M10651772_M0_LK_SR,1.663849765258216,BLh_M10651772_M0_LK,,M0,,LK,SR,,not passed,BLh,1.065,1.772,2.01,1.138,3.1479999999999997,1.756589424092347,1.0549045058228386,8.145153390800376,8.503330656124023,0.21566271634377543,0.12405849562235582,0.0547440025327414,0.10545537268213916,78.23272203901816,2392.4892403112226,534.6950583526873,102.2982045607223,,2.81064,4.8,7.4095,9.6,286.68261589256923,nan,0.0107624744035169,0.0018323957291276078,inf,nan,0.019123308843157875,0.2866375055164099,0.27587503111289297,0.2866375055164099,0.00496658213030335,0.016973788733495424,0.014418189509971488,0.010044082164032806,0.004470495397483253,0.11123166922481631,9.5285373828374,0.12762273960694684,0.06507894493450903,23.177377719053606,0.000448360579951341,0.3274972491503001,23.354675214909783,0.14871773845690145,0.008863019246586853,46.59223049846503
BLh_M10651772_M0_LK_LR,1.663849765258216,BLh_M10651772_M0_LK,,M0,,LK,LR,,not passed,BLh,1.065,1.772,2.01,1.138,3.1479999999999997,1.756589424092347,1.0549045058228386,8.145153390800376,8.503330656124023,0.21566271634377543,0.12405849562235582,0.0547440025327414,0.10545537268213916,78.23272203901816,2392.4892403112226,534.6950583526873,102.2982045607223,,2.81064,6.4,7.4095,12.8,286.68261589256923,nan,0.010258072998509732,inf,inf,nan,0.0643151379473903,0.25602496167023975,0.24576688867173002,0.2907220362513153,0.0018565923825319445,0.023287595182498847,0.06458248010636775,0.01310201546908823,0.0038566273065249114,0.1056141531424317,11.404363803212508,0.11418041743308456,0.044938611527528476,24.285513671766473,0.008007388215077061,0.3983282989912888,20.37095362147701,0.10985063019760333,0.08636240245096141,43.30281604010807
BLh_M10201856_M0_LK_HR,1.8196078431372549,BLh_M10201856_M0_LK,,M0,,LK,HR,,not passed,BLh,1.02,1.856,2.124,1.086,3.21,1.8407089913921013,1.0100953693923655,8.037930021953839,8.511393649909584,0.2290030150176883,0.1186783526507293,0.04770764834105641,0.10763630754217035,50.500659562340296,3048.3044375432096,532.0155472071499,102.38258478086425,,2.85004,3.2,7.4058,6.4,288.26939067519544,nan,0.010983150018207537,0.0014501540393956121,inf,nan,nan,nan,nan,nan,0.5809833816881003,0.8422513675091076,0.009571206258781446,0.005867008553989424,0.00829529087524645,0.024504569910798628,3.4789950158919924,0.11176720246925094,0.09261665798509468,5.77866150512144,0.010542614057354713,0.03581275559865314,3.050138065552068,0.08353777144896718,0.06575712304053909,6.325593331557344
BLh_M10201856_M0_LK_LR,1.8196078431372549,BLh_M10201856_M0_LK,,M0,,LK,LR,,not passed,BLh,1.02,1.856,2.124,1.086,3.21,1.8407089913921013,1.0100953693923655,8.037930021953839,8.511393649909584,0.2290030150176883,0.1186783526507293,0.04770764834105641,0.10763630754217035,50.500659562340296,3048.3044375432096,532.0155472071499,102.38258478086425,,2.85004,6.4,7.4058,12.8,288.26939067519544,nan,0.009911297032567302,0.0014028664076761888,inf,nan,0.015582770563040412,0.17203693514413856,0.16212563811157127,0.1735331736229084,0.02047053965022695,0.032304844082392384,0.011998638367322643,0.005788195734885891,0.00840698825701102,0.04308360607444159,4.5589368921127,0.11705241280030045,0.10295084281839029,6.9693575316871605,0.009664502118015993,0.04100389332750178,3.9577919994952473,0.08378984466589909,0.06064443877560071,7.217924178229108
BLh_M10201856_M0_LK_SR,1.8196078431372549,BLh_M10201856_M0_LK,,M0,,LK,SR,,not passed,BLh,1.02,1.856,2.124,1.086,3.21,1.8407089913921013,1.0100953693923655,8.037930021953839,8.511393649909584,0.2290030150176883,0.1186783526507293,0.04770764834105641,0.10763630754217035,50.500659562340296,3048.3044375432096,532.0155472071499,102.38258478086425,,2.85004,4.8,7.4058,9.6,288.26939067519544,nan,0.010443282889410804,0.0014304508595125182,inf,nan,0.003913038911563204,0.1753531655592866,0.1649098826698758,0.1753531655592866,7.687047753439855,7.970018906416535,0.017456418258860757,0.005870949832513978,0.007616927606203903,0.030040209162135664,4.034706308885939,0.11229973016377448,0.08585507629822522,6.836790521089604,0.009554049507248452,0.03656647491895116,3.623040388272401,0.08280531607580391,0.0585507754137313,7.581693818940787
BLh_M10201856_M0_HR,1.8196078431372549,BLh_M10201856_M0,,M0,,,HR,,not passed,BLh,1.02,1.856,2.124,1.086,3.21,1.8407089913921013,1.0100953693923655,8.037930021953839,8.511393649909584,0.2290030150176883,0.1186783526507293,0.04770764834105641,0.10763630754217035,50.500659562340296,3048.3044375432096,532.0155472071499,102.38258478086425,,2.85004,3.2,7.4058,6.4,288.26939067519544,nan,0.012181103355099563,0.0009930402661078672,inf,nan,nan,nan,nan,nan,0.004885601209785293,0.015967560116333216,0.04513150813538849,0.005851246290991898,0.010142456661162258,0.020310503590881848,3.2843153935451856,0.11597636649344917,0.12193008662722887,5.70938870579081,0.010972674333477194,0.03704176623708426,3.035777258562382,0.09061773457375313,0.08053183891078267,8.580031977546602
BLh_M10201856_M0_LR,1.8196078431372549,BLh_M10201856_M0,,M0,,,LR,,not passed,BLh,1.02,1.856,2.124,1.086,3.21,1.8407089913921013,1.0100953693923655,8.037930021953839,8.511393649909584,0.2290030150176883,0.1186783526507293,0.04770764834105641,0.10763630754217035,50.500659562340296,3048.3044375432096,532.0155472071499,102.38258478086425,,2.85004,6.4,7.4058,12.8,288.26939067519544,nan,0.011723989581811818,0.0016865921979927218,inf,nan,0.03477600752178367,0.10123706415847494,0.08951307457666313,0.16048694809001904,0.010556681643886567,0.02057324214629464,0.05372209664608201,0.005961583966266719,0.011419673288578071,0.0350642672797763,3.842715220990487,0.12002159977589202,0.14702839847743815,6.751907901409236,0.00977868473685502,0.048047946055825755,3.551285417656719,0.0944351789442501,0.07794294025849031,10.436711605972572
BLh_M10201856_M0_SR,1.8196078431372549,BLh_M10201856_M0,,M0,,,SR,,not passed,BLh,1.02,1.856,2.124,1.086,3.21,1.8407089913921013,1.0100953693923655,8.037930021953839,8.511393649909584,0.2290030150176883,0.1186783526507293,0.04770764834105641,0.10763630754217035,50.500659562340296,3048.3044375432096,532.0155472071499,102.38258478086425,,2.85004,4.8,7.4058,9.6,288.26939067519544,nan,0.011897377564783032,0.0013122317802139634,inf,nan,0.015198712486412946,0.13957861019298434,0.1276812326282013,0.17412449053108503,0.020520157535838066,0.038142666594138334,0.026263740018730226,0.005953703180675571,0.010554765649035429,0.029031321790402055,3.5232445658031626,0.11777353961973737,0.1308491864411576,6.3572293942450795,0.011828145078634753,0.0385546789612031,3.260314211087456,0.08406840401422255,0.0747155457819579,7.872219495022304
DD2_M13641364_M0_LR,1.0,DD2_M13641364_M0,,M0,,,LR,,not passed,DD2,1.364,1.364,1.4906,1.4906,2.9812,1.3550051351598933,1.3550051351598933,8.945981509267504,8.945981509267504,0.15146693100289768,0.15146693100289768,0.10051160977214431,0.10051160977214431,840.5313166952681,840.5313166952681,840.5313166952682,157.5930686205143,,2.70514,6.4,7.4276,12.8,283.3276296921921,nan,0.012181103355099563,inf,inf,nan,0.03775463574061019,0.2268441006265305,0.21466299727143093,0.2268441006265305,0.0012298437496043187,0.022516925656494734,0.037912256890128254,0.01080068560797989,0.0007746724070774589,0.20681879990055196,22.015602548248392,0.17350020698262614,0.020842355862006987,33.477182080381226,0.005699705880920971,0.2764966778711658,16.93985179414949,0.15846978339002954,0.12793050058835834,31.27650747024097
DD2_M13641364_M0_SR,1.0,DD2_M13641364_M0,,M0,,,SR,,not passed,DD2,1.364,1.364,1.4906,1.4906,2.9812,1.3550051351598933,1.3550051351598933,8.945981509267504,8.945981509267504,0.15146693100289768,0.15146693100289768,0.10051160977214431,0.10051160977214431,840.5313166952681,840.5313166952681,840.5313166952682,157.5930686205143,,2.70514,4.8,7.4276,9.6,283.3276296921921,nan,0.01240571960576682,inf,inf,nan,0.09169892521109799,0.19595926441252232,0.1835535448067555,0.21015391941182315,0.0004602105213207916,0.017556100138146076,0.09711242839924188,0.010032262655414058,0.0026583355537668366,0.22638986818130385,18.352463611430657,0.14165277760788916,0.04767478185661036,33.21214276817721,0.010377344228267847,0.2880055149168005,16.73527860285618,0.1606764874191388,0.2394526270379003,29.918850783027505
DD2_M13641364_M0_HR,1.0,DD2_M13641364_M0,,M0,,,HR,,not passed,DD2,1.364,1.364,1.4906,1.4906,2.9812,1.3550051351598933,1.3550051351598933,8.945981509267504,8.945981509267504,0.15146693100289768,0.15146693100289768,0.10051160977214431,0.10051160977214431,840.5313166952681,840.5313166952681,840.5313166952682,157.5930686205143,,2.70514,3.2,7.4276,6.4,283.3276296921921,nan,0.01270126730401321,inf,inf,nan,nan,nan,nan,nan,0.0006994343168135997,0.003693452694091823,0.006592087520172162,0.006544798685123487,0.0005769879465104293,0.21644210973369898,22.314704090995775,0.2180800309064071,0.02452603060530629,29.498586930324073,1.0713714367931008e-05,0.21479103440997077,16.509027325710573,0.22386915440370045,0.0004799072451745705,29.035539814262627
DD2_M13641364_M0_LR_R04,1.0,DD2_M13641364_M0_R04,,M0,,,LR,,not passed,DD2,1.364,1.364,1.4873,1.4873,2.9746,1.3522764541776011,1.3522764541776011,8.945293131529587,8.945293131529587,0.15117336208282217,0.15117336208282217,0.10067064972787836,0.10067064972787836,850.0629704132243,850.0629704132243,850.0629704132245,159.38099189151694,,2.70356,6.4,7.4056,12.8,282.6591789312061,nan,0.009138932381150074,inf,inf,nan,0.009433654411275768,0.17182782133696256,0.1626888889558125,0.17182782133696256,0.0017530378407728394,0.026757738071676192,0.09196202650261229,0.01188830107045477,0.001210286303238181,0.24775508061429788,25.127679801021298,0.1720860107746289,0.03203376444044605,38.436925156658184,0.015220176747428996,0.29892219632717537,17.435424115101856,0.16638963858073003,0.37661791758038304,29.42903377047476
DD2_M13641364_M0_SR_R04,1.0,DD2_M13641364_M0_R04,,M0,,,SR,,not passed,DD2,1.364,1.364,1.4873,1.4873,2.9746,1.3522764541776011,1.3522764541776011,8.945293131529587,8.945293131529587,0.15117336208282217,0.15117336208282217,0.10067064972787836,0.10067064972787836,850.0629704132243,850.0629704132243,850.0629704132245,159.38099189151694,,2.70356,4.8,7.4056,9.6,282.6591789312061,nan,0.009320201636074527,inf,inf,nan,0.08840864810171437,0.21374564385041595,0.20442544221434142,0.21567854564636946,0.0013177729195267063,0.017264926672476307,0.11017563724446441,0.012621257170321004,0.0010345973445008694,0.24422813657636455,26.091269503660502,0.1875260966586991,0.03251797645779665,37.705168010437816,0.013506030821743516,0.3094144710677073,18.070510292680584,0.16718124026514342,0.33738948798798457,28.593757355052094
DD2_M13641364_M0_HR_R04,1.0,DD2_M13641364_M0_R04,,M0,,,HR,,not passed,DD2,1.364,1.364,1.4873,1.4873,2.9746,1.3522764541776011,1.3522764541776011,8.945293131529587,8.945293131529587,0.15117336208282217,0.15117336208282217,0.10067064972787836,0.10067064972787836,850.0629704132243,850.0629704132243,850.0629704132245,159.38099189151694,,2.70356,3.2,7.4056,6.4,282.6591789312061,nan,0.009525114706858689,inf,inf,nan,nan,nan,nan,nan,0.0006691292817490328,0.006303471693818573,0.008128933572069114,0.007971309088960593,0.0005639055633639274,0.23931436930952946,30.200040270091204,0.21140045518840703,0.022524073744625447,35.85871813871189,2.3817408185948396e-05,0.2564627214497762,22.114252507769628,0.21031045835709386,0.0009415534187876217,38.123005994023565
DD2_M13641364_M0_LK_LR_R04,1.0,DD2_M13641364_M0_LK_R04,,M0,,LK,LR,,not passed,DD2,1.364,1.364,1.4873,1.4873,2.9746,1.3522764541776011,1.3522764541776011,8.945293131529587,8.945293131529587,0.15117336208282217,0.15117336208282217,0.10067064972787836,0.10067064972787836,850.0629704132243,850.0629704132243,850.0629704132245,159.38099189151694,,2.70356,6.4,7.4056,12.8,282.6591789312061,nan,0.007483865270970301,inf,inf,nan,0.008192846658138016,0.12286540242429408,0.11538153715332378,0.12286540242429408,3.2670156988420965e-05,0.017054845639985862,0.12299846564734176,0.010958311011435552,0.0009386645908920613,0.2671477695863065,27.90617204226098,0.1571544254885606,0.020720125954278322,39.25292667610255,0.015972197815563176,0.3141375298365014,18.579431103278672,0.16748391882113844,0.4004420107951832,31.61252119338033
DD2_M13641364_M0_LK_SR_R04,1.0,DD2_M13641364_M0_LK_R04,,M0,,LK,SR,,not passed,DD2,1.364,1.364,1.4873,1.4873,2.9746,1.3522764541776011,1.3522764541776011,8.945293131529587,8.945293131529587,0.15117336208282217,0.15117336208282217,0.10067064972787836,0.10067064972787836,850.0629704132243,850.0629704132243,850.0629704132245,159.38099189151694,,2.70356,4.8,7.4056,9.6,282.6591789312061,nan,0.007771531697263453,inf,inf,nan,0.11280370926690544,0.256458432180807,0.24868690048354355,0.266228218562901,0.001160210882706274,0.022294467715207936,0.11302471661950138,0.012254779581079747,0.0014714964602432225,0.2799016119246356,26.025323598862187,0.15351070950160609,0.030993120493978718,40.19430289891842,0.01664983241038486,0.30239377462586386,17.836594539209646,0.16900492503319106,0.42504735015268075,30.90394634815792
DD2_M13641364_M0_LK_HR_R04,1.0,DD2_M13641364_M0_LK_R04,,M0,,LK,HR,,not passed,DD2,1.364,1.364,1.4873,1.4873,2.9746,1.3522764541776011,1.3522764541776011,8.945293131529587,8.945293131529587,0.15117336208282217,0.15117336208282217,0.10067064972787836,0.10067064972787836,850.0629704132243,850.0629704132243,850.0629704132245,159.38099189151694,,2.70356,3.2,7.4056,6.4,282.6591789312061,nan,0.008216823562621345,inf,inf,nan,0.06861381764594685,0.2304307912234907,0.22221396766086934,0.2304307912234907,0.002344431892308072,0.02860190636685027,0.06860981591081691,0.012731595784784088,0.0012142755777738614,0.25944088780767216,25.358506436864772,0.1585786470266439,0.02729200246289149,40.655592809443476,0.012895900096086772,0.3032787057036184,17.815675810450912,0.16942826928222324,0.33086599474433787,30.076383032322944
DD2_M14321300_M0_LR,1.1015384615384614,DD2_M14321300_M0,,M0,,,LR,,not passed,DD2,1.432,1.3,1.5689,1.4109,2.9798,1.4193937838171984,1.2887796344686702,8.952700814393928,8.930039811744285,0.15854817520379091,0.14431973885011218,0.09710799824973461,0.10415415601113248,646.2779955758997,1109.0722233914673,847.8337162566156,159.04856618667117,,2.70722,6.4,7.4062,12.8,282.8469817640546,nan,0.009265032732401868,inf,inf,nan,0.040670706363307885,0.2526573326300692,0.2433922998976673,0.25275331845989935,0.0015868644635563436,0.01819173396889351,0.04167950791725061,0.011037123254026393,0.001256964793649198,0.25206822105448423,24.76093680747583,0.15963902987738532,0.028630570281274106,35.99178951628351,0.005238170004803485,0.2682629651189426,17.319507114062393,0.16200537430573145,0.12287602631250101,32.15860529879688
DD2_M14351298_M0_LR,1.105546995377504,DD2_M14351298_M0,,M0,,,LR,,not passed,DD2,1.435,1.298,1.5743,1.4105,2.9848,1.4238112835221297,1.288445586535253,8.953326080223142,8.929975528856504,0.1590302798377512,0.1442834137476076,0.096853644421055,0.10417062504368182,634.8674782379557,1110.6463174765286,841.016637316643,157.7768823659431,,2.7073,6.4,7.40569,12.8,282.8422071157618,nan,0.011771277213531238,inf,inf,nan,0.02605882816200645,0.27518054773962053,0.2634092705260893,0.27518054773962053,0.0016390624218635382,0.022872682333191115,0.02637407866672923,0.011462710177463788,0.0010338356679752893,0.23283396124922193,20.74802121693618,0.18231452297985193,0.030713037326719084,36.04419389718104,0.002933118219040735,0.2501594173850473,15.614104295981052,0.15448185532900202,0.06256237772414609,31.248924362111982
DD2_M14861254_M0_LR,1.1850079744816586,DD2_M14861254_M0,,M0,,,LR,,not passed,DD2,1.486,1.254,1.6359,1.3583,2.9942,1.4739938591683253,1.2447050641999713,8.96400213168049,8.92018437194327,0.16443919751293518,0.13954267419547675,0.09366797912781258,0.10631861351778847,519.4229269370685,1339.8472128772585,837.9716942154137,157.36913730119463,,2.71388,6.4,7.40895,12.8,283.32444659333026,nan,0.011881615020876557,inf,inf,nan,0.02796609597468981,0.2741954144504335,0.26231379942955696,0.2741954144504335,0.0018889359018157339,0.03276322503770366,0.028407447985762925,0.01065882203673777,0.001681370803774476,0.198647903163973,16.570090674280486,0.16501185383514258,0.04091876465348537,31.56433655419297,0.0051315774722475995,0.2663195024200563,15.732004425730564,0.15733439945216518,0.11353427435373689,32.637782177940245
DD2_M14861254_M0_HR,1.1850079744816586,DD2_M14861254_M0,,M0,,,HR,,not passed,DD2,1.486,1.254,1.6359,1.3583,2.9942,1.4739938591683253,1.2447050641999713,8.96400213168049,8.92018437194327,0.16443919751293518,0.13954267419547675,0.09366797912781258,0.10631861351778847,519.4229269370685,1339.8472128772585,837.9716942154137,157.36913730119463,,2.71388,3.2,7.40895,6.4,283.32444659333026,nan,0.011180181817038464,inf,inf,nan,0.05867941277645447,0.22904980072268732,0.21786961890564885,0.2295211459751482,0.00227039436550725,0.03854141970053184,0.05871093569614132,0.00992586387612064,0.0014445225103258761,0.1644353324534548,14.117229643646855,0.1842620793301432,0.04383540006140012,28.01393756947969,0.014960843012330147,0.274566554613705,15.792407039783889,0.1626075320105343,0.35356242793701365,29.50953654740865
DD2_M14971246_M0_LR,1.2014446227929374,DD2_M14971245_M0,,M0,,,LR,,not passed,DD2,1.497,1.246,1.6485,1.3455,2.9939999999999998,1.484207396911409,1.233933188082843,8.965688672030094,8.916413877732708,0.16554769354910814,0.13839125170273764,0.09302411969804976,0.10690170829134245,498.8036794658691,1404.0454323064853,841.302937496367,158.05645252974168,,2.71722,6.4,7.40542,12.8,283.1987141882877,nan,0.00928079527630834,inf,inf,nan,0.036619732579344054,0.27134326403891595,0.26206246876260764,0.2713575143780973,0.0014207997946042187,0.02622073275601021,0.037281757175779064,0.009917983740424829,0.001254325357850141,0.2065528997321249,20.256890163338916,0.17600390324409446,0.03472830011053507,32.62287809757241,0.005835585089889161,0.27352820705456476,15.756292008925747,0.15287149172035244,0.12188945577938137,33.65485868088109
DD2_M14971245_M0_SR,1.202409638554217,DD2_M14971245_M0,,M0,,,SR,,not passed,DD2,1.497,1.245,1.6485,1.3455,2.9939999999999998,1.484207396911409,1.233933188082843,8.965688672030094,8.916413877732708,0.16554769354910814,0.13839125170273764,0.09302411969804976,0.10690170829134245,498.8036794658691,1404.0454323064853,841.302937496367,158.05645252974168,,2.71722,4.8,7.40542,9.6,283.1987141882877,nan,0.007854285052772442,inf,inf,nan,0.09012568786987017,0.23296764306724072,0.22511335801446827,0.24793201661668718,0.0005914069695534343,0.020779156519320614,0.09102415073776635,0.010067727082614025,0.0022531945423575196,0.17743817866760697,14.934275261341657,0.16658315187088688,0.05588426787242976,29.458560131044926,0.010208897910758897,0.2946822868899788,16.133965663508874,0.15866703329493387,0.22971057505667908,31.094800524841194
DD2_M14971245_M0_HR,1.202409638554217,DD2_M14971245_M0,,M0,,,HR,,not passed,DD2,1.497,1.245,1.6485,1.3455,2.9939999999999998,1.484207396911409,1.233933188082843,8.965688672030094,8.916413877732708,0.16554769354910814,0.13839125170273764,0.09302411969804976,0.10690170829134245,498.8036794658691,1404.0454323064853,841.302937496367,158.05645252974168,,2.71722,3.2,7.40542,6.4,283.1987141882877,nan,0.008327161369966665,inf,inf,nan,0.03656456367567139,0.21331569524826827,0.2049885338783016,0.21742627135029544,0.0008412927376648702,0.018055103941402834,0.055180127324415046,0.009043161349249682,0.0028719307313597574,0.14374588952777592,12.731991510707049,0.16235087188138933,0.06765687534811467,25.143080218589876,0.0054962083879462,0.28510404875122125,16.096562453581257,0.15385782625064234,0.1162869822378759,34.54017591344798
DD2_M15091235_M0_LK_SR,1.2218623481781374,DD2_M15091235_M0_LK,,M0,,LK,SR,,not passed,DD2,1.509,1.235,1.6632,1.3343,2.9975,1.4961009658272757,1.2244929800143884,8.967332585305703,8.912705880168899,0.16684374901118593,0.13738686268167186,0.09228240537081207,0.10742791016708397,475.8958936497584,1463.1337441799483,839.6692078137436,157.81759530013542,,2.71968,4.8,7.40527,9.6,283.28306630812637,nan,0.007747887881403743,inf,inf,nan,0.10612072929896471,0.22477189335040748,0.21702400546900374,0.23553323303349316,0.00048097126100354626,0.016774796704875354,0.10723198273598594,0.010788862345809162,0.0027049016620332746,0.19816922261047543,15.503668874285083,0.18231965735086267,0.08036134516894503,30.720255608142658,0.009759523479713091,0.31381654484503957,17.420120896654677,0.16227595367295092,0.22970247705820707,36.92583256157838
DD2_M15091235_M0_LK_HR,1.2218623481781374,DD2_M15091235_M0_LK,,M0,,LK,HR,,not passed,DD2,1.509,1.235,1.6632,1.3343,2.9975,1.4961009658272757,1.2244929800143884,8.967332585305703,8.912705880168899,0.16684374901118593,0.13738686268167186,0.09228240537081207,0.10742791016708397,475.8958936497584,1463.1337441799483,839.6692078137436,157.81759530013542,,2.71968,5.73166395787e-05,7.40527,7.30614011007e-05,283.28306630812637,nan,0.008193179746761634,inf,inf,nan,0.008704267320978534,0.18879116009230967,0.18059798034554803,0.18879116009230967,0.0028345989649515156,0.034655200084920255,0.019801099071607278,0.010138659024939226,0.002328580029916766,0.1950347320624483,16.616623894356994,0.16882360544235867,0.059317963930007725,31.639453198126397,0.0034993196316478775,0.26544045117716303,15.171442505117223,0.15848018351068774,0.07855290837537264,35.10857788124221
DD2_M11461635_M0_LK_SR,1.4267015706806283,DD2_M11461635_M0_LK,,M0,,LK,SR,,not passed,DD2,1.146,1.635,1.821,1.228,3.049,1.6222982712203213,1.1342582516663555,8.974904066104964,8.887498717753727,0.18076386118599308,0.12762625293320962,0.08432984926721172,0.1113758846046218,291.3283448221084,2192.973947398243,815.9765964667214,154.12255287654085,,2.75582,4.8,7.40757,9.6,284.66134811530213,nan,0.003267384775988497,inf,inf,nan,0.06180039646993633,0.29066218226216733,0.28739479748617885,0.3387944074347615,0.0009305888493669719,0.039665330483280435,0.06198954611171063,0.007726989044733606,0.011518300363648138,0.09883360748630565,8.079450215110198,0.13440327437456007,0.18596740164817946,18.73741651874704,0.003602136710256996,0.25857703718602965,14.366692584592936,0.17005001787415175,0.0930984135300036,43.19274573801749
DD2_M16351146_M0_LK_LR,1.4267015706806283,DD2_M11461635_M0_LK,,M0,,LK,LR,,not passed,DD2,1.635,1.146,1.821,1.228,3.049,1.6222982712203213,1.1342582516663555,8.974904066104964,8.887498717753727,0.18076386118599308,0.12762625293320962,0.08432984926721172,0.1113758846046218,291.3283448221084,2192.973947398243,815.9765964667214,154.12255287654085,,2.75582,6.4,7.40757,12.8,284.66134811530213,nan,0.009265032732401868,inf,inf,nan,0.036635495123250525,0.3216038108975799,0.312338778165178,0.32202109611696667,0.001962539311803924,0.055865315301865,0.03764429954298876,0.010974072715724925,0.002420797050580889,0.17342547890501198,14.308859884221397,0.1415717508884945,0.0433650960973322,32.28537811305872,0.006093670330014145,0.27567894887147626,15.974552188497553,0.15930500460598906,0.13821860934433763,36.26850801763728
LS220_M13641364_M0_LK_SR_restart,1.0,LS220_M13641364_M0_LK,,M0,,LK,SR,,not passed,LS220,1.364,1.364,1.4912,1.4912,2.9824,1.340909104971787,1.340909104971787,8.61325907811382,8.61325907811382,0.15567833328415562,0.15567833328415562,0.09806175880473164,0.09806175880473164,714.9062568527216,714.9062568527216,714.9062568527216,134.05061930144163,,2.70282,4.8,7.39835,9.6,282.4745591972195,nan,0.011708227037905342,0.013677947474842847,-0.011708104167763682,0.048136136852055714,0.020447362531301694,0.05548810004256666,0.04377987300466132,0.09267253347206861,0.0025858641304139507,0.006556574824379671,0.02704398980784547,0.010777040333033913,0.001479496691151624,0.25785540158844966,20.42760508147678,0.15339506256136748,0.03111469047921134,36.25131443529708,0.0026642372780448067,0.3158065141681658,19.844410292462445,0.12468467346007578,0.03701926316377053,33.816782031903706
LS220_M13641364_M0_LR,1.0,LS220_M13641364_M0,,M0,,,LR,,not passed,LS220,1.364,1.364,1.4912,1.4912,2.9824,1.340909104971787,1.340909104971787,8.61325907811382,8.61325907811382,0.15567833328415562,0.15567833328415562,0.09806175880473164,0.09806175880473164,714.9062568527216,714.9062568527216,714.9062568527216,134.05061930144163,,2.70282,6.4,7.39835,12.8,282.4745591972195,nan,0.013284481428552744,0.03344811816953791,-0.013284330801017312,0.02497682979398966,0.03463365204712833,0.07402226908339395,0.060737787654841204,0.11446956255369717,0.018662420356149383,0.03397152420329815,0.03586312819273365,0.03580007765443218,0.002150338192622194,0.21809732400639048,20.099079744989446,0.17620910331108153,0.0579689578054584,35.21130243397049,3.551395393824142e-05,0.327084231400492,100.30777743386655,0.1594534952875616,0.00016748267923610464,61.933229846008956
LS220_M13641364_M0_SR,1.0,LS220_M13641364_M0,,M0,,,SR,,not passed,LS220,1.364,1.364,1.4912,1.4912,2.9824,1.340909104971787,1.340909104971787,8.61325907811382,8.61325907811382,0.15567833328415562,0.15567833328415562,0.09806175880473164,0.09806175880473164,714.9062568527216,714.9062568527216,714.9062568527216,134.05061930144163,,2.70282,4.8,7.39835,9.6,282.4745591972195,nan,0.013658841846331503,0.016113260508393085,-0.013658697313776242,0.06651653350276604,0.03627689724937825,0.06946991011500359,0.05581106826867208,0.11965434206649661,0.0027422717032461737,0.00830915153317534,0.03719900384749517,0.012514861526146982,0.0017084176817862195,0.216811434297202,16.90809403498971,0.1555527883747223,0.03694693221030284,33.21551894485989,0.003731422890900068,0.29360396820659684,17.550508412407744,0.11332782539395972,0.042832784403077945,32.93986178244078
LS220_M13641364_M0_HR,1.0,LS220_M13641364_M0,,M0,,,HR,,not passed,LS220,1.364,1.364,1.4912,1.4912,2.9824,1.340909104971787,1.340909104971787,8.61325907811382,8.61325907811382,0.15567833328415562,0.15567833328415562,0.09806175880473164,0.09806175880473164,714.9062568527216,714.9062568527216,714.9062568527216,134.05061930144163,,2.70282,3.2,7.39835,6.4,282.4745591972195,nan,0.014025320992157026,0.015376361580765422,-0.014025178361856723,0.04838825346972676,nan,nan,nan,nan,0.0019781392680925714,0.007601093684256963,0.027051868155315358,0.010690348460987048,0.0010469113447540586,0.22330295948539622,18.524931651803065,0.15583137156065405,0.022722097415904512,36.55578894094524,0.002930130353198705,0.29048154146167154,18.311716123699796,0.11049375911809511,0.031973572533683936,33.140036036156346
LS220_M14001330_M0_HR,1.0526315789473684,LS220_M14001330_M0,,M0,,,HR,,not passed,LS220,1.4,1.33,1.5343,1.4499,2.9842,1.3759204294347165,1.3071868701374927,8.601126376825333,8.629125222172071,0.1599701977938728,0.1514813041002818,0.09470986102771517,0.10092104872713396,602.7135823209809,843.4058506945146,714.5790818732453,134.02761196895247,,2.7041,3.2,7.40167,6.4,282.61939019543314,nan,0.014072608623876449,0.013863157365743917,-0.014072473602595977,0.04462455657947581,nan,nan,nan,nan,0.0027921979773235027,0.007937410567445095,0.0241042706628896,0.01132085132204068,0.00140345758463468,0.21553846917560868,17.735435711256272,0.15114425788628089,0.028655719814492473,34.962719930406514,0.003185568811969287,0.290014062770084,17.8926975261457,0.12112425744239767,0.04177129803635574,32.516292189864
LS220_M14001330_M0_SR,1.0526315789473684,LS220_M14001330_M0,,M0,,,SR,,not passed,LS220,1.4,1.33,1.5343,1.4499,2.9842,1.3759204294347165,1.3071868701374927,8.601126376825333,8.629125222172071,0.1599701977938728,0.1514813041002818,0.09470986102771517,0.10092104872713396,602.7135823209809,843.4058506945146,714.5790818732453,134.02761196895247,,2.7041,4.8,7.40167,9.6,282.61939019543314,nan,0.013682485662191216,0.017307273209308496,-0.013682334957012725,0.06866150051191708,nan,nan,nan,nan,0.003082685083115687,0.009565051381897715,0.023272800155193504,0.010883440159470733,0.0017233757755049585,0.20578055113077126,16.161301091568404,0.16098612825940228,0.03991954848100561,31.60408613426107,0.003482790672688846,0.2973443588631145,18.356935337835175,0.1276293696625002,0.050705765838002265,32.43479408654348
LS220_M14351298_M0_HR,1.105546995377504,LS220_M14351298_M0,,M0,,,HR,,not passed,LS220,1.435,1.298,1.5771,1.4119,2.989,1.4104850174013652,1.275928744462188,8.587981827741373,8.635343605828568,0.16423992286762187,0.14775698440771193,0.09133615852217708,0.10395240708830118,509.52803200092876,984.0408834523361,714.2262511053704,134.04555405446385,,2.70742,3.2,7.40455,6.4,282.8215169731599,nan,0.014048964808016737,inf,inf,nan,nan,nan,nan,nan,0.0036947098416641724,0.020583019931780064,0.02439587833520798,0.010556367134422342,0.0019904592473164204,0.20299901127927264,15.314754902373988,0.16284426038081865,0.047176631408472176,33.3772075174676,0.005265704000615238,0.25730841511890545,15.436639058825197,0.10868008579385995,0.05558852018302814,32.3158753217371
LS220_M14351298_M0_SR,1.105546995377504,LS220_M14351298_M0,,M0,,,SR,,not passed,LS220,1.435,1.298,1.5771,1.4119,2.989,1.4104850174013652,1.275928744462188,8.587981827741373,8.635343605828568,0.16423992286762187,0.14775698440771193,0.09133615852217708,0.10395240708830118,509.52803200092876,984.0408834523361,714.2262511053704,134.04555405446385,,2.70742,4.8,7.40455,9.6,282.8215169731599,nan,0.013635198030471795,0.0170117255110621,-0.013635048955797553,0.09101613453316941,nan,nan,nan,nan,0.0027433290500889717,0.011241251103681174,0.025069726254940042,0.009961329024434097,0.0024146765153186204,0.17315759846349477,12.536666060040092,0.19070487295943514,0.07848944609533395,27.11788798118609,0.004002260421531781,0.27566768361686217,16.917132346313597,0.10944436056585213,0.04284704204692821,33.2129341117005
LS220_M14691268_M0_LK_HR,1.1585173501577288,LS220_M14691268_M0_LK,,M0,,LK,HR,,not passed,LS220,1.469,1.268,1.6195,1.3769,2.9964,1.4444565583692122,1.2470178901890594,8.566897064338601,8.642647931337459,0.16861202045323748,0.14428794454614413,0.08834135216022214,0.10657091374485442,432.18275494941486,1136.0939584551613,713.8431199676422,134.11732143108924,,2.71256,3.2,7.40587,6.4,283.00454515771554,nan,0.012315084978304594,inf,inf,nan,nan,nan,nan,nan,0.004086018630475605,0.012221239288652323,0.011281442076601297,0.009957390085496218,0.003419971947495947,0.22015047634385088,15.309088852406013,0.1637210228451944,0.08193324720919264,33.37751530600223,0.0013656143525347937,0.21580386907888108,13.500667072957556,0.11320131070119878,0.015640826854669998,30.524399926133345
LS220_M14691268_M0_LK_SR,1.1585173501577288,LS220_M14691268_M0_LK,,M0,,LK,SR,,passed,LS220,1.469,1.268,1.6195,1.3769,2.9964,1.4444565583692122,1.2470178901890594,8.566897064338601,8.642647931337459,0.16861202045323748,0.14428794454614413,0.08834135216022214,0.10657091374485442,432.18275494941486,1136.0939584551613,713.8431199676422,134.11732143108924,,2.71256,4.8,7.40587,9.6,283.00454515771554,nan,0.011578186050676934,0.0688744355993383,inf,nan,0.09548101216209473,0.1276299343444407,0.11605174829376376,0.30585972033441067,0.03130591266415372,0.056059590950835264,0.09576474259731806,0.01544669586358107,0.003403750832960039,0.2175139650290329,15.500936989737362,0.1652344420838701,0.08305918062637034,34.78849467219878,0.029254554576935102,0.29676177752801997,16.586574593311965,0.11630566994512936,0.3536909843195738,32.51405372476221
LS220_M14691268_M0_HR,1.1585173501577288,LS220_M14691268_M0,,M0,,,HR,,not passed,LS220,1.469,1.268,1.6195,1.3769,2.9964,1.4444565583692122,1.2470178901890594,8.566897064338601,8.642647931337459,0.16861202045323748,0.14428794454614413,0.08834135216022214,0.10657091374485442,432.18275494941486,1136.0939584551613,713.8431199676422,134.11732143108924,,2.71256,3.2,7.40587,6.4,283.00454515771554,nan,0.013875576825045522,0.024053642001279376,inf,nan,nan,nan,nan,nan,0.025880334254286517,0.044909202804596975,0.028809391735888545,0.009200786082840983,0.002818927894350496,0.1619034130042615,12.469773103781828,0.17534916198551545,0.07746759646581934,29.408793446573682,0.0054971907183870485,0.2734711475540711,15.40441851661843,0.09697911334917288,0.04620893380552402,36.17419243614724
LS220_M14691268_M0_LR,1.1585173501577288,LS220_M14691268_M0,,M0,,,LR,,not passed,LS220,1.469,1.268,1.6195,1.3769,2.9964,1.4444565583692122,1.2470178901890594,8.566897064338601,8.642647931337459,0.16861202045323748,0.14428794454614413,0.08834135216022214,0.10657091374485442,432.18275494941486,1136.0939584551613,713.8431199676422,134.11732143108924,,2.71256,6.4,7.40587,12.8,283.00454515771554,nan,0.013111093445581532,inf,inf,nan,nan,nan,nan,nan,0.004417535640538319,0.029549427224887778,0.02947930117054548,0.010091370538907908,0.003714309095116469,0.17739636407692508,12.964994346059703,0.16569356236467092,0.09114189149395252,29.95381223729094,0.009370174781294103,0.26343337581426435,15.028067073851547,0.10019271667871638,0.08407148561869779,32.37116308515126
LS220_M14691268_M0_SR,1.1585173501577288,LS220_M14691268_M0,,M0,,,SR,,not passed,LS220,1.469,1.268,1.6195,1.3769,2.9964,1.4444565583692122,1.2470178901890594,8.566897064338601,8.642647931337459,0.16861202045323748,0.14428794454614413,0.08834135216022214,0.10657091374485442,432.18275494941486,1136.0939584551613,713.8431199676422,134.11732143108924,,2.71256,4.8,7.40587,9.6,283.00454515771554,nan,0.013505157043243383,inf,inf,nan,nan,nan,nan,nan,0.0033323677759651764,0.026818745084374557,0.03609957177469637,0.009665781672095324,0.003514153239892821,0.17291122740993034,12.093043814431587,0.17597141238777086,0.09725986453512951,30.675899632912405,0.009254874619926086,0.25488967606905194,14.842518647791843,0.0960063717268611,0.07624289508933957,33.05065262507271
LS220_M16351146_M0_LK_LR,1.4267015706806283,LS220_M11461635_M0_LK,,M0,,LK,LR,,not passed,LS220,1.635,1.146,1.83,1.233,3.063,1.6099211134452953,1.1266949527433407,8.451845602944353,8.670149507160408,0.1904807433664424,0.12995155250051973,0.07246898956836156,0.11648393541335443,192.66148483012626,2095.44285323177,710.6439840617295,134.75743084508002,,2.7566,6.4,7.41254,12.8,284.7075030487988,nan,0.010195022822883835,0.015746781362567564,inf,nan,0.01956466007253915,0.20330338676770526,0.19310836394482142,0.26314004703804295,0.007580123661339781,0.018996523155617583,0.01978533491346527,0.011935587598416099,0.007098985961194274,0.1452965386165336,10.992362750451154,0.16640511846791917,0.17569459601811516,24.301772827826905,0.0027506862206962044,0.27669320840397976,16.272525413863114,0.11295311305778605,0.03136650907302007,38.456909947281204
LS220_M11461635_M0_LK_SR,1.4267015706806283,LS220_M11461635_M0_LK,,M0,,LK,SR,,not passed,LS220,1.146,1.635,1.83,1.233,3.063,1.6099211134452953,1.1266949527433407,8.451845602944353,8.670149507160408,0.1904807433664424,0.12995155250051973,0.07246898956836156,0.11648393541335443,192.66148483012626,2095.44285323177,710.6439840617295,134.75743084508002,,2.7566,4.8,7.41254,9.6,284.7075030487988,nan,0.00999405038807629,0.012294784247049748,inf,nan,0.04296809713767647,0.07937643316108733,0.06938238277301104,0.2752387607470155,0.006623475070159192,0.5027353344380844,0.028450792755148425,0.023201869900486484,0.007488131198357468,0.17093489464412878,14.09926643859399,0.1772725696649998,0.21032226507943802,29.245365111796552,0.005475564581897667,0.20059714393271022,14.029999250122446,0.11818706454167895,0.06835928676959714,27.353127290020918
LS220_M10651772_M0_LK_SR,1.663849765258216,LS220_M10651772_M0_LK,,M0,,LK,SR,,not passed,LS220,1.065,1.772,2.01,1.138,3.1479999999999997,1.7466785675347078,1.0459533737974622,8.298178174372174,8.671110043149044,0.2104882510953345,0.12062343421633663,0.05926583209342073,0.12314938091792488,95.62316856621808,3214.7883120388196,705.7691487806862,135.15617751367796,,2.81064,4.8,7.4095,9.6,286.68261589256923,nan,0.0101240913753047,0.002068833887724719,inf,nan,0.0019815423448673597,0.07128118413174889,0.06115709275644419,0.07128118413174889,0.021300939956528153,0.03523283204473314,0.008010716792510508,0.007206823360489367,0.008415130830036565,0.05977277170971163,5.02072110238049,0.13554836627677738,0.138161576113204,12.241446164052794,0.0030595552269720703,0.03619862238257695,2.877110464467439,0.06874810713900054,0.012924344100376501,10.267640693705275
LS220_M10651772_M0_LK_LR,1.663849765258216,LS220_M10651772_M0_LK,,M0,,LK,LR,,not passed,LS220,1.065,1.772,2.007,1.138,3.145,1.7444431494135482,1.0459533737974622,8.301740688850082,8.671110043149044,0.21012828020261634,0.12062343421633663,0.05946709930068036,0.12314938091792488,96.77107835636228,3214.7883120388196,708.4678983644112,135.65895854885696,,2.81068,6.4,7.41198,12.8,286.7972074515954,nan,0.008681818607862329,0.001434391495489136,inf,nan,0.007459026352367086,0.1121053165859646,0.10342349797810228,0.14679961444818657,0.1638195432675302,0.39423350590622763,0.006796998206858302,0.006450223040167952,0.013830439245323156,0.07033271544000885,9.452635187081974,0.14917329564492252,0.269577682130148,14.123353706503597,0.002237441885158253,0.0651850447105827,7.110040694691307,0.15616082842550877,0.04870000934087272,12.59249217108315
SFHo_M13641364_M0_LK_HR,1.0,SFHo_M13641364_M0_LK_p2019,,M0,,LK,HR,,not passed,SFHo,1.364,1.364,1.5031,1.5031,3.0062,1.354536301643607,1.354536301643607,8.06480391299946,8.06480391299946,0.16795850091374825,0.16795850091374825,0.08282282285778761,0.08282282285778761,413.1263719612063,413.1263719612063,413.12637196120625,77.45511315301928,,2.70328,3.2,7.40491,6.4,282.76103809478496,nan,0.012811605111358525,0.004011567424197645,-0.012811524906078061,0.013766454590138066,nan,nan,nan,nan,0.0038087291628691403,0.008393211938595796,0.011573049947025417,0.007301399260165332,0.0035398510730991132,0.2114350193610511,15.339504537742716,0.19892568550390818,0.1251912715011226,31.21375840461842,0.0021096434881837964,0.18090098980772876,11.48758053305328,0.15060989427320823,0.04277054673193091,27.829967865463484
SFHo_M13641364_M0_LK_SR_2019pizza,1.0,SFHo_M13641364_M0_LK_p2019,,M0,,LK,SR,,not passed,SFHo,1.364,1.364,1.5031,1.5031,3.0062,1.354536301643607,1.354536301643607,8.06480391299946,8.06480391299946,0.16795850091374825,0.16795850091374825,0.08282282285778761,0.08282282285778761,413.1263719612063,413.1263719612063,413.12637196120625,77.45511315301928,,2.70328,4.8,7.40491,9.6,282.76103809478496,nan,0.012074706183730865,0.005993707320436751,-0.01207461976700564,0.01937417959486514,nan,nan,nan,nan,0.006650215433552912,0.017773421239844704,0.02530616424793074,0.008921001998723244,0.00451379126338539,0.20839275690027137,16.09586057166673,0.18526749596072295,0.13847411471484153,33.7495156917638,0.003194822906840075,0.22351009652934506,13.99176024297893,0.1636769149461763,0.0764980520003232,31.60736071195903
SFHo_M13641364_M0_LK_SR,1.0,SFHo_M13641364_M0_LK,,M0,,LK,SR,,not passed,SFHo,1.364,1.364,1.5031,1.5031,3.0062,1.354536301643607,1.354536301643607,8.06480391299946,8.06480391299946,0.16795850091374825,0.16795850091374825,0.08282282285778761,0.08282282285778761,413.1263719612063,413.1263719612063,413.12637196120625,77.45511315301928,,2.70328,4.8,7.40491,9.6,282.76103809478496,nan,0.012039240459941298,0.0064784055455608305,-0.012039150782207575,0.03373180990625397,nan,nan,nan,nan,0.007509341638295529,0.019396974556471106,0.01727909034953269,0.009027399112440675,0.006630614887577685,0.22634251658523588,15.936740265449268,0.18279380482990093,0.19801780704965197,33.67324301657254,0.005121601186138197,0.23067980051393897,13.383636842180351,0.15842566496534313,0.11489088104455643,32.3108700985515
SFHo_M13641364_M0_HR,1.0,SFHo_M13641364_M0,,M0,,,HR,,not passed,SFHo,1.364,1.364,1.5031,1.5031,3.0062,1.354536301643607,1.354536301643607,8.06480391299946,8.06480391299946,0.16795850091374825,0.16795850091374825,0.08282282285778761,0.08282282285778761,413.1263719612063,413.1263719612063,413.12637196120625,77.45511315301928,,2.70328,3.2,7.40491,6.4,282.76103809478496,nan,0.014206590247081478,0.0037830105375537687,-0.014206503752713194,0.014532376369569043,0.008743673680744718,0.01838395772156892,0.00417736747448744,0.06091011815752373,0.003506453152658307,0.007389238440766319,0.009043162572456638,0.007151655736638347,0.0034142684436906166,0.22167544150120078,16.299674716660476,0.19752348797627778,0.11905894552504613,29.65522494273228,0.001429198921694166,0.19117871428075098,10.860558925910414,0.16013795598954728,0.03275744093880594,25.446705469267137
SFHo_M13641364_M0_SR,1.0,SFHo_M13641364_M0,,M0,,,SR,,not passed,SFHo,1.364,1.364,1.5031,1.5031,3.0062,1.354536301643607,1.354536301643607,8.06480391299946,8.06480391299946,0.16795850091374825,0.16795850091374825,0.08282282285778761,0.08282282285778761,413.1263719612063,413.1263719612063,413.12637196120625,77.45511315301928,,2.70328,4.8,7.40491,9.6,282.76103809478496,nan,0.01401349908422717,0.004149489683379295,-0.014013412434572768,0.011959056470378208,0.007171359926073937,0.015999232069589198,0.001985732985362027,0.060525978389705415,0.0031782706074778714,0.006412589833323504,0.007667880442626391,0.007171358850486193,0.0031212563285428294,0.23497507729598002,17.513492449251522,0.21094375956904332,0.12413096531473937,33.11204670863412,0.0004010610358045415,0.2081042794966058,12.762801588558943,0.1852036963240348,0.012295282071317441,29.815743493240312
SFHo_M14521283_M0_LK_HR,1.1317225253312548,SFHo_M14521283_M0_LK_p2019,,M0,,LK,HR,,not passed,SFHo,1.452,1.283,1.6124,1.404,3.0164,1.4419548646366995,1.2739409845961012,8.033551931714749,8.082866716855657,0.17948807675993286,0.15761054922721848,0.0766878102618873,0.08840903686070287,274.4203390972505,606.02252373813,412.3057926978345,77.41669876382778,,2.71006,3.83406746137e-05,7.39983,4.82534944375e-05,282.7578549959231,nan,0.012551523136901704,inf,inf,nan,nan,nan,nan,nan,0.4461281646181304,1.2865529918179028,0.014323613283229026,0.011281442505312118,0.0051846064019281995,0.17226119000923268,13.498122452818082,0.23022777032732783,0.24561611736838995,32.6532472176138,0.002053287671080653,0.252837035702672,15.69614354657399,0.1699896307871259,0.05303021474578451,35.5547368651645
SFHo_M14521283_M0_LK_SR,1.1317225253312548,SFHo_M14521283_M0_LK,,M0,,LK,SR,,not passed,SFHo,1.452,1.283,1.6124,1.404,3.0164,1.4419548646366995,1.2739409845961012,8.033551931714749,8.082866716855657,0.17948807675993286,0.15761054922721848,0.0766878102618873,0.08840903686070287,274.4203390972505,606.02252373813,412.3057926978345,77.41669876382778,,2.71006,4.8,7.39983,9.6,282.7578549959231,nan,0.011790980393414332,0.006431117913841409,inf,nan,nan,nan,nan,nan,0.021201690950649044,0.030314121585727084,0.013153244932766126,0.008779139449472593,0.00407961131408874,0.1627223331733057,12.506111424760736,0.24418004665149548,0.2174041637108986,30.044830732624483,0.0011338291902844892,0.2327148589758524,14.625307211915036,0.15180926040410028,0.02335462442686099,38.488284719956404
SFHo_M14521283_M0_LK_SR_2019pizza,1.1317225253312548,SFHo_M14521283_M0_LK_p2019,,M0,,LK,SR,,not passed,SFHo,1.452,1.283,1.6124,1.404,3.0164,1.4419548646366995,1.2739409845961012,8.033551931714749,8.082866716855657,0.17948807675993286,0.15761054922721848,0.0766878102618873,0.08840903686070287,274.4203390972505,606.02252373813,412.3057926978345,77.41669876382778,,2.71006,4.8,7.39983,9.6,282.7578549959231,nan,0.011838268025133753,0.006348364558332419,inf,nan,nan,nan,nan,nan,0.015151448488585535,0.03016097557338685,0.014169930012609815,0.00993768544652686,0.003529268859591545,0.18214401396996782,13.91144805786118,0.22000341518557157,0.15267654180475482,33.75339052834395,0.0027922355828502235,0.23498347560184626,15.15271177497661,0.17103561809854467,0.07300521852383145,31.565020014422803
SFHo_M14521283_M0_HR,1.1317225253312548,SFHo_M14521283_M0,,M0,,,HR,,not passed,SFHo,1.452,1.283,1.6124,1.404,3.0164,1.4419548646366995,1.2739409845961012,8.033551931714749,8.082866716855657,0.17948807675993286,0.15761054922721848,0.0766878102618873,0.08840903686070287,274.4203390972505,606.02252373813,412.3057926978345,77.41669876382778,,2.71006,3.2,7.39983,6.4,282.7578549959231,nan,0.01393862700067142,0.003948517248571745,inf,nan,0.01506445378724081,0.014424314166212248,0.00048568716554082784,0.0525586801468981,0.006319262737884884,0.07627047141308885,0.015159028787392583,0.00713589342333695,0.0038635528470300456,0.15782174118290004,12.33480262128151,0.2304127483477579,0.18329436223962217,26.740353911694108,0.0019894552589658373,0.16952017632622707,11.270080197361832,0.1440526282261654,0.03689820798387614,26.732676060574917
SFHo_M14521283_M0_SR,1.1317225253312548,SFHo_M14521283_M0,,M0,,,SR,,not passed,SFHo,1.452,1.283,1.6124,1.404,3.0164,1.4419548646366995,1.2739409845961012,8.033551931714749,8.082866716855657,0.17948807675993286,0.15761054922721848,0.0766878102618873,0.08840903686070287,274.4203390972505,606.02252373813,412.3057926978345,77.41669876382778,,2.71006,4.8,7.39983,9.6,282.7578549959231,nan,0.013729773293910638,0.01155000404746885,inf,nan,0.019182418382807154,0.07770888321101665,0.06397910991710602,0.15593839879147708,0.01297461613914442,0.031551834588996665,0.01927699537974773,0.011379959229649886,0.004340839274665791,0.2021400475595495,14.996251690453137,0.20928615210118748,0.16993245258270998,34.677223282862776,0.00488065245230808,0.25857880839150377,15.979865516128482,0.17091241015628209,0.1274247543719327,34.55924814712646
SFHo_M11461635_M0_LK_SR,1.4267015706806283,SFHo_M11461635_M0_LK,,M0,,LK,SR,,not passed,SFHo,1.146,1.635,1.844,1.236,3.08,1.6220337414283674,1.1345269669963587,7.947851809835288,8.11044413646364,0.20408698596943012,0.1398848982664113,0.06287488461024798,0.09673718722927065,118.39555716736044,1204.0663714174648,414.31510183858074,78.51344355202326,,2.7554,4.8,7.40191,9.6,284.5722213471707,nan,0.0192151385733636,inf,inf,nan,0.05077055637138113,0.23633409244939685,0.21711895387603325,0.24066944560036063,0.0016425718975452905,0.03813339429999277,0.04651466576366109,0.013389686178251925,0.0023532264454817443,0.18882135858981053,19.51814127480765,0.14014139448512794,0.041307157896494265,32.86071829523906,0.0058241224265685905,0.3372992005726387,19.064878801993785,0.16849608421778992,0.14778788896878656,41.325254268711696
SFHo_M16351146_M0_LK_LR,1.4267015706806283,SFHo_M16351146_M0_LK_p2019,,M0,,LK,LR,,not passed,SFHo,1.635,1.146,1.844,1.236,3.08,1.6220337414283674,1.1345269669963587,7.947851809835288,8.11044413646364,0.20408698596943012,0.1398848982664113,0.06287488461024798,0.09673718722927065,118.39555716736044,1204.0663714174648,414.31510183858074,78.51344355202326,,2.7554,6.4,7.40191,12.8,284.5722213471707,nan,0.01092009984258164,0.00483910097928753,inf,nan,0.018839583052841342,0.1337272206114398,0.12280712076885815,0.20111130866118604,0.024405847494244723,0.6326939039186448,0.019596185606684795,0.007522076439824213,0.003782660851939394,0.1449077361668615,11.249689199805509,0.20369652999776175,0.1402792358605658,29.203083845100974,0.001836668582902148,0.18313685018038323,12.280737852593472,0.14387936046748365,0.03398259344921228,33.551118787530626
SFHo_M10651772_M0_LK_LR,1.663849765258216,SFHo_M10651772_M0_LK,,M0,,LK,LR,,not passed,SFHo,1.065,1.772,2.026,1.141,3.167,1.7583063606875904,1.0541430105048566,7.841372400944469,8.121038818962145,0.2242351331339948,0.12980573994609465,0.05197147740654679,0.10085739072780976,61.11745008768257,1824.6189485476716,407.9887221874801,78.03490260973183,,2.8114,6.4,7.40944,12.8,286.73513702378955,nan,0.010384173349761525,0.0012925286003308712,-0.010384117602044803,0.12248096754433187,0.013827094090582592,0.24262725416122485,0.23224308081146333,0.24262725416122485,0.0015348214633901212,0.009564551648415583,0.011178985952115496,0.005756671323156794,0.0014620513880135384,0.07059223505413006,7.326798640978311,0.12593588904634992,0.020724801870768226,9.589333837233754,0.004141038083312929,0.03923115257071577,4.006128030514881,0.13970652871245734,0.07223893809761564,6.590303073657137
SLy4_M13641364_M0_LK_LR,1.0,SLy4_M13641364_M0_LK,,M0,,LK,LR,,not passed,SLy4,1.364,1.364,1.5016,1.5016,3.0032,1.3418409023804037,1.3418409023804037,7.972501390802143,7.972501390802143,0.16831153575958438,0.16831153575958438,0.08143050929976285,0.08143050929976285,401.9402137212087,401.9402137212087,401.9402137212088,75.35772005245528,,2.70364,6.4,7.39963,12.8,282.5398127238872,nan,0.010825524579142798,0.0028372579031653265,-0.010825460601261768,0.015426772541576426,nan,nan,nan,nan,0.001105667811236837,0.002277580334778105,0.010485434432173502,0.007206825066948664,0.001018452393297875,0.21000790940772326,16.519860888526303,0.28257919849025814,0.07268584373983439,28.824942811186478,0.00028102772972638207,0.18258650164872814,15.338425135512875,0.17322834835610018,0.00753730048440326,26.95438887013684
SLy4_M13641364_M0_LK_SR,1.0,SLy4_M13641364_M0_LK,,M0,,LK,SR,,not passed,SLy4,1.364,1.364,1.5016,1.5016,3.0032,1.3418409023804037,1.3418409023804037,7.972501390802143,7.972501390802143,0.16831153575958438,0.16831153575958438,0.08143050929976285,0.08143050929976285,401.9402137212087,401.9402137212087,401.9402137212088,75.35772005245528,,2.70364,4.8,7.39963,9.6,282.5398127238872,nan,0.01127081644450069,0.0028254359952354716,-0.011270750059684816,0.005128478560101806,nan,nan,nan,nan,0.001971214251682631,0.004378802276824354,0.013129600317136045,0.007549659342423673,0.00071867845981374,0.24022213113285007,21.618896054419665,0.2517935405787385,0.040616677549229416,32.80437531576586,0.0003193520032856691,0.23924424584184442,17.46292121774195,0.1707449985218947,0.00822277161769841,30.92171018121182
SLy4_M13641364_M0_SR,1.0,SLy4_M13641364_M0,,M0,,,SR,,not passed,SLy4,1.364,1.364,1.5016,1.5016,3.0032,1.3418409023804037,1.3418409023804037,7.972501390802143,7.972501390802143,0.16831153575958438,0.16831153575958438,0.08143050929976285,0.08143050929976285,401.9402137212087,401.9402137212087,401.9402137212088,75.35772005245528,,2.70364,4.8,7.39963,9.6,282.5398127238872,nan,0.013918923820788326,0.013819810370001115,-0.013918788372471026,0.045309262409097974,0.021263074178461724,0.04942750884220004,0.035508585021411715,0.13416387210600078,0.005194467385423032,0.01901752579975376,0.021996029977267323,0.00998497321135336,0.004493802254355491,0.2540812279346203,18.084410036003053,0.2166612850100848,0.18854038054756816,35.6551813332771,0.005793269719252715,0.28959359978407667,17.918502673611336,0.1967192473015406,0.2003762209736411,34.504083288782304
SLy4_M14521283_M0_LR,1.1317225253312548,SLy4_M14521283_M0,,M0,,,LR,,not passed,SLy4,1.452,1.283,1.6105,1.4018,3.0122999999999998,1.4281689625450475,1.261408102997916,7.940922065447527,7.999646297758224,0.1798484996526054,0.15768402821131774,0.0749431118803709,0.08695861551358186,265.5203633234335,594.7041717723921,402.278589912106,75.53555524921238,,2.70956,6.4,7.3966,12.8,282.6559958323443,nan,0.019794412061926527,inf,inf,nan,0.007947665213467778,0.1719019904180809,0.15210757835615438,0.1864072169970583,0.005689233638460565,0.083485203024946,0.008389016508701639,0.004196178063395815,0.005384118876543678,0.16388839281109605,12.176236710555107,0.23503722335647145,0.26583763147031186,28.283726328602974,0.002209083366949442,0.26784466474002355,15.444382869788459,0.18491448131342011,0.06751226492478792,37.65082601085381
SLy4_M14521283_M0_SR,1.1317225253312548,SLy4_M14521283_M0,,M0,,,SR,,not passed,SLy4,1.452,1.283,1.6105,1.4018,3.0122999999999998,1.4281689625450475,1.261408102997916,7.940922065447527,7.999646297758224,0.1798484996526054,0.15768402821131774,0.0749431118803709,0.08695861551358186,265.5203633234335,594.7041717723921,402.278589912106,75.53555524921238,,2.70956,4.8,7.3966,9.6,282.6559958323443,nan,0.013765239017700206,0.012992276814911224,-0.01376507503555854,0.7778251642721372,0.019146952659017585,0.07874549785628915,0.06498025883858895,0.16859631147235632,0.016313430863439924,0.09908679049486178,0.020281857949996936,0.009594849449897755,0.006437423799480254,0.16300451172087949,11.503415236433149,0.24664259140424977,0.3500034194732381,31.06625054326299,0.004919008354636921,0.26125536387580606,15.815710860447062,0.18239134406215132,0.1462563506151407,36.60136896893244
SLy4_M11461635_M0_LK_SR,1.4267015706806283,SLy4_M11461635_M0_LK,,M0,,LK,SR,,not passed,SLy4,1.146,1.635,1.847,1.238,3.085,1.6101948176351355,1.1266725573712664,7.835375892189551,8.032712652830018,0.20550510931797816,0.14026171344575358,0.06086107030601384,0.095358672175836,110.70263078906272,1171.099243869159,399.53478478397284,75.73959620954618,,2.7563,4.8,7.40607,9.6,284.58495374261804,nan,0.021815958317931816,inf,inf,nan,0.0451433281967699,0.18873168854042888,0.16691573022249706,0.19972156232688576,0.0018786208785646263,0.036673128018072154,0.040296343270126656,0.013957136425558403,0.0019663856171666296,0.209384971734239,23.182093404087464,0.15334091893097418,0.04132506422138426,34.02930036440543,0.005267095922237372,0.28910303723214387,17.84911445888651,0.18441235439596412,0.16009581442163107,38.12119519992293
SLy4_M10201856_M0_LK_SR,1.8196078431372549,SLy4_M10201856_M0_LK,,M0,,LK,SR,,not passed,SLy4,1.02,1.856,2.124,1.086,3.21,1.8131835156634615,0.9986833998340673,7.62952645014654,8.058561238224053,0.23765208124797593,0.12393211869908793,0.044380876599959394,0.10156670943786224,39.028459072124555,2316.3861224330776,407.8971764154797,78.48224423570069,,2.85004,4.8,7.4058,9.6,288.26939067519544,nan,0.010384173349761525,0.0014304508595125182,inf,nan,0.0036129656391874192,0.13372889477290784,0.12334472142314631,0.15379389613353345,1.0385296210544461,1.6592150777834758,0.007254113225913485,0.007112250446057757,0.09057610175378526,0.046985438599382964,1.187771801276952,0.12000701416799302,1.1658847223860562,6.959051704561154,0.003373766273313807,0.04708475677272894,1.0358612815635069,0.18844264537169164,0.10707845642065979,5.706017849332143
