name,EOS,publish,export,comment,resolution,M1,M2,Mb1,Mb2,Mb,Mg1,Mg2,R1,R2,C1,C2,k21,k31,k41,k22,k32,k42,lam21,lam31,lam41,lam22,lam32,lam42,Lambda,k2T,tend,finished,MADM,EGW,JADM,JGW,f0,fpeak,tcoll,Mdisk,Mej,Yeej,Sej,vej,Ekej,Mej_shocked,Mej_tidal,Mej_tot-geo,Ye_ave-geo,s_ave-geo,vel_inf_ave-geo,E_kin_ave-geo,theta_rms-geo,tend-geo,t98mass-geo,Mej_tot-bern_geoend,Ye_ave-bern_geoend,s_ave-bern_geoend,vel_inf_ave-bern_geoend,E_kin_ave-bern_geoend,theta_rms-bern_geoend,Mej_tot-geo_entropy_above_10,Ye_ave-geo_entropy_above_10,s_ave-geo_entropy_above_10,vel_inf_ave-geo_entropy_above_10,E_kin_ave-geo_entropy_above_10,theta_rms-geo_entropy_above_10,Mej_tot-geo_entropy_below_10,Ye_ave-geo_entropy_below_10,s_ave-geo_entropy_below_10,vel_inf_ave-geo_entropy_below_10,E_kin_ave-geo_entropy_below_10,theta_rms-geo_entropy_below_10
BHBlp_M125125_LK,BHBlp,yes,yes,leakage,0.125,1.25,1.25,1.35299,1.35299,2.70598,1.24023940375994,1.24023940375994,8.91710657725781,8.91710657725781,0.14018,0.14018,0.10517,0.02864,0.01061,0.10517,0.02864,0.01061,1295.29991380455,3590.1232699913,9669.00043270956,1295.29991380455,3590.1232699913,9669.00043270956,1295.29991380455,242.868733838352,21.9414611178119,yes,2.47564,0.0285657475438,6.16715,1.14736585108,644.684,2390.37082067,inf,nan,0.00126821,0.125242271236,14.6854556615,0.178573418684,0.459251644503,,,0.0012133633172699233,0.12431013041339657,14.019646822438906,0.17616939885069643,0.033657397430663705,22.02227321314635,0.032628465443849564,0.017709217965602875,0.0007793065503082568,0.12692100575162693,13.6674168516884,0.14879890305152033,0.015421851287972146,31.85456113725202,0.00066137359041782,0.14497157767893099,19.485718732081388,0.1891213583318297,0.02114251906877074,26.57898704573239,0.000551989726852106,0.0995543516434479,7.4704024642538815,0.16065084202204968,0.0127328532152927,14.82129733882661
BHBlp_M1251365_LK,BHBlp,yes,yes,leakage,0.125,1.365,1.25,1.49103,1.35241,2.84344,1.35534628660443,1.23975141216878,8.94143849076379,8.91710657725781,0.15266,0.14018,0.09914,0.02663,0.00972,0.10517,0.02864,0.01061,797.134058520788,1837.52432406198,4111.30445754929,1295.29991380455,3590.1232699913,9669.00043270956,1016.97535763328,190.768609561901,21.8823515781626,yes,2.58906,0.0422719702279,6.63885,1.49161603034,656,2539.76899696,inf,nan,0.000580161,0.136846798679,17.3662278473,0.213024813478,0.351464347476,,,0.0005243086181891581,0.1351807665969405,16.289583400891466,0.22253991226375958,0.023207670323726476,25.572993982986038,0.0314699187874794,0.017259985208511353,0.0005669159397394949,0.1410001118525801,17.36009906447313,0.15366937604729392,0.011965257488339796,32.87177305504548,0.00026817087197276204,0.16445660133814272,24.982916511917335,0.19966563352886277,0.009555358160534648,33.757159216302846,0.00025613774621639584,0.1045295789205804,7.187845155861768,0.24648880446999832,0.013909025575572298,12.07434768253732
BHBlp_M130130_LK,BHBlp,yes,yes,leakage,0.125,1.3,1.3,1.41572,1.41572,2.83144,1.29280247452936,1.29280247452936,8.92795824462606,8.92795824462606,0.14561,0.14561,0.10267,0.02781,0.01024,0.10267,0.02781,0.01024,1045.67396125715,2671.78380087502,6628.56983908347,1045.67396125715,2671.78380087502,6628.56983908347,1045.67396125715,196.063867735717,26.9303062642109,yes,2.5796,0.0385810240349,6.60881,1.42656704097,654.862,2440.17021277,inf,nan,0.000658751,0.163376437187,22.3327238035,0.119725908155,0.113784924758,,,0.0004317587994264141,0.16878938807162402,23.33011984986009,0.11202536210245,0.004842868038546351,33.587518620377296,0.036553338170051575,0.01801658794283867,0.0013694212532492345,0.14954833702581935,15.581232948380284,0.1583957825473461,0.030708104979134225,27.176365144249417,0.0004175465336584906,0.16927862511280106,23.84049483233634,0.11131896345865118,0.004624575939265672,33.977995883964816,1.4212265767923375e-05,0.15441594234407244,8.335656033968016,0.1327788654435551,0.00022394942519188274,18.79263903217944
BHBlp_M135135_LK,BHBlp,yes,yes,leakage,0.125,1.35,1.35,1.47277,1.47277,2.94554,1.34023468977113,1.34023468977113,8.93862146593392,8.93862146593392,0.15103,0.15103,0.09996,0.0269,0.00984,0.09996,0.0269,0.00984,848.044957999892,2001.00631782103,4584.23416460744,848.044957999892,2001.00631782103,4584.23416460744,848.044957999892,159.00842962498,21.5868038799162,yes,2.67288,0.0558950347318,7.01514,1.85579331814,663.58,2589.56838906,inf,nan,0.000672403,0.149520482908,20.3491359781,0.166318356069,0.263299267472,,,0.0005157058897279081,0.15067305431413444,19.54336742889606,0.18347237397882893,0.015515728705767517,28.676298864284135,0.03078424744307995,0.017330914735794067,0.0011350128036968024,0.1422850285655657,15.785508730651635,0.15638342156133672,0.024809094177212703,29.14654056211658,0.00034186154669173404,0.1699900112997016,25.90905999438807,0.1532993251518798,0.007180578995346936,34.62387288934162,0.00017384434303617494,0.11268663107406557,7.025355808866785,0.24280709238401393,0.009160349099258227,9.065371494992759
BHBlp_M135135_LK_HR,BHBlp,yes,yes,leakage,0.083333,1.35,1.35,1.47277,1.47277,2.94554,1.34023468977113,1.34023468977113,8.93862146593392,8.93862146593392,0.15103,0.15103,0.09996,0.0269,0.00984,0.09996,0.0269,0.00984,848.044957999892,2001.00631782103,4584.23416460744,848.044957999892,2001.00631782103,4584.23416460744,848.044957999892,159.00842962498,21.216384098114,yes,2.67288,0.0602691490848,7.01514,1.9083086357,663.58,2788.76595745,inf,nan,0.000497278,0.157571758906,20.4932298421,0.17903775196,0.187880286973,,,0.0004734638661286687,0.15616155963217201,18.893604081015006,0.17498725789684946,0.012957714789977263,23.87985742183383,0.030453233048319817,0.014470015652477741,0.0006054066801361721,0.14026488444811266,17.30582833403332,0.15488245690561372,0.012980170355722073,30.103117790983234,0.00033725312632542997,0.16522089820306238,23.38124974674743,0.17803371262236303,0.00955408732272772,26.65458632931618,0.00013621073980323866,0.13373094762693094,7.782347121429548,0.16744434034223882,0.0034133515725772493,14.938024950615574
BHBlp_M135135_M0,BHBlp,yes,no,M0,0.125,1.35,1.35,1.47277,1.47277,2.94554,1.34023468977113,1.34023468977113,8.93862146593392,8.93862146593392,0.15103,0.15103,0.09996,0.0269,0.00984,0.09996,0.0269,0.00984,848.044957999892,2001.00631782103,4584.23416460744,848.044957999892,2001.00631782103,4584.23416460744,848.044957999892,159.00842962498,34.8628064851439,yes,2.67288,0.056052070356,7.01514,1.83333242535,663.58,2689.16717325,inf,nan,0.00138836,0.262248129383,23.7373162877,0.144859225911,0.395116287729,,,0.0008567884254875403,0.2526360941655141,24.42580134824325,0.15912198480802256,0.01938932501765852,38.251562459376466,0.0440957136452198,0.01908055879175663,0.006285732604025126,0.2889759079797599,17.36619070537206,0.16730141921196734,0.15724754629591492,31.18469069947137,0.0007094356953957327,0.2764661388985143,27.939616798054228,0.1418627198081099,0.012760812436426988,41.82683898720155,0.00014735273009180755,0.13790537729359573,7.508394350926254,0.24221741615567086,0.00772676396612454,9.253164602831713
BHBlp_M140120_LK,BHBlp,yes,yes,leakage,0.125,1.4,1.2,1.53253,1.29693,2.82946,1.38955200310838,1.19291678382275,8.94797392304742,8.90405876678786,0.15646,0.13477,0.09713,0.02596,0.00942,0.10752,0.02943,0.01096,690.630096309075,1508.06528698578,3193.46136378171,1612.24802950828,4859.33007687365,14233.5160506694,1057.59523096822,198.567152823735,21.6459134195655,yes,2.57644,0.0332728682462,6.53749,1.24058381219,652.714,2489.96960486,inf,nan,0.00108822,0.106069387727,13.2279342741,0.160935823725,0.358130437927,,,0.0010368170887257355,0.10419564165461395,12.27571047465815,0.1616093513708916,0.0242027015873067,21.793653079406745,0.03078424744307995,0.015108397230505943,0.0011102109701188522,0.12075911115314358,13.499806619614752,0.14847511064997782,0.021874672248811716,28.04216862204349,0.0004160602924554573,0.14393185580237047,21.03139880362117,0.1828085478938297,0.0124273346375704,31.0698042030895,0.0006207567962702778,0.07756256896218112,6.407237880101114,0.14740065650335465,0.01205449562888259,12.097774311826438
BHBlp_M140120_M0,BHBlp,yes,no,M0,0.125,1.4,1.2,1.53253,1.29693,2.82946,1.38955200310838,1.19291678382275,8.94797392304742,8.90405876678786,0.15646,0.13477,0.09713,0.02596,0.00942,0.10752,0.02943,0.01096,690.630096309075,1508.06528698578,3193.46136378171,1612.24802950828,4859.33007687365,14233.5160506694,1057.59523096822,198.567152823735,26.1382384329106,yes,2.57644,0.0317644511663,6.53749,1.20228661318,652.714,2539.76899696,inf,nan,0.00160956,0.193198426805,16.8886133003,0.16773689762,0.603079040492,,,0.0013054103923048278,0.17828606779239944,15.676791349900634,0.1815410446394277,0.03845257706491495,30.51931976242537,0.03527657315135002,0.016668889671564102,0.005450447696498308,0.2317906683283945,14.872186915163889,0.15884261605108885,0.12291219192533244,31.291680572861022,0.0007707820741488328,0.22530438516977433,21.421369702872767,0.18200146660215552,0.02281970922442248,36.72122069733486,0.0005346267954083859,0.11049876947163847,7.3947373499778655,0.18087732626450695,0.015633193597134356,18.175802251776833
BHBlp_M140140_LK,BHBlp,yes,yes,leakage,0.125,1.4,1.4,1.53254,1.53254,3.06508,1.38956022047584,1.38956022047584,8.94797392304742,8.94797392304742,0.15646,0.15646,0.09713,0.02596,0.00942,0.09713,0.02596,0.00942,690.630096309075,1508.06528698578,3193.46136378171,690.630096309075,1508.06528698578,3193.46136378171,690.630096309075,129.493143057952,14.2926866871953,yes,2.77062,0.0628403817956,7.44301,1.91152878322,671.364,2888.36474164,11.9611618271984,0.115094965239,0.000918827,0.146825547278,17.550995482,0.173337811733,0.340296109781,,,0.0008288629561309847,0.14718451511364541,16.80530439038083,0.17322025681220796,0.02222843114422938,27.759680637183116,0.022508913651108742,0.014115358702838421,0.0007414357844664834,0.13743262601002956,13.706907432200973,0.14116555792016985,0.013205649488614775,31.645353760753256,0.0005016055582009525,0.17032422517520707,22.90661679782302,0.17651071519259942,0.013967967458659487,33.06220905811524,0.00032725739793003236,0.11171699854884207,7.453484583551728,0.1681767888170669,0.008272757796479025,16.624770838358447
BHBlp_M140140_LK_HR,BHBlp,yes,yes,leakage,0.083333,1.4,1.4,1.53254,1.53254,3.06508,1.38956022047584,1.38956022047584,8.94797392304742,8.94797392304742,0.15646,0.15646,0.09713,0.02596,0.00942,0.09713,0.02596,0.00942,690.630096309075,1508.06528698578,3193.46136378171,690.630096309075,1508.06528698578,3193.46136378171,690.630096309075,129.493143057952,12.8937609154958,yes,2.77062,0.0663730937489,7.44301,1.98151364623,671.364,2888.36474164,10.3297385329686,0.077683846366,0.00099084,0.138034911368,16.674950128,0.201674687891,0.49768044241,,,0.0009312439391227251,0.1391284736025757,15.707355933881301,0.1998323649692691,0.03323715486860359,25.896318457103646,0.021121809259057045,0.013965613208711147,0.000658772060133672,0.12757115667017194,12.512761270413995,0.13770523109218258,0.011165155434755708,27.33299098921343,0.0005009824330272232,0.16666091566131333,22.762723145744033,0.18999406981982858,0.016163347655899312,31.634683695559914,0.0004302615060955025,0.10707059806791007,7.492316982860375,0.2112877542406312,0.01716761132617784,16.920930472133517
BHBlp_M144139_LK,BHBlp,yes,yes,leakage,0.125,1.44,1.39,1.58001,1.52026,3.10027,1.42845994114214,1.37946041440251,8.9535534415221,8.94581027159223,0.16083,0.15538,0.09481,0.02519,0.00909,0.09772,0.02615,0.00951,587.3913919792,1206.69488128917,2404.92214982524,719.310854121258,1594.57374853502,3431.35111307928,650.209372648612,121.924397170414,13.666125566913,yes,2.79924,0.0600376184432,7.58863,1.87711104378,675.312,2788.76595745,10.3899566740806,0.12918387142,0.000593162,0.175112251662,22.4988635919,0.203279926562,0.301705681388,,,0.000541568297559308,0.1753336287469805,21.495171400626866,0.20258502035268172,0.019865368129616152,30.387504216736154,0.02203603833913803,0.01477738469839096,0.0005192566398364427,0.1624655719549495,15.447588218206086,0.1393896063984947,0.00901719719510836,30.11255375646646,0.00038980318378658896,0.19351749905875254,26.853064124144012,0.19952921241891797,0.013870339257713535,34.578439457064505,0.00015176511377271919,0.1286290181491439,7.7336184976209505,0.2104337520671742,0.0060066382110108615,14.97883594277962
BHBlp_M150150_LK,BHBlp,yes,yes,leakage,0.125,1.5,1.5,1.6565,1.6565,3.313,1.49062547344027,1.49062547344027,8.96110878786068,8.96110878786068,0.16739,0.16739,0.09118,0.024,0.00857,0.09118,0.024,0.00857,462.552233111546,869.047296291726,1582.18015973377,462.552233111546,869.047296291726,1582.18015973377,462.552233111546,86.728543708415,10.0013341086578,yes,2.9703,0.0459684907743,8.39708,1.50923752931,689.77,2738.96656535,2.27452903131665,0.0379784109765,0.000501553,0.172081440429,20.0825515967,0.234765225914,0.332283538433,,,0.0004915854007724848,0.1728151783100166,18.544432195421038,0.23388206725843363,0.02403375056159952,27.59872169510321,0.017354561015963554,0.01198741514235735,0.00023124035480111816,0.13959513365455928,12.216193602588891,0.1264427855944255,0.0033043075457969283,24.14990789970283,0.0002759813089565802,0.21361256359097877,27.075492395542334,0.2625438432538004,0.017002472144940654,32.95402691507393,0.00021560409181590524,0.1205929978448155,7.624355767431899,0.19719392099182245,0.00749329394029948,18.61941376420566
BHBlp_M150150_LK_HR,BHBlp,no,no,leakage,0.083333,1.5,1.5,1.6565,1.6565,3.313,1.49062547344027,1.49062547344027,8.96110878786068,8.96110878786068,0.16739,0.16739,0.09118,0.024,0.00857,0.09118,0.024,0.00857,462.552233111546,869.047296291726,1582.18015973377,462.552233111546,869.047296291726,1582.18015973377,462.552233111546,86.728543708415,0.819652283136651,no (20.18 ms to go),2.9703,0.00357711103715,8.39708,0.277375753631,689.77,nan,inf,nan,5.4084E-10,0.300042793516,139.316021559,0.0487819835811,1.34871810754E-08,,,1.0655063418071718e-06,0.12330060093098466,130.13536810406262,0.16642316830959875,2.6376206574189713e-05,18.949288744798192,0.005233164876699448,0.005233164876699448,0.0,nan,nan,nan,nan,nan,1.0655063418071718e-06,0.12330060093098466,130.13536810406262,0.16642316830959875,2.6376206574189713e-05,18.949288744798192,0.0,nan,nan,nan,nan,nan
BHBlp_M160160_LK,BHBlp,yes,yes,leakage,0.125,1.6,1.6,1.77792,1.77792,3.55584,1.5879887042386,1.5879887042386,8.96810716888067,8.96810716888067,0.17841,0.17841,0.08488,0.02195,0.0077,0.08488,0.02195,0.0077,313.053198761785,508.673260549891,800.863835624408,313.053198761785,508.673260549891,800.863835624408,313.053198761784,58.6974747678346,8.54723943328555,yes,3.16204,0.0285081398365,9.32398,1.23561036129,703.514,2838.56534954,0.993139586336954,0.0014048430316,1.29268E-05,0.197374706127,101.093929043,0.139630525652,0.00248976771576,,,1.0957869412649269e-05,0.17874855285047792,83.38006331682486,0.13668115322329893,0.00018296672499452035,31.82713125989787,0.014588234946131706,0.009386594407260418,4.504002729460409e-06,0.29179357531180694,75.15155847683747,0.20428741345427337,0.00016800050592981984,36.645709704422686,1.0957869412649269e-05,0.17874855285047792,83.38006331682486,0.13668115322329893,0.00018296672499452035,31.82713125989787,0.0,nan,nan,nan,nan,nan
DD2_M120120_LK,DD2,yes,yes,leakage,0.125,1.2,1.2,1.29692,1.29692,2.59384,1.19292028901531,1.19292028901531,8.90405876678786,8.90405876678786,0.13477,0.13477,0.10752,0.02943,0.01096,0.10752,0.02943,0.01096,1612.24802950828,4859.33007687365,14233.5160506694,1612.24802950828,4859.33007687365,14233.5160506694,1612.24802950828,302.296505532803,24.6604999416786,yes,2.38178,0.0242802032085,5.75981,1.03735515322,633.08,2240.97264438,inf,nan,0.000755344,0.150490086402,20.8735331021,0.135433815231,0.164941304848,,,0.0006149305836872642,0.1518919517770301,21.1928507400252,0.13394167428794326,0.00986021228469235,31.438362733773673,0.035702161490917206,0.019600722938776016,0.0013010511537667386,0.13168997684112527,13.79512816460636,0.15588186922972608,0.028256235864185086,28.75691257254022,0.00057629153074582,0.15383735630469217,22.034887169877813,0.13649728876104342,0.009596635781981297,32.30350896948452,3.8639052941444543e-05,0.12287674390262295,8.634094089366753,0.09582534211668046,0.00031711439386545545,12.884612694706563
DD2_M125125_LK,DD2,yes,yes,leakage,0.125,1.25,1.25,1.35299,1.35299,2.70598,1.24025667835093,1.24025667835093,8.91710657725781,8.91710657725781,0.14018,0.14018,0.10517,0.02864,0.01061,0.10517,0.02864,0.01061,1295.29991380455,3590.1232699913,9669.00043270956,1295.29991380455,3590.1232699913,9669.00043270956,1295.29991380455,242.868733838352,32.3802058198743,yes,2.47564,0.0270131493896,6.16715,1.11114783636,644.684,2340.57142857,inf,nan,0.000382383,0.176457572296,26.6464216165,0.149095565986,0.0991626097169,,,0.0003167632552715339,0.1777476951959463,26.886167936112518,0.14484199347780283,0.005939535869085094,33.184981556259096,0.04303174465894699,0.019056914374232292,0.000761633802046126,0.154321648107046,17.195343108265924,0.15116130604744385,0.015554505418193107,33.76004930625461,0.0003079648000670602,0.1792517557623139,27.425698453733272,0.14511996316818312,0.005796744040452229,33.567146144764024,8.798455204473605e-06,0.1251023499795933,8.001442819291235,0.1351124582203948,0.00014355751878599636,14.444700332721201
DD2_M1251365_LK,DD2,yes,yes,leakage,0.125,1.365,1.25,1.49103,1.35241,2.84344,1.35537720861909,1.23976867182338,8.94143849076379,8.91710657725781,0.15266,0.14018,0.09914,0.02663,0.00972,0.10517,0.02864,0.01061,797.134058520788,1837.52432406198,4111.30445754929,1295.29991380455,3590.1232699913,9669.00043270956,1016.97535763328,190.768609561901,22.1424335526194,yes,2.58906,0.0318636844801,6.63885,1.23952844225,656,2440.17021277,inf,nan,0.000382209,0.150393460087,20.671743803,0.202034424404,0.201892090642,,,0.00034889443256047765,0.14751797191887495,19.40826160616861,0.20874058535016812,0.013587406181361603,25.772353227663757,0.03172999992966652,0.01728362776339054,0.0010058517583087722,0.13086598785212603,17.763975506432573,0.15991452572576684,0.022989976815682912,31.572286327327078,0.00021113160042909122,0.17301769051307964,27.400666529529005,0.1989123432616357,0.007466299929528239,32.40831173261247,0.00013776283213138654,0.10843779104576914,7.159317412446676,0.22380308406228341,0.0061672694227592854,8.533251422115598
DD2_M130130_LK,DD2,yes,yes,leakage,0.125,1.3,1.3,1.41572,1.41572,2.83144,1.29282499228844,1.29282499228844,8.92795824462606,8.92795824462606,0.14561,0.14561,0.10267,0.02781,0.01024,0.10267,0.02781,0.01024,1045.67396125715,2671.78380087502,6628.56983908347,1045.67396125715,2671.78380087502,6628.56983908347,1045.67396125715,196.063867735717,22.9226794759899,yes,2.5796,0.03197616812,6.60881,1.24454539906,654.862,2489.96960486,inf,nan,0.00120958,0.127007038172,14.856003598,0.178713598481,0.446845814056,,,0.001194962771324915,0.12511724248234807,13.79716090481751,0.1738373704841639,0.03227523317118321,21.06867897468565,0.03251024708151817,0.015250260941684246,0.0010280178209031924,0.11482981868938338,11.940647612241937,0.14830616971198704,0.02020913874605522,26.649393421714944,0.0005643113116920593,0.1635079364460232,21.965215129825168,0.20401814716667113,0.020993511105347182,27.351048121252383,0.0006306514596328558,0.09076498255097144,6.4883291828243,0.14683140162855257,0.01215223108407021,13.10462667625286
DD2_M135135_LK,DD2,yes,yes,leakage,0.125,1.35,1.35,1.47277,1.47277,2.94554,1.34026500358747,1.34026500358747,8.93862146593392,8.93862146593392,0.15103,0.15103,0.09996,0.0269,0.00984,0.09996,0.0269,0.00984,848.044957999892,2001.00631782103,4584.23416460744,848.044957999892,2001.00631782103,4584.23416460744,848.044957999892,159.00842962498,22.3079402636374,yes,2.67288,0.0408860662854,7.01514,1.47438320298,663.58,2539.76899696,inf,nan,0.000293877,0.182207846677,27.3635168203,0.180606491386,0.118640078836,,,0.0002491905656698873,0.18199008648648735,26.712536952415526,0.1846093231388526,0.00759045099989215,31.82377998430726,0.031517207622528076,0.016432451084256172,0.0006996429850342988,0.14767922751760967,18.138297228088057,0.15499884667058791,0.015023189397736105,29.575936155191613,0.0001883025897782294,0.1983858940476354,32.88701593396701,0.1803175140496875,0.00547218587589807,36.13262238463751,6.088797589165777e-05,0.13128429474259293,7.617299087615894,0.19788220262759626,0.002130952326371048,10.373831041741122
DD2_M135135_LK_HR,DD2,yes,yes,leakage,0.083333,1.35,1.35,1.47277,1.47277,2.94554,1.34026500358747,1.34026500358747,8.93862146593392,8.93862146593392,0.15103,0.15103,0.09996,0.0269,0.00984,0.09996,0.0269,0.00984,848.044957999892,2001.00631782103,4584.23416460744,848.044957999892,2001.00631782103,4584.23416460744,848.044957999892,159.00842962498,21.2951968176464,yes,2.67288,0.0450144999588,7.01514,1.56637554595,663.58,2639.36778116,inf,nan,0.000204825,0.181227080417,28.4006665241,0.185417360206,0.0892542327023,,,0.00017611007188808215,0.1804437406488805,26.06833777472541,0.1975762300182197,0.006144440005847027,29.7286115867134,0.03048475831747055,0.016329994425177574,0.0006509118230817368,0.1399383749769573,18.870932565849564,0.15759968354617898,0.014449791061831831,30.504694117773813,0.00012921610384886666,0.1994356671334361,32.950762080635464,0.1992170075816034,0.0045835100898135315,33.92105051095538,4.689396803921558e-05,0.128111578378753,7.1038506342740595,0.1930550753177726,0.0015620975641838604,12.202832090877592
DD2_M135135_M0,DD2,yes,no,M0,0.125,1.35,1.35,1.47277,1.47277,2.94554,1.34026500358747,1.34026500358747,8.93862146593392,8.93862146593392,0.15103,0.15103,0.09996,0.0269,0.00984,0.09996,0.0269,0.00984,848.044957999892,2001.00631782103,4584.23416460744,848.044957999892,2001.00631782103,4584.23416460744,848.044957999892,159.00842962498,18.2884915674865,no (2.71 ms to go),2.67288,0.0405296560376,7.01514,1.46941546656,663.58,2539.76899696,inf,nan,0.0014195,0.225551296204,20.5024689813,0.166251706985,0.492784284551,,,0.0011066115544754317,0.2091522268774284,19.85933132794604,0.17901037789716373,0.03169424015588933,31.637439281030545,0.027497757226228714,0.019033271819353104,0.002543063290649297,0.24721155172947276,16.370504226462113,0.16421187716545457,0.06129076264687851,32.38604019659262,0.0008424624363791454,0.22813586777156147,23.39726223328113,0.1860663757028122,0.02606844148406121,34.988610969471566,0.0002641491180962877,0.14860686343166135,8.575652201055147,0.15650637279097956,0.0057828502049800095,17.00338080966701
DD2_M140120_LK,DD2,yes,yes,leakage,0.125,1.4,1.2,1.53253,1.29693,2.82946,1.38959109246487,1.19292876120195,8.94797392304742,8.90405876678786,0.15646,0.13477,0.09713,0.02596,0.00942,0.10752,0.02943,0.01096,690.630096309075,1508.06528698578,3193.46136378171,1612.24802950828,4859.33007687365,14233.5160506694,1057.59523096822,198.567152823735,21.4922286164773,yes,2.57644,0.0305524638663,6.53749,1.1779539338,652.714,2489.96960486,inf,nan,0.000889373,0.121703207033,14.838858128,0.178656091942,0.358035356336,,,0.0008466115892193932,0.11964910887596736,13.835019284543558,0.1791785093936264,0.024293202648579097,23.28624621353872,0.03064238280057907,0.014706453308463097,0.0010425146039275426,0.11795660007668314,12.837168562317084,0.1461643752714094,0.019906455709278088,31.699842325181912,0.00045155243930519506,0.14271747670017398,19.61372269009427,0.1909674672671113,0.014718233693549096,29.329975546037364,0.00039505914991419874,0.09328197432390753,7.2299637647197645,0.16570373558875556,0.00969517044020902,13.373653353548372
DD2_M140120_M0,DD2,yes,no,M0,0.125,1.4,1.2,1.53253,1.29693,2.82946,1.38959109246487,1.19292876120195,8.94797392304742,8.90405876678786,0.15646,0.13477,0.09713,0.02596,0.00942,0.10752,0.02943,0.01096,690.630096309075,1508.06528698578,3193.46136378171,1612.24802950828,4859.33007687365,14233.5160506694,1057.59523096822,198.567152823735,24.8260066526966,yes,2.57644,0.026999011288,6.53749,1.08752639025,652.714,2340.57142857,inf,nan,0.00164611,0.211572203284,17.634491606,0.159595757173,0.542362345284,,,0.0013768468884373189,0.20173429028014467,16.812377508508483,0.16101000471944904,0.03190216067535855,34.5877127747712,0.03397616371512413,0.01766193099319935,0.005006743239236427,0.23904735544392433,14.350230052321727,0.1539249963851162,0.10602355186031154,32.55937582128302,0.001010295635810897,0.23362586854601802,20.22853955257867,0.1619756107750225,0.023690621523002532,39.48784613813713,0.0003665512526264223,0.11383410685348723,7.396685761127049,0.15834858267582366,0.008214701634651624,14.009668137924812
DD2_M140140_LK,DD2,yes,yes,leakage,0.125,1.4,1.4,1.53254,1.53254,3.06508,1.3895993147991,1.3895993147991,8.94797392304742,8.94797392304742,0.15646,0.15646,0.09713,0.02596,0.00942,0.09713,0.02596,0.00942,690.630096309075,1508.06528698578,3193.46136378171,690.630096309075,1508.06528698578,3193.46136378171,690.630096309075,129.493143057952,22.6271317777435,yes,2.77062,0.0536440195295,7.44301,1.79108256352,671.364,2639.36778116,inf,nan,0.00041999,0.170901852867,21.9135986193,0.223043086864,0.260589266898,,,0.00038243462694535947,0.16842523376604207,20.55933220139236,0.2295845709849524,0.018016537489405526,28.866332909808193,0.030855178833007812,0.014328152872622013,0.0006405703324273536,0.15949223442795768,19.440673920772984,0.15197850915691952,0.013223910637563315,34.34356833080623,0.00020857375689779448,0.212096092959855,31.70282332374088,0.23177875243608762,0.010014646656032862,37.9570310277653,0.0001738608700475647,0.11603509464781407,7.19094282366991,0.22695230146707046,0.008003865022823816,10.244535355076545
DD2_M140140_LK_HR,DD2,yes,yes,leakage,0.083333,1.4,1.4,1.53254,1.53254,3.06508,1.3895993147991,1.3895993147991,8.94797392304742,8.94797392304742,0.15646,0.15646,0.09713,0.02596,0.00942,0.09713,0.02596,0.00942,690.630096309075,1508.06528698578,3193.46136378171,690.630096309075,1508.06528698578,3193.46136378171,690.630096309075,129.493143057952,22.5089126984449,yes,2.77062,0.0477327163444,7.44301,1.64406377272,671.364,2589.56838906,inf,nan,0.000914184,0.135365124917,16.5856904751,0.184838814535,0.388369118345,,,0.0008503901721736263,0.13612012645545846,16.062774214532432,0.18262365067118527,0.025349009715772884,27.832741498247437,0.030736958608031273,0.014154764823615551,0.0007135605161014528,0.13867008210918483,14.423848990675802,0.14595456753615685,0.013586103443498686,33.10449307075798,0.0004973230685282881,0.1627238180216303,22.17585513914487,0.1774891613545499,0.014002674852066013,33.79427947555988,0.0003530671036453387,0.09864671308087472,7.452014015689552,0.18985598683592678,0.011374559140101314,16.039514004742962
DD2_M144139_LK,DD2,yes,no,leakage,0.125,1.44,1.39,1.58001,1.52026,3.10027,1.42851325832185,1.37949433797033,8.9535534415221,8.94581027159223,0.16083,0.15538,0.09481,0.02519,0.00909,0.09772,0.02615,0.00951,587.3913919792,1206.69488128917,2404.92214982524,719.310854121258,1594.57374853502,3431.35111307928,650.209372648612,121.924397170414,21.4449409847579,yes,2.79924,0.0570937886781,7.58863,1.89235286087,675.312,2589.56838906,inf,nan,0.000531682,0.170668056164,22.0175644974,0.197831552819,0.264375251821,,,0.0004624375795306894,0.16694412428080085,20.548619311405012,0.20526641018653746,0.01741476502118916,28.066616078359058,0.02979120798408985,0.015368479304015636,0.0006980871185716964,0.16724632687610536,19.63859319730567,0.1578894528077863,0.015554089321721079,32.546467136619995,0.0003007309591626769,0.18937261719306153,27.648963168114435,0.19845980622960205,0.01058648997354777,34.0411899597488,0.00016170662036801275,0.12523314070618075,7.343883391789963,0.21792486864637753,0.0068638867837989915,9.894372254071966
DD2_M150150_LK,DD2,yes,yes,leakage,0.125,1.5,1.5,1.6565,1.6565,3.313,1.49070684094546,1.49070684094546,8.96110878786068,8.96110878786068,0.16739,0.16739,0.09118,0.024,0.00857,0.09118,0.024,0.00857,462.552233111546,869.047296291726,1582.18015973377,462.552233111546,869.047296291726,1582.18015973377,462.552233111546,86.728543708415,21.2203247340907,yes,2.9703,0.0735807650314,8.39708,2.27434934648,689.77,2738.96656535,inf,nan,0.000690053,0.197331003488,23.2494246791,0.167387468145,0.261229293558,,,0.0005148550350621115,0.20130769258825598,22.954910416626237,0.18272285560007945,0.01536382801653507,32.43227516390294,0.028585374355316162,0.016148725524544716,0.0010099856729801808,0.18031486792188112,17.829931539940315,0.15864022920129203,0.022718026177272206,32.74066302400921,0.0004473588957669457,0.20763608109595014,25.18157546019105,0.18558242242303424,0.013770778140348343,33.8765005318658,6.749613929516638e-05,0.15936365068674882,8.196756460947126,0.16376988036849385,0.001617989582453388,20.42751814481385
DD2_M150150_LK_HR,DD2,no,no,leakage,0.083333,1.5,1.5,1.6565,1.6565,3.313,1.49070684094546,1.49070684094546,8.96110878786068,8.96110878786068,0.16739,0.16739,0.09118,0.024,0.00857,0.09118,0.024,0.00857,462.552233111546,869.047296291726,1582.18015973377,462.552233111546,869.047296291726,1582.18015973377,462.552233111546,86.728543708415,0.788127195323702,no (20.21 ms to go),2.9703,0.00568928651616,8.39708,0.425199370019,689.77,nan,inf,nan,0,nan,nan,nan,0,,,2.988906296047879e-08,0.21042429253890962,148.31242797291242,0.059205270365909564,9.364007705032155e-08,7.161186606869147,0.006210442632436752,0.006210442632436752,0.0,nan,nan,nan,nan,nan,2.988906296047879e-08,0.21042429253890962,148.31242797291242,0.059205270365909564,9.364007705032155e-08,7.161186606869147,0.0,nan,nan,nan,nan,nan
DD2_M160160_LK,DD2,yes,no,leakage,0.125,1.6,1.6,1.77792,1.77792,3.55584,1.58815051056196,1.58815051056196,8.96810716888067,8.96810716888067,0.17841,0.17841,0.08488,0.02195,0.0077,0.08488,0.02195,0.0077,313.053198761785,508.673260549891,800.863835624408,313.053198761785,508.673260549891,800.863835624408,313.053198761784,58.6974747678346,9.95404647693835,yes,3.16204,0.0537546146041,9.32398,1.71088006496,703.514,4133.34954407,2.28172755068782,0.0460095444493,0.00123068,0.141130844832,12.9466071189,0.236486818059,0.832514593326,,,0.0012351713598402548,0.14050555072124468,12.22906934748444,0.23443792276737155,0.06067479243789288,20.32417466201292,0.016077794134616852,0.010403278283774853,0.0005268133168597152,0.11505911590269599,9.929102488960714,0.12194487860776082,0.007001846750269962,19.74575362146885,0.0004600002530319328,0.1993949649353561,20.247757032471085,0.2837377670160817,0.03309878445727087,27.763278688878277,0.0007751711068083222,0.10555953015692045,7.47063816799263,0.20518252272773985,0.029168025583102393,14.170643889500024
LS220_M120120_LK,LS220,yes,yes,leakage,0.125,1.2,1.2,1.29564,1.29564,2.59128,1.17938109401522,1.17938109401522,8.65051903114187,8.65051903114187,0.13872,0.13872,0.11088,0.03205,0.0126,0.11088,0.03205,0.0126,1439.01909740288,4323.07937457077,12617.0992835526,1439.01909740288,4323.07937457077,12617.0992835526,1439.01909740288,269.81608076304,21.1257494706518,yes,2.3781,0.0372849759328,5.75586,1.34818527929,633.964,2539.76899696,inf,nan,0.00140069,0.116899163673,14.9572646894,0.146553098364,0.327685613084,,,0.001259952666409427,0.1165119485127773,14.357416475782065,0.1412107851948931,0.022455291174896468,25.15244898107076,0.03373972699046135,0.020239105448126793,0.0009893358984141552,0.14606615704365344,14.67187688978157,0.08484319797762405,0.006365119372040261,33.1084281050172,0.0007805661485605569,0.14743166310148806,19.520889647317443,0.13426861044376268,0.012577300197120979,31.29691658476404,0.00047938651784886876,0.06616659745993404,5.9499368812646996,0.152514454376997,0.009966359569823209,8.246590538493685
LS220_M1251365_LK,LS220,yes,yes,leakage,0.125,1.365,1.25,1.49118,1.3547,2.84588,1.34090717580228,1.22862266337396,8.60059227521895,8.64035390889611,0.15871,0.14467,0.09601,0.02685,0.01021,0.10641,0.03047,0.01186,635.629071909269,1411.40933376363,3043.88201008702,1119.43473060578,3063.10455123961,8138.02561434627,848.433748838148,159.195558899078,24.6013904020293,yes,2.58838,0.0536918084107,6.62293,1.71074331941,654.686,2838.56534954,inf,nan,0.00110871,0.102591572716,13.090111665,0.160045944821,0.318235153213,,,0.0010214983765948497,0.09826997082585473,12.374263014051301,0.16146924341306446,0.023803785414512054,23.261889098746252,0.0350164920091629,0.019151492044329643,0.000819125075269746,0.13324066807139417,17.00152460804259,0.08914917357414084,0.005818534169880369,32.6042469542953,0.0003572736927485621,0.15043403676918338,21.939221436754305,0.15957090903060855,0.00813087345834286,37.16442749807691,0.0006642246838462875,0.07021192221430192,7.2294556924125795,0.16249032099627658,0.01567468164887712,9.45635163511303
LS220_M135135_LK,LS220,yes,yes,leakage,0.125,1.35,1.35,1.47334,1.47334,2.94668,1.3263478329092,1.3263478329092,8.60640061201071,8.60640061201071,0.15686,0.15686,0.0974,0.02733,0.01043,0.0974,0.02733,0.01043,683.764650054586,1559.52698387368,3455.53351049596,683.764650054586,1559.52698387368,3455.53351049596,683.764650054587,128.205871885235,21.7404886830043,yes,2.67124,0.0842542507727,6.99988,2.33084239653,662.606,2987.96352584,20.3391758652292,0.0969302395637,0.000591045,0.11379542362,15.7096778734,0.157891449754,0.167559408905,,,0.0004997760501024607,0.10183745408668464,13.698964835852259,0.16703739974124546,0.012463258619146746,23.824059048662555,0.03163542598485947,0.01957707852125168,0.0006237986978996716,0.16368046198995131,19.496220316704623,0.09897382701575633,0.005461524872942184,31.877083134689162,0.00016657942276903243,0.18765370181273797,29.63105679442981,0.15713108268293338,0.0036759896830216043,40.0240287897488,0.0003331966273334281,0.05893419565692559,5.733822141574082,0.17198999662239403,0.008809184334471877,7.13074885400548
LS220_M135135_LK_LR,LS220,yes,yes,leakage,0.166666,1.35,1.35,1.47334,1.47334,2.94668,1.3263478329092,1.3263478329092,8.60640061201071,8.60640061201071,0.15686,0.15686,0.0974,0.02733,0.01043,0.0974,0.02733,0.01043,683.764650054586,1559.52698387368,3455.53351049596,683.764650054586,1559.52698387368,3455.53351049596,683.764650054587,128.205871885235,27.6475020119555,yes,2.67124,0.0662628599441,6.99988,1.98944739541,662.606,2838.56534954,inf,nan,0.00109147,0.130245267194,15.7435486077,0.163810071055,0.323758192718,,,,,,,,,,,,,,,,,,,,,,,,,,,,
LS220_M135135_LK_HR,LS220,no,no,leakage,0.083333,1.35,1.35,1.47334,1.47334,2.94668,1.3263478329092,1.3263478329092,8.60640061201071,8.60640061201071,0.15686,0.15686,0.0974,0.02733,0.01043,0.0974,0.02733,0.01043,683.764650054586,1559.52698387368,3455.53351049596,683.764650054586,1559.52698387368,3455.53351049596,683.764650054587,128.205871885235,0.796008467276939,no (20.2 ms to go),2.67124,0.00477021845569,6.99988,0.386275950485,662.606,946.188449848,inf,nan,4.91096E-08,0.270463820037,146.745925471,0.0415582961376,8.94729135289E-07,,,,,,,,,,,,,,,,,,,,,,,,,,,,
LS220_M135135_M0,LS220,yes,no,M0,0.125,1.35,1.35,1.47334,1.47334,2.94668,1.3263478329092,1.3263478329092,8.60640061201071,8.60640061201071,0.15686,0.15686,0.0974,0.02733,0.01043,0.0974,0.02733,0.01043,683.764650054586,1559.52698387368,3455.53351049596,683.764650054586,1559.52698387368,3455.53351049596,683.764650054587,128.205871885235,20.4873664424396,no (0.51 ms to go),2.67124,0.0790154190777,6.99988,2.24514922857,662.606,2938.16413374,inf,nan,0.00185523,0.246561703806,19.4029392905,0.147051125522,0.497001563133,,,0.0012504101459264673,0.22430529036995858,19.047193582399277,0.16407717484322873,0.03008690765883654,35.54785520652558,0.030335014685988426,0.018820475786924362,0.0030376826216041435,0.2706632133820672,17.58362317988488,0.1158845954944016,0.03646049328470733,32.45461101866908,0.000945717891851952,0.26376416109230216,22.98395634924671,0.16137921049460055,0.022013317803475724,40.664915403175044,0.0003046922540745145,0.10183102482703725,6.82808746861638,0.17245124120676886,0.008098839415615981,7.327148284240592
LS220_M135135_M0_L5,LS220,yes,no,"M0, lmix=5",0.125,1.35,1.35,1.47334,1.47334,2.94668,1.3263478329092,1.3263478329092,8.60640061201071,8.60640061201071,0.15686,0.15686,0.0974,0.02733,0.01043,0.0974,0.02733,0.01043,683.764650054586,1559.52698387368,3455.53351049596,683.764650054586,1559.52698387368,3455.53351049596,683.764650054587,128.205871885235,22.5207346063748,yes,2.67124,0.0772782793803,6.99988,2.20993893762,662.606,2987.96352584,inf,nan,0.00270703,0.271861280499,19.6940638807,0.130158312861,0.58408800363,,,nan,nan,nan,nan,nan,nan,nan,nan,nan,nan,nan,nan,nan,nan,nan,nan,nan,nan,nan,nan,nan,nan,nan,nan,nan,nan
LS220_M135135_M0_L25,LS220,yes,no,"M0, lmix=25",0.125,1.35,1.35,1.47334,1.47334,2.94668,1.3263478329092,1.3263478329092,8.60640061201071,8.60640061201071,0.15686,0.15686,0.0974,0.02733,0.01043,0.0974,0.02733,0.01043,683.764650054586,1559.52698387368,3455.53351049596,683.764650054586,1559.52698387368,3455.53351049596,683.764650054587,128.205871885235,24.3531303355024,yes,2.67124,0.0878989717059,6.99988,2.37727690465,662.606,3037.76291793,18.0811914505785,0.0835273903421,0.00195074,0.255092221045,21.0703194362,0.138757639642,0.508637128897,,,nan,nan,nan,nan,nan,nan,nan,nan,nan,nan,nan,nan,nan,nan,nan,nan,nan,nan,nan,nan,nan,nan,nan,nan,nan,nan
LS220_M135135_M0_L50,LS220,yes,no,"M0, lmix=50",0.125,1.35,1.35,1.47334,1.47334,2.94668,1.3263478329092,1.3263478329092,8.60640061201071,8.60640061201071,0.15686,0.15686,0.0974,0.02733,0.01043,0.0974,0.02733,0.01043,683.764650054586,1559.52698387368,3455.53351049596,683.764650054586,1559.52698387368,3455.53351049596,683.764650054587,128.205871885235,34.7564093137752,yes,2.67124,0.0440166075547,6.99988,1.48959545804,662.606,2888.36474164,inf,nan,0.00198329,0.259953447425,23.6045619448,0.163917981548,0.658155318013,,,nan,nan,nan,nan,nan,nan,nan,nan,nan,nan,nan,nan,nan,nan,nan,nan,nan,nan,nan,nan,nan,nan,nan,nan,nan,nan
LS220_M135135_OldM0,LS220,yes,no,"M0, LTE",0.125,1.35,1.35,1.47334,1.47334,2.94668,1.3263478329092,1.3263478329092,8.60640061201071,8.60640061201071,0.15686,0.15686,0.0974,0.02733,0.01043,0.0974,0.02733,0.01043,683.764650054586,1559.52698387368,3455.53351049596,683.764650054586,1559.52698387368,3455.53351049596,683.764650054587,128.205871885235,19.0332717670674,no (1.97 ms to go),2.67124,0.0684120438162,6.99988,2.01530140799,662.606,2987.96352584,inf,nan,0.00107419,0.195675916269,17.1122697866,0.134553646728,0.243667999607,,,nan,nan,nan,nan,nan,nan,nan,nan,nan,nan,nan,nan,nan,nan,nan,nan,nan,nan,nan,nan,nan,nan,nan,nan,nan,nan
LS220_M140120_LK,LS220,yes,yes,leakage,0.125,1.4,1.2,1.53451,1.29564,2.83015,1.37609340539917,1.17938109401522,8.58474368408143,8.65051903114187,0.16308,0.13872,0.09275,0.02573,0.0097,0.11088,0.03205,0.0126,536.067089144579,1118.33934243313,2264.67614693664,1439.01909740288,4323.07937457077,12617.0992835526,893.436162642197,167.878444284075,21.4212971688982,yes,2.57448,0.0425807827093,6.54004,1.46979894372,653.684,2738.96656535,inf,nan,0.00186003,0.0873875323243,11.0197178816,0.151374531582,0.469433491415,,,0.0017797920551985693,0.08539027289744044,10.550460204938597,0.14760608571984762,0.0346582409015422,20.318491624461934,0.0319664366543293,0.015415769070386887,0.00157795539988915,0.1092078327222156,12.34676688968081,0.08225401199135954,0.009541960826960448,30.20100116230389,0.0006508266051976741,0.1191130200659072,16.16486260849458,0.16022531120821934,0.014933316539993456,30.08233342417096,0.001128965450000894,0.06594976561037033,7.313866510669954,0.14033134787484586,0.019870956362875603,11.36632446513761
LS220_M140120_M0,LS220,yes,no,M0,0.125,1.4,1.2,1.53451,1.29564,2.83015,1.37609340539917,1.17938109401522,8.58474368408143,8.65051903114187,0.16308,0.13872,0.09275,0.02573,0.0097,0.11088,0.03205,0.0126,536.067089144579,1118.33934243313,2264.67614693664,1439.01909740288,4323.07937457077,12617.0992835526,893.436162642197,167.878444284075,22.6980632253226,yes,2.57448,0.0382005958753,6.54004,1.37059503359,653.684,2639.36778116,inf,nan,0.00242864,0.184839417266,14.0402913208,0.149788172768,0.633830782031,,,0.0020547908383514216,0.1697297252703422,13.30914425158613,0.15082600664480478,0.04177811210615728,29.67531709219982,0.03324320167303085,0.01834760047495365,0.004205015271305009,0.24975071040442098,15.01291446369997,0.09353449053095451,0.03288061049993494,33.97660100032588,0.0010705819954813652,0.23240125171537782,18.680389119741545,0.1602686467628549,0.024577958149070323,39.41820687735987,0.000984208842870047,0.10155821032466018,7.466524475482347,0.14055469017226227,0.017378275272775235,12.194959492459734
LS220_M140120_M0_L5,LS220,yes,no,"M0, lmix=5",0.125,1.4,1.2,1.53451,1.29564,2.83015,1.37609340539917,1.17938109401522,8.58474368408143,8.65051903114187,0.16308,0.13872,0.09275,0.02573,0.0097,0.11088,0.03205,0.0126,536.067089144579,1118.33934243313,2264.67614693664,1439.01909740288,4323.07937457077,12617.0992835526,893.436162642197,167.878444284075,26.102772709121,yes,2.57448,0.0327318837322,6.54004,1.23449188581,653.684,2738.96656535,inf,nan,0.00280959,0.184078385914,14.0485814811,0.151088901847,0.756379495619,,,nan,nan,nan,nan,nan,nan,nan,nan,nan,nan,nan,nan,nan,nan,nan,nan,nan,nan,nan,nan,nan,nan,nan,nan,nan,nan
LS220_M140120_M0_L25,LS220,yes,no,"M0, lmix=25",0.125,1.4,1.2,1.53451,1.29564,2.83015,1.37609340539917,1.17938109401522,8.58474368408143,8.65051903114187,0.16308,0.13872,0.09275,0.02573,0.0097,0.11088,0.03205,0.0126,536.067089144579,1118.33934243313,2264.67614693664,1439.01909740288,4323.07937457077,12617.0992835526,893.436162642197,167.878444284075,26.4101423152972,yes,2.57448,0.0365875609672,6.54004,1.31192038794,653.684,2689.16717325,inf,nan,0.00411685,0.15996259481,12.8312183237,0.200073015972,1.97268892594,,,nan,nan,nan,nan,nan,nan,nan,nan,nan,nan,nan,nan,nan,nan,nan,nan,nan,nan,nan,nan,nan,nan,nan,nan,nan,nan
LS220_M140120_M0_L50,LS220,yes,no,"M0, lmix=50",0.125,1.4,1.2,1.53451,1.29564,2.83015,1.37609340539917,1.17938109401522,8.58474368408143,8.65051903114187,0.16308,0.13872,0.09275,0.02573,0.0097,0.11088,0.03205,0.0126,536.067089144579,1118.33934243313,2264.67614693664,1439.01909740288,4323.07937457077,12617.0992835526,893.436162642197,167.878444284075,36.411476423955,yes,2.57448,0.0307745860136,6.54004,1.16207313397,653.684,2689.16717325,inf,nan,0.00697461,0.175178154029,13.1941526908,0.217117432122,3.96869443652,,,nan,nan,nan,nan,nan,nan,nan,nan,nan,nan,nan,nan,nan,nan,nan,nan,nan,nan,nan,nan,nan,nan,nan,nan,nan,nan
LS220_M140140_LK,LS220,yes,yes,leakage,0.125,1.4,1.4,1.53452,1.53452,3.06904,1.37610149538819,1.37610149538819,8.58474368408143,8.58474368408143,0.16308,0.16308,0.09275,0.02573,0.0097,0.09275,0.02573,0.0097,536.067089144579,1118.33934243313,2264.67614693664,536.067089144579,1118.33934243313,2264.67614693664,536.067089144578,100.512579214608,24.8496504685563,yes,2.77034,0.0700148835076,7.44902,2.02355926139,671.916,3137.36170213,9.92779366335171,0.118787023388,0.00143295,0.14415318099,15.5155257271,0.167636506813,0.479429218062,,,0.0012224442842890758,0.1408926796256635,14.746068347888073,0.17314950414488434,0.03275671210411602,29.13618094123444,0.034141670912504196,0.01813480816781521,0.000763366232739318,0.16558989513139827,16.00437893156349,0.0979329922622062,0.006543644824750549,32.57899794841461,0.000768705652644428,0.1729271622795725,19.543642444571354,0.16953706957567014,0.019747773805691263,34.941248119868895,0.00045373863164464845,0.08662115373345054,6.618212199220585,0.1792695448015454,0.013033093579548778,14.79707698717386
LS220_M140140_LK_HR,LS220,yes,yes,leakage,0.083333,1.4,1.4,1.53452,1.53452,3.06904,1.37610149538819,1.37610149538819,8.58474368408143,8.58474368408143,0.16308,0.16308,0.09275,0.02573,0.0097,0.09275,0.02573,0.0097,536.067089144579,1118.33934243313,2264.67614693664,536.067089144579,1118.33934243313,2264.67614693664,536.067089144578,100.512579214608,17.9693000533804,yes,2.77034,0.0765730910202,7.44902,2.15835117328,671.916,3137.36170213,9.35246081068301,0.0699936631518,0.000714496,0.153533676604,17.2511486154,0.170260834744,0.261706997912,,,0.0006021160449261863,0.15154593590037055,16.72839281685672,0.1774747946040669,0.016950491273720513,33.152527120641174,0.02736377716064453,0.01661372184753418,0.000515194101645804,0.16287116473046148,nan,0.08261612541327629,0.0031428905266364473,35.15325837440643,0.0003801653921346076,0.18397143062568433,22.265431821411116,0.18598636472787902,0.011753399974031067,39.45512138359255,0.0002219506527915789,0.09600633391062924,7.244344998318795,0.1628958584617214,0.005263870996129828,17.763961385628548
LS220_M140140_LK_LR,LS220,yes,yes,leakage,0.166666,1.4,1.4,1.53452,1.53452,3.06904,1.37610149538819,1.37610149538819,8.58474368408143,8.58474368408143,0.16308,0.16308,0.09275,0.02573,0.0097,0.09275,0.02573,0.0097,536.067089144579,1118.33934243313,2264.67614693664,536.067089144579,1118.33934243313,2264.67614693664,536.067089144578,100.512579214608,12.0898711762656,yes,2.77034,0.0685448877643,7.44902,1.98104318606,671.916,3187.16109422,8.58009615926717,0.0741860871666,0.00166126,0.160536396417,14.8033991364,0.191571066582,0.677216840505,,,0.0015697987746754953,0.16048236071753894,14.356321184489406,0.18676604805497665,0.04894051886425066,28.245813055339106,0.021279433742165565,0.014911366626620293,0.0003752625627910814,0.19110068373452432,16.81344805782238,0.09479440178688378,0.0030139035203670295,38.14952153070923,0.0009129752842376874,0.19605905161861176,19.789190746363015,0.1926331892795643,0.030279588979750437,34.20964302815095,0.0006568234904378086,0.11103126775191866,6.804709975865223,0.1786108054286661,0.018728062897483976,16.739848992141727
LS220_M144139_LK,LS220,yes,yes,leakage,0.125,1.44,1.39,1.58149,1.52047,3.10196,1.41400271079512,1.36472300391059,8.5658199988103,8.58979112594241,0.16811,0.16182,0.08895,0.02444,0.00912,0.09367,0.02605,0.00985,441.658865557433,858.786287078398,1619.92012740677,562.792468606045,1195.42156581053,2465.96640418954,499.261044023471,93.6242767808743,12.7203729325245,yes,2.79674,0.0663758815276,7.56968,1.94923440219,674.494,3137.36170213,7.2216853488609,0.0982180839479,0.00190409,0.143187270514,14.7703041333,0.15717414715,0.54335575236,,,0.001669204764429918,0.1438450667744508,14.289351926010495,0.15452180091882525,0.035621964211933844,30.33141085299181,0.02191781811416149,0.015841355547308922,0.0010020319368120418,0.1620220791001055,14.372519674940797,0.09397277842768492,0.007908869759220494,28.983460217614073,0.00105195175419464,0.17528775021625603,18.652940502083393,0.15679063221625966,0.023113449740804135,34.97244534813124,0.0006172530102352776,0.09025895953037916,6.852718031857595,0.1506551513865727,0.01252160253347794,20.089463061088416
LS220_M145145_LK,LS220,yes,yes,leakage,0.125,1.45,1.45,1.59559,1.59559,3.19118,1.42533331136921,1.42533331136921,8.55962219598583,8.55962219598583,0.1694,0.1694,0.08804,0.02413,0.00899,0.08804,0.02413,0.00899,420.747694430098,803.715264210768,1490.66390090812,420.747694430098,803.715264210768,1490.66390090812,420.747694430098,78.8901927056434,9.7294302262711,yes,2.86832,0.0439532526921,7.90779,1.45775004098,681.082,2589.56838906,2.25905847582748,0.0447074120008,0.00164991,0.142746206615,14.0350686228,0.2078465342,0.82280554534,,,0.0016153046022521216,0.1433839296831963,13.479388770912198,0.2022232617888906,0.05903986799679529,22.201579676902217,0.01858403906226158,0.013642481528222561,0.0002875228942159868,0.15633447519718682,14.661298284881282,0.1044518130909294,0.0028037102049862247,23.7957297063655,0.0008686855216451367,0.17405950546961643,18.58389238999974,0.22827711394616232,0.040459084812310114,26.301658515064688,0.0007466190806069866,0.10769313467682216,7.540338317658785,0.17190980645406925,0.019721008142782555,16.172450312670925
LS220_M150150_LK,LS220,yes,yes,leakage,0.125,1.5,1.5,1.65889,1.65889,3.31778,1.47584056920497,1.47584056920497,8.5295121119072,8.5295121119072,0.17586,0.17586,0.0833,0.02254,0.00828,0.0833,0.02254,0.00828,330.155394892613,577.727667593029,980.318986468888,330.155394892613,577.727667593029,980.318986468888,330.155394892613,61.904136542365,8.19258219538988,yes,2.96872,0.0302476766708,8.38217,1.25091135996,689.34,5378.3343465,0.926831527308355,0.00227922706427,0.000334724,0.084331649055,11.4696793065,0.188772750697,0.127645802857,,,0.0003353207917938593,0.08386341074397162,10.411665934491474,0.18746978686825558,0.010532992607753968,12.714247306177892,0.016503384336829185,0.011349031701683998,8.921738744394372e-05,0.08917123291749775,8.77588550052502,0.08503221282147247,0.0005765609023789419,13.034541168697693,5.162553800874712e-05,0.19306720016735157,35.72064122435284,0.24364417766059143,0.0027390842510072147,29.043704638069876,0.00028369525378511205,0.06399101490245954,5.806056752256479,0.1772474334510756,0.007966007405977305,6.131180289827117
LS220_M160160_LK,LS220,yes,yes,leakage,0.125,1.6,1.6,1.79049,1.79049,3.58098,1.57927179564686,1.57927179564686,8.4539786537039,8.4539786537039,0.18926,0.18926,0.0737,0.0194,0.00692,0.0737,0.0194,0.00692,202.340141807509,297.391544393793,423.074908562573,202.340141807509,297.391544393793,423.074908562573,202.340141807509,37.9387765889079,8.31080127468843,yes,3.1741,0.0343942611043,9.40155,1.48384415021,705.866,3137.36170213,0.626660440513423,0.000967769908137,0.000319188,0.0744507057694,8.36088593963,0.205685051577,0.141422331945,,,0.00032596723296431313,0.07391542085023034,7.590126250937521,0.20648280283569662,0.01242139705927919,7.607249121532888,0.015699492767453194,0.010143197141587734,7.34720086475989e-05,0.07612637030305912,7.709911454396649,0.08764815820994178,0.0005044710253474788,10.030823339875713,2.0321577701410737e-05,0.12082615808639867,35.56360351630755,0.25586730283248266,0.001189092745435282,19.48347044706856,0.0003056456552629024,0.07079644901025674,5.730243141073258,0.2031993570001366,0.011279545760514566,6.039776305031337
LS220_M171171_LK,LS220,yes,yes,leakage,0.125,1.71,1.71,1.92768,1.92768,3.85536,1.68468539969481,1.68468539969481,8.34146341463415,8.34146341463415,0.205,0.205,0.063,0.01601,0.00551,0.063,0.01601,0.00551,116.005875248749,140.298504309224,164.137398561997,116.005875248749,140.298504309224,164.137398561997,116.005875248749,21.7511016091405,7.8142811416345,yes,3.38306,0.0444094661477,10.5037,1.80098468498,721.974,3635.3556231,0.492571873451075,0.000770997252749,0.000285926,0.0844040050591,8.76763318936,0.218552514584,0.144462474468,,,0.0002861530173980283,0.08404906838224108,7.896515365858236,0.21837717122225997,0.012196677117212862,7.524511304107365,0.014446371234953403,0.009268375113606453,5.776573874935832e-05,0.08256076051334706,7.284830342858025,0.08583846934733606,0.0003804196892361015,9.159570502992647,2.069118591442575e-05,0.12453815687903728,33.18412854331162,0.27180842213205747,0.0013662806792773103,17.452640689187525,0.00026546183148360244,0.08089318245728237,5.925494889345454,0.21421251998017282,0.01088730806934282,6.106551489021539
SFHo_M1251365_LK,SFHo,yes,yes,leakage,0.125,1.365,1.25,1.50363,1.36409,2.86772,1.35496226650559,1.24114285126372,8.05594900849858,8.08590465101235,0.16944,0.15459,0.08124,0.02106,0.00743,0.08891,0.02355,0.00851,387.792086036172,700.302221651519,1229.37966569351,671.355212645814,1488.19509161514,3214.6795097282,512.595912539856,96.1752772192163,24.5777465861696,yes,2.58906,0.081208482123,6.6146,2.23098959901,653.88,3187.16109422,inf,nan,0.0014573,0.138680089635,14.4674806919,0.228587358059,0.918116686798,,,0.001384307975061563,0.13727666520192866,13.403031233589305,0.23169878403470542,0.06642154223306468,24.091643977550248,0.035583943128585815,0.017212698236107826,0.0007150229121549106,0.1708933369132758,15.921919975712143,0.15770073009899177,0.01589337357266633,33.208366565847136,0.0006188809331708073,0.17995432550595258,20.99996665865291,0.2280066039484231,0.028756146008839665,31.290439616628174,0.0007654270418907558,0.10276992740853011,7.26057972901758,0.2346840716351911,0.03767903359030193,16.066087238745137
SFHo_M135135_LK,SFHo,yes,yes,leakage,0.125,1.35,1.35,1.48606,1.48606,2.97212,1.34076642306572,1.34076642306572,8.05970149253731,8.05970149253731,0.1675,0.1675,0.08231,0.0214,0.00758,0.08231,0.0214,0.00758,416.185826350486,771.345287115701,1391.15845589311,416.185826350486,771.345287115701,1391.15845589311,416.185826350486,78.0348424407161,20.9720646675637,yes,2.67358,0.0708649332265,7.01839,2.03861841658,663.802,3386.35866261,11.957443142908,0.141020566393,0.00353303,0.16808633625,14.2872614841,0.235227236793,2.24185637849,,,0.003449092771643529,0.16792895324862903,13.796202217993411,0.23079505594731978,0.1642049949684744,27.99453956515006,0.03158813714981079,0.015510343946516514,0.0017615415999975997,0.16675842446175146,12.31729829268428,0.14668518609645065,0.03387615733460959,31.543982613004466,0.00186083238284181,0.18099607619893104,18.717918699821414,0.25332770676159205,0.10673354143361187,28.283256949891427,0.0015882603888017215,0.15261929388298642,8.029837034346492,0.20439542613718564,0.059305200173302985,27.652489410265858
SFHo_M135135_LK_HR,SFHo,yes,yes,leakage,0.083333,1.35,1.35,1.48606,1.48606,2.97212,1.34076642306572,1.34076642306572,8.05970149253731,8.05970149253731,0.1675,0.1675,0.08231,0.0214,0.00758,0.08231,0.0214,0.00758,416.185826350486,771.345287115701,1391.15845589311,416.185826350486,771.345287115701,1391.15845589311,416.185826350486,78.0348424407161,15.2423799575604,yes,2.67358,0.0794027506973,7.01839,2.16150545845,663.802,3485.95744681,6.93707290873534,0.0569441053569,0.00234322,0.172650519542,14.3644866665,0.21258093729,1.2348556465,,,0.002258386326057437,0.17313118374676553,13.81148243273665,0.21038975924923062,0.089346213958299,29.433047010439232,0.025913620367646217,0.016266945749521255,0.0014357680276293457,0.1501801691664055,10.734245633953906,0.13825707787051328,0.024529446601549508,26.483444422995046,0.0011514032904305798,0.19635602249920805,19.42517934330809,0.23724067577242147,0.05792079260143547,32.620652717352286,0.0011069830356268578,0.14897439461933387,7.972522948907006,0.18246138759322586,0.03293909305339219,25.702013802276696
SFHo_M135135_LK_LR,SFHo,yes,yes,leakage,0.166666,1.35,1.35,1.48606,1.48606,2.97212,1.34076642306572,1.34076642306572,8.05970149253731,8.05970149253731,0.1675,0.1675,0.08231,0.0214,0.00758,0.08231,0.0214,0.00758,416.185826350486,771.345287115701,1391.15845589311,416.185826350486,771.345287115701,1391.15845589311,416.185826350486,78.0348424407161,9.67820195857506,yes,2.67358,0.0562882719166,7.01839,1.71959026328,663.802,3585.556231,3.43778816148714,0.0377932018412,0.0036228,0.175831366238,13.6944091294,0.240880946973,2.34663056181,,,0.003578339274781369,0.1757193513235666,13.220102203340506,0.23571849753305066,0.1777041494136576,26.507328838427043,0.02020758017897606,0.015226616524159908,0.0012850354739319127,0.15450195257994104,9.574298934172324,0.1425911898762403,0.023352276701304707,23.83646465265322,0.0016632593856144855,0.19598854004543978,19.042816385050124,0.28120839293375066,0.11755612577816872,27.402215171858252,0.0019150798891668806,0.15811542859890518,8.163036925143572,0.19621022641400604,0.06589597657640035,25.70488726309802
SFHo_M135135_M0,SFHo,yes,no,M0,0.125,1.35,1.35,1.48606,1.48606,2.97212,1.34076642306572,1.34076642306572,8.05970149253731,8.05970149253731,0.1675,0.1675,0.08231,0.0214,0.00758,0.08231,0.0214,0.00758,416.185826350486,771.345287115701,1391.15845589311,416.185826350486,771.345287115701,1391.15845589311,416.185826350486,78.0348424407161,15.2384393215838,yes,2.67358,0.0787698977732,7.01839,2.16856166813,663.802,3436.15805471,7.725200104008,0.0531226223581,0.00415131,0.22419246258,17.1231742022,0.219647104556,2.40116220563,,,0.003708094649638959,0.21887737633613907,16.510772153973022,0.22390605993155263,0.16615409709440632,33.033140163026104,0.025842688977718353,0.017922012135386467,0.002358578489704266,0.24727226727441093,15.795401350555016,0.16152823070297387,0.055001676918076475,34.30628452224137,0.0025593027559965694,0.24046346173453859,20.11609370348055,0.23090620580893437,0.12196110299574024,34.64182191119446,0.0011487918936423857,0.17078744102493218,8.478760935080494,0.20831098763385614,0.044554794346373244,29.13315122499063
SFHo_M140120_LK,SFHo,yes,yes,leakage,0.125,1.4,1.2,1.54655,1.30308,2.84963,1.38947461721214,1.19061553998222,8.0436656133295,8.09498111171074,0.17405,0.14824,0.0788,0.02028,0.0071,0.09204,0.02458,0.00896,328.900717069208,558.84129957785,922.641099854033,857.152940585437,2083.35256172702,4936.96501256056,538.206929183586,101.113421533049,22.2015430922687,yes,2.57338,0.0606793270017,6.52472,1.8507888935,652.73,3087.56231003,inf,nan,0.00118141,0.137845963645,14.2375321329,0.197334707993,0.587093322275,,,0.001099765609819321,0.1365545689430773,13.396826410883175,0.20252584533595205,0.04031714468835662,27.529337386920886,0.033432357013225555,0.018276669085025787,0.0008598524484996329,0.14052354207386245,14.783329619556936,0.1572628969516982,0.01900663350632779,32.15176366228173,0.0005319292398273599,0.17209350548245875,19.497410554764752,0.20953351408554188,0.020873226328738594,34.50279515936184,0.0005678363699919601,0.10326293688729068,7.682012676420006,0.19596130648652288,0.019489135870066895,18.780886478870666
SFHo_M140120_M0,SFHo,no,no,M0,0.125,1.4,1.2,1.54655,1.30308,2.84963,1.38947461721214,1.19061553998222,8.0436656133295,8.09498111171074,0.17405,0.14824,0.0788,0.02028,0.0071,0.09204,0.02458,0.00896,328.900717069208,558.84129957785,922.641099854033,857.152940585437,2083.35256172702,4936.96501256056,538.206929183586,101.113421533049,30.6423853541855,yes,2.57338,0.0633278735501,6.52472,1.8852813648,652.73,3137.36170213,inf,nan,0.00302384,0.218538548707291,17.0149479208556,0.160097161085901,1.04508271374306,,,,,,,,,,,,,,,,,,,,,,,,,,,,
SFHo_M140120_M0_v4,SFHo,yes,no,M0,0.125,1.4,1.2,1.54655,1.30308,2.84963,1.38947461721214,1.19061553998222,8.0436656133295,8.09498111171074,0.17405,0.14824,0.0788,0.02028,0.0071,0.09204,0.02458,0.00896,328.900717069208,558.84129957785,922.641099854033,857.152940585437,2083.35256172702,4936.96501256056,538.206929183586,101.113421533049,30.6423853541855,yes,2.57338,0.0633278735501,6.52472,1.8852813648,652.73,3137.36170213,inf,nan,0.00302384,0.218538548707291,17.0149479208556,0.160097161085901,1.04508271374306,,,nan,nan,nan,nan,nan,nan,nan,nan,nan,nan,nan,nan,nan,nan,nan,nan,nan,nan,nan,nan,nan,nan,nan,nan,nan,nan
SFHo_M140140_LK,SFHo,yes,yes,leakage,0.125,1.4,1.4,1.54656,1.54656,3.09312,1.38948263110076,1.38948263110076,8.0436656133295,8.0436656133295,0.17405,0.17405,0.0788,0.02028,0.0071,0.0788,0.02028,0.0071,328.900717069208,558.84129957785,922.641099854033,328.900717069208,558.84129957785,922.641099854033,328.900717069208,61.6688844504766,12.1292775360318,yes,2.7696,0.034708053755,7.43612,1.29371804971,671.38,5378.3343465,1.07318462385344,0.00215930032465,0.000409437,0.187095225847,36.6511279899,0.345544726832,0.604347248107,,,0.00044355823794730063,0.18533363827360055,23.944905101271146,0.2995408772620963,0.034055051254929136,24.20668619946788,0.021563159301877022,0.021161215379834175,9.255159468567405e-06,0.161476103531381,63.60774026194989,0.39830430660394256,0.0010251607929637504,25.896214157736047,0.00021244654177401574,0.22039866196032928,41.423648255608576,0.3519957815413281,0.02143344138608227,30.06520890210193,0.00023111169617328473,0.153100552961103,7.877788641223824,0.25132236129025964,0.01304705472153219,17.138488295174362
SFHo_M144139_LK,SFHo,yes,yes,leakage,0.125,1.44,1.39,1.59791,1.53462,3.13253,1.43046334246835,1.37990502847486,8.02899358795651,8.04817323837647,0.17935,0.17271,0.07593,0.01937,0.00672,0.07947,0.02049,0.00719,272.781702604057,432.671899509808,666.649473632357,344.766081693866,596.016531508218,1001.64131429215,307.020572385404,57.573610303017,7.82610304956436,yes,2.80062,0.0330032235778,7.58098,1.29033358683,674.582,5975.92705167,0.873320790512205,0.00437431999677,0.000443001,0.17931945352,15.962215069,0.325503227397,0.528581448686,,,0.00045075106215970256,0.17883490809260533,13.254840491343412,0.3230939248141284,0.0420143011846473,20.024558494110995,0.017141764983534813,0.012696729972958565,0.00010121538939395825,0.13774661939823676,10.843067115679911,0.13974108674433713,0.0017529078695269526,19.138757927988255,0.00016862802635845439,0.2307629639620327,22.21738127645485,0.39336421060301524,0.02325994697444919,26.7276363292356,0.0002821230358012473,0.1477969407425666,7.897831768329352,0.2810926058840001,0.019923522147578355,14.618225470814489
SFHo_M146146_LK,SFHo,yes,yes,leakage,0.125,1.46,1.46,1.623,1.623,3.246,1.4503631596386,1.4503631596386,8.0210965827931,8.0210965827931,0.18202,0.18202,0.07447,0.01891,0.00653,0.07447,0.01891,0.00653,248.481777233841,380.8873027166,567.129042039525,248.481777233841,380.8873027166,567.129042039525,248.481777233841,46.5903332313452,7.40051436408956,yes,2.88966,0.0313396945023,7.99412,1.32621286818,681.952,5926.12765957,0.699299074144665,0.000364069094185,9.88678E-06,0.232877311919,118.518385275,0.182131584114,0.00349182000882,,,9.627971319306123e-06,0.221878431821443,104.36202716516847,0.18646519122272043,0.00029919825395800846,26.949501662747636,0.016077794134616852,0.011845551431179047,1.5384011726821757e-06,0.25931644132185183,68.0448493250601,0.17867527637883934,4.389623300776115e-05,28.397100181967392,9.627971319306123e-06,0.221878431821443,104.36202716516847,0.18646519122272043,0.00029919825395800846,26.949501662747636,0.0,nan,nan,nan,nan,nan
