model,bibkey,dataset,EOS,nus,q,M1,M2,Mb1,Mb2,C1,C2,Lambda,Mej,vej,Yeej,theta_rms,Mdisk,arxiv
BLh_M13641364_M0_LK,Vsevolod:2020pak,M0RefSet & M0/M1Set,BLh,leakM0,1,1.364,1.364,1.493,1.493,0.162009902718476,0.162009902718476,541.701860792951,0.001426721875296,0.165895788727698,0.270696222952374,39.6452899586145,0.166486817944122,https://arxiv.org/abs/2008.04333
BLh_M13641364_M0,Vsevolod:2020pak,M0RefSet & M0/M1Set,BLh,leakM0,1,1.365,1.365,1.493,1.493,0.16212867830698,0.16212867830698,541.701860792951,0.001314997140381,0.164402637380661,0.259273135907798,38.4881431298872,0.209004517295398,https://arxiv.org/abs/2008.04333
BLh_M12591482_M0_LK,Vsevolod:2020pak,M0RefSet & M0/M1Set,BLh,leakM0,1.17712470214456,1.482,1.259,1.638,1.366,0.177250362576514,0.148887613324882,539.451897554643,0.003010088576703,0.18936842553003,0.179007622797769,33.6498740394425,0.183504317093778,https://arxiv.org/abs/2008.04333
BLh_M11841581_M0_LK,Vsevolod:2020pak,M0RefSet & M0/M1Set,BLh,leakM0,1.33530405405405,1.581,1.184,1.762,1.277,0.190343426022815,0.139665511348034,539.150372118267,0.002543398878704,0.173501210561285,0.139636291355185,28.7906342828256,0.19211098845199,https://arxiv.org/abs/2008.04333
BLh_M11461635_M0_LK,Vsevolod:2020pak,M0RefSet & M0/M1Set,BLh,leakM0,1.42670157068063,1.635,1.146,1.832,1.232,0.197855734756025,0.135060591716582,540.176880439507,0.002657789574799,0.155736756613989,0.191783197982081,34.4924176828652,0.265352063844384,https://arxiv.org/abs/2008.04333
BLh_M11041699_M0_LK,Vsevolod:2020pak,M0RefSet & M0/M1Set,BLh,leakM0,1.53894927536232,1.699,1.104,1.915,1.184,0.206951226021836,0.129957317612353,543.969760952235,0.001974871427138,0.132817331684383,0.171913865689647,31.2078413419568,0.307516857429787,https://arxiv.org/abs/2008.04333
BLh_M10651772_M0_LK,Vsevolod:2020pak,M0RefSet & M0/M1Set,BLh,leakM0,1.66384976525822,1.772,1.065,2.01,1.138,0.217576088216802,0.125249681140683,538.414873718055,0.004182660475845,0.120640450329065,0.109796712792003,24.0833931096027,0.288530117010803,https://arxiv.org/abs/2008.04333
BLh_M10201856_M0,Vsevolod:2020pak,M0RefSet & M0/M1Set,BLh,leakM0,1.81960784313725,1.856,1.02,2.124,1.086,0.230915510537876,0.119837852304679,532.954895637367,0.010348611155099,0.116874953056593,0.024670912690642,6.03330905001794,0.097585980780423,https://arxiv.org/abs/2008.04333
BLh_M10201856_M0_LK,Vsevolod:2020pak,M0RefSet & M0/M1Set,BLh,leakM0,1.81960784313725,1.856,1.02,2.124,1.086,0.230915510537876,0.119837852304679,532.954895637367,0.008106402246154,0.113706448477775,0.032542795049125,6.52826985263274,0.170260149445822,https://arxiv.org/abs/2008.04333
DD2_M13641364_M0,Vsevolod:2020pak,M0RefSet & M0/M1Set,DD2,leakM0,1,1.364,1.364,1.4873,1.4873,0.152494871185453,0.152494871185453,853.830187855059,0.00112244182387,0.179809734544397,0.245986563842315,38.071046583548,0.153505985154693,https://arxiv.org/abs/2008.04333
DD2_M13641364_M0_LK,Vsevolod:2020pak,M0RefSet & M0/M1Set,DD2,leakM0,1,1.364,1.364,1.4873,1.4873,0.152494871185453,0.152494871185453,853.830187855059,0.00120814554297,0.15641314945711,0.268831953893527,40.0342741281548,0.111221484737975,https://arxiv.org/abs/2008.04333
DD2_M14971245_M0,Vsevolod:2020pak,M0RefSet & M0/M1Set,DD2,leakM0,1.20144462279294,1.497,1.246,1.3455,1.6485,0.166997759439391,0.13974729004164,847.176049212022,0.002126483543856,0.16830798121953,0.175882357896414,29.0748394824024,0.261330405801655,https://arxiv.org/abs/2008.04333
DD2_M15091235_M0_LK,Vsevolod:2020pak,M0RefSet & M0/M1Set,DD2,leakM0,1.22186234817814,1.509,1.235,1.3343,1.6632,0.168308324313538,0.138569618653502,846.955753642944,0.002532166756917,0.173973823224248,0.190964564452647,30.7395357204988,0.209102625103831,https://arxiv.org/abs/2008.04333
DD2_M11461635_M0_LK,Vsevolod:2020pak,M0RefSet & M0/M1Set,DD2,leakM0,1.42670157068063,1.635,1.146,1.821,1.228,0.182170201441424,0.128955061289992,820.144589858081,0.006969548707115,0.137987512631527,0.136129543195659,25.5113973159029,0.303654981801864,https://arxiv.org/abs/2008.04333
LS220_M13641364_M0_LK,Vsevolod:2020pak,M0RefSet & M0/M1Set,LS220,leakM0,1,1.364,1.364,1.4912,1.4912,0.158360903159239,0.158360903159239,715.420099128656,0.00158931558884,0.161178241709346,0.245188482612554,35.7028794134007,0.072664626370197,https://arxiv.org/abs/2008.04333
LS220_M13641364_M0,Vsevolod:2020pak,M0RefSet & M0/M1Set,LS220,leakM0,1,1.364,1.364,1.4912,1.4912,0.158360903159239,0.158360903159239,715.420099128656,0.001635222406388,0.162531087748819,0.219403905929663,34.9942034399252,0.072006555584974,https://arxiv.org/abs/2008.04333
LS220_M14001330_M0,Vsevolod:2020pak,M0RefSet & M0/M1Set,LS220,leakM0,1.05263157894737,1.4,1.33,1.4499,1.5343,0.162768220207877,0.154137988012499,715.204228371003,0.00156341668007,0.156065193072842,0.21065951015319,33.2834030323338,0.072717887349427,https://arxiv.org/abs/2008.04333
LS220_M14351298_M0,Vsevolod:2020pak,M0RefSet & M0/M1Set,LS220,leakM0,1.1055469953775,1.435,1.298,1.4119,1.5771,0.16714516828347,0.150308741312372,717.637109012536,0.002202567881318,0.176774566670127,0.188078304871384,30.2475477493269,0.094729167642072,https://arxiv.org/abs/2008.04333
LS220_M14691268_M0_LK,Vsevolod:2020pak,M0RefSet & M0/M1Set,LS220,leakM0,1.15851735015773,1.469,1.268,1.3769,1.6195,0.171472438649583,0.146714477966245,714.644445434978,0.003411861390228,0.164477732464532,0.218832220686442,34.0830049891005,0.127629934344441,https://arxiv.org/abs/2008.04333
LS220_M14691268_M0,Vsevolod:2020pak,M0RefSet & M0/M1Set,LS220,leakM0,1.15851735015773,1.469,1.268,1.3769,1.6195,0.171472438649583,0.146714477966245,714.644445434978,0.003349130076453,0.172338913707176,0.170737001497039,30.0128351055923,,https://arxiv.org/abs/2008.04333
LS220_M11461635_M0_LK,Vsevolod:2020pak,M0RefSet & M0/M1Set,LS220,leakM0,1.42670157068063,1.635,1.146,1.233,1.83,0.193460016801049,0.132179255690912,710.811546257118,0.007293558579776,0.171838844066459,0.158115716630331,26.7735689698117,0.177803266909905,https://arxiv.org/abs/2008.04333
LS220_M10651772_M0_LK,Vsevolod:2020pak,M0RefSet & M0/M1Set,LS220,leakM0,1.66384976525822,1.772,1.065,2.01,1.138,0.213544022932028,0.122819686851119,707.228444527819,0.01112278503768,0.14236083096085,0.06505274357486,13.1823999352782,0.068401402801278,https://arxiv.org/abs/2008.04333
SFHo_M13641364_M0_LK,Vsevolod:2020pak,M0RefSet & M0/M1Set,SFHo,leakM0,1,1.364,1.364,1.5031,1.5031,0.169125486358989,0.169125486358989,413.665534795926,0.004026821168242,0.192096590732316,0.209913888130661,32.4816370481911,3.00952566368862E-05,https://arxiv.org/abs/2008.04333
SFHo_M13641364_M0,Vsevolod:2020pak,M0RefSet & M0/M1Set,SFHo,leakM0,1,1.364,1.364,1.5031,1.5031,0.169125486358989,0.169125486358989,413.665534795926,0.002765437671855,0.208773468528753,0.225648431767955,31.083617559985,0.018550733311039,https://arxiv.org/abs/2008.04333
SFHo_M14521283_M0_LK,Vsevolod:2020pak,M0RefSet & M0/M1Set,SFHo,leakM0,1.13172252533125,1.452,1.283,1.404,1.6124,0.180736378468686,0.158725425634319,412.537890614385,0.00435693763076,0.22511559275645,0.1772026019896,33.2033188729789,,https://arxiv.org/abs/2008.04333
SFHo_M14521283_M0,Vsevolod:2020pak,M0RefSet & M0/M1Set,SFHo,leakM0,1.13172252533125,1.452,1.283,1.404,1.6124,0.180736378468686,0.158725425634319,412.537890614385,0.004198903637486,0.22221711362486,0.171751881664091,29.6307354773849,0.04587369962309,https://arxiv.org/abs/2008.04333
SFHo_M11461635_M0_LK,Vsevolod:2020pak,M0RefSet & M0/M1Set,SFHo,leakM0,1.42670157068063,1.635,1.146,1.844,1.236,0.205716908037428,0.141302789693965,414.517875212227,0.002353226445482,0.140141394485128,0.188821358589811,32.8607182952391,0.236334092449397,https://arxiv.org/abs/2008.04333
SFHo_M16351146_M0_LK,Vsevolod:2020pak,M0RefSet & M0/M1Set,SFHo,leakM0,1.42670157068063,1.635,1.146,1.236,1.844,0.205716908037428,0.141302789693965,414.517875212227,0.003782660851939,0.203696529997762,0.144907736166862,29.203083845101,0.13372722061144,https://arxiv.org/abs/2008.04333
SFHo_M10651772_M0_LK,Vsevolod:2020pak,M0RefSet & M0/M1Set,SFHo,leakM0,1.66384976525822,1.772,1.065,2.026,1.141,0.225981987681408,0.131150586548713,408.740229598111,0.001451655084598,0.119640220882747,0.069638639794979,10.3923828033133,0.177288172773724,https://arxiv.org/abs/2008.04333
SLy4_M13641364_M0_LK,Vsevolod:2020pak,M0RefSet & M0/M1Set,SLy4,leakM0,1,1.364,1.364,1.5016,1.5016,0.171086248008979,0.171086248008979,402.267882343068,0.000868565426556,0.267186369534498,0.225115020270287,30.8146590634762,,https://arxiv.org/abs/2008.04333
SLy4_M13641364_M0,Vsevolod:2020pak,M0RefSet & M0/M1Set,SLy4,leakM0,1,1.364,1.364,1.5016,1.5016,0.171086248008979,0.171086248008979,402.267882343068,0.003096677643071,0.223003251291351,0.2298802601296,32.232576128667,0.071042259248417,https://arxiv.org/abs/2008.04333
SLy4_M14521283_M0,Vsevolod:2020pak,M0RefSet & M0/M1Set,SLy4,leakM0,1.13172252533125,1.452,1.283,1.4018,1.6105,0.182852162755287,0.160381317345681,402.49910301015,0.005910771338012,0.240839907380361,0.163446452265988,29.674988435933,0.163858141545697,https://arxiv.org/abs/2008.04333
SLy4_M11461635_M0_LK,Vsevolod:2020pak,M0RefSet & M0/M1Set,SLy4,leakM0,1.42670157068063,1.635,1.146,1.847,1.238,0.208665658273109,0.142661420718318,399.889197578552,0.001966385617167,0.153340918930974,0.209384971734239,34.0293003644054,0.188731688540429,https://arxiv.org/abs/2008.04333
SLy4_M10651772_M0_LK,Vsevolod:2020pak,M0RefSet & M0/M1Set,SLy4,leakM0,1.66384976525822,1.772,1.065,2.03,1.143,0.229659001854418,0.132282875797484,397.790629823297,0.002831881323214,0.124298571650039,0.049073800459925,8.43499714595249,0.137975506135664,https://arxiv.org/abs/2008.04333
D144144,Vincent:2019kor,M0/M1Set,DD2,M1,1,1.44,1.44,1.59677131460674,1.59677131460674,0.161,0.161,591.940633707865,0.0036,0.267,0.216,,0.1,https://arxiv.org/abs/1908.00655
D12132,Vincent:2019kor,M0/M1Set,DD2,M1,1.0989010989011,1.32,1.2,1.44066405263158,1.29683221686747,0.147,0.134,1301.81751099046,0.0046,0.273,0.21,,0.12,https://arxiv.org/abs/1908.00655
D12144,Vincent:2019kor,M0/M1Set,DD2,M1,1.20481927710843,1.44,1.2,1.59677131460674,1.29683221686747,0.161,0.134,1003.26666598297,0.00335,0.204,0.164,,0.17,https://arxiv.org/abs/1908.00655
D12156,Vincent:2019kor,M0/M1Set,DD2,M1,1.2987012987013,1.56,1.2,1.73281358293839,1.29683221686747,0.173,0.134,813.450212029459,0.00473,0.165,0.182,,0.221,https://arxiv.org/abs/1908.00655
L144144,Vincent:2019kor,M0/M1Set,LS220,M1,1,1.44,1.44,1.68190613163972,1.68190613163972,0.175,0.175,340.802464896074,0.00012,0.258,0.217,,0.043,https://arxiv.org/abs/1908.00655
L12132,Vincent:2019kor,M0/M1Set,LS220,M1,1.0989010989011,1.32,1.2,1.54486568812589,1.39453683333333,0.161,0.146,787.279222514915,0.00094,0.224,0.205,,0.121,https://arxiv.org/abs/1908.00655
L12144,Vincent:2019kor,M0/M1Set,LS220,M1,1.20481927710843,1.44,1.2,1.68190613163972,1.39453683333333,0.175,0.146,616.635954410428,0.00384,0.196,0.194,,0.164,https://arxiv.org/abs/1908.00655
L12156,Vincent:2019kor,M0/M1Set,LS220,M1,1.2987012987013,1.56,1.2,1.83466966995074,1.39453683333333,0.191,0.146,480.494077743003,0.00234,0.135,0.192,,0.193,https://arxiv.org/abs/1908.00655
S12132,Vincent:2019kor,M0/M1Set,SFHo,M1,1.0989010989011,1.32,1.2,1.45561990592335,1.31309623232323,0.163,0.148,662.491433851814,0.01574,0.23,0.224,,0.121,https://arxiv.org/abs/1908.00655
S12144,Vincent:2019kor,M0/M1Set,SFHo,M1,1.20481927710843,1.44,1.2,1.60785275862069,1.31309623232323,0.179,0.148,505.235106662032,0.00839,0.22,0.206,,0.164,https://arxiv.org/abs/1908.00655
S12156,Vincent:2019kor,M0/M1Set,SFHo,M1,1.2987012987013,1.56,1.2,1.75989925751073,1.31309623232323,0.195,0.148,395.188468596727,0.01802,0.181,0.204,,0.179,https://arxiv.org/abs/1908.00655
BHBlp_M135135_M0,Radice:2018pdn(M0),M0/M1Set,BHBlp,leakM0,1,1.35,1.35,1.47277,1.47277,0.15103,0.15103,848.044957999892,0.00138836,0.144859225911,0.262248129383,38.2515624593765,0.1275,https://arxiv.org/abs/1809.11161
BHBlp_M140120_M0,Radice:2018pdn(M0),M0/M1Set,BHBlp,leakM0,1.16666666666667,1.4,1.2,1.53253,1.29693,0.15646,0.13477,1057.59523096822,0.00160956,0.16773689762,0.193198426805,30.5193197624254,0.2256,https://arxiv.org/abs/1809.11161
DD2_M135135_M0,Radice:2018pdn(M0),M0/M1Set,DD2,leakM0,1,1.35,1.35,1.47277,1.47277,0.15103,0.15103,848.044957999892,0.0014195,0.166251706985,0.225551296204,31.6374392810305,0.1616,https://arxiv.org/abs/1809.11161
DD2_M140120_M0,Radice:2018pdn(M0),M0/M1Set,DD2,leakM0,1.16666666666667,1.4,1.2,1.53253,1.29693,0.15646,0.13477,1057.59523096822,0.00164611,0.159595757173,0.211572203284,34.5877127747712,0.1948,https://arxiv.org/abs/1809.11161
LS220_M135135_M0,Radice:2018pdn(M0),M0/M1Set,LS220,leakM0,1,1.35,1.35,1.47334,1.47334,0.15686,0.15686,683.764650054587,0.00185523,0.147051125522,0.246561703806,35.5478552065256,0.0906,https://arxiv.org/abs/1809.11161
LS220_M140120_M0,Radice:2018pdn(M0),M0/M1Set,LS220,leakM0,1.16666666666667,1.4,1.2,1.53451,1.29564,0.16308,0.13872,893.436162642197,0.00242864,0.149788172768,0.184839417266,29.6753170921998,0.2338,https://arxiv.org/abs/1809.11161
SFHo_M135135_M0,Radice:2018pdn(M0),M0/M1Set,SFHo,leakM0,1,1.35,1.35,1.48606,1.48606,0.1675,0.1675,416.185826350486,0.00415131,0.219647104556,0.22419246258,33.0331401630261,0.0123,https://arxiv.org/abs/1809.11161
SFHo_M140120_M0,Radice:2018pdn(M0),M0/M1Set,SFHo,leakM0,1.16666666666667,1.4,1.2,1.54655,1.30308,0.17405,0.14824,538.206929183586,0.00302384,0.160097161085901,0.218538548707291,,0.1565,https://arxiv.org/abs/1809.11161
SFHo_M140120_M0_v4,Radice:2018pdn(M0),M0/M1Set,SFHo,leakM0,1.16666666666667,1.4,1.2,1.54655,1.30308,0.17405,0.14824,538.206929183586,0.00302384,0.160097161085901,0.218538548707291,,,https://arxiv.org/abs/1809.11161
BHBlp_M125125_LK,Radice:2018pdn(LK),LeakSet,BHBlp,leak,1,1.25,1.25,1.35299,1.35299,0.14018,0.14018,1295.29991380455,0.00126821,0.178573418684,0.125242271236,22.0222732131463,,https://arxiv.org/abs/1809.11161
BHBlp_M1251365_LK,Radice:2018pdn(LK),LeakSet,BHBlp,leak,1.092,1.365,1.25,1.49103,1.35241,0.15266,0.14018,1016.97535763328,0.000580161,0.213024813478,0.136846798679,25.572993982986,,https://arxiv.org/abs/1809.11161
BHBlp_M130130_LK,Radice:2018pdn(LK),LeakSet,BHBlp,leak,1,1.3,1.3,1.41572,1.41572,0.14561,0.14561,1045.67396125715,0.000658751,0.119725908155,0.163376437187,33.5875186203773,,https://arxiv.org/abs/1809.11161
BHBlp_M135135_LK,Radice:2018pdn(LK),LeakSet,BHBlp,leak,1,1.35,1.35,1.47277,1.47277,0.15103,0.15103,848.044957999892,0.000672403,0.166318356069,0.149520482908,28.6762988642841,0.1445,https://arxiv.org/abs/1809.11161
BHBlp_M140120_LK,Radice:2018pdn(LK),LeakSet,BHBlp,leak,1.16666666666667,1.4,1.2,1.53253,1.29693,0.15646,0.13477,1057.59523096822,0.00108822,0.160935823725,0.106069387727,21.7936530794067,0.2074,https://arxiv.org/abs/1809.11161
BHBlp_M140140_LK,Radice:2018pdn(LK),LeakSet,BHBlp,leak,1,1.4,1.4,1.53254,1.53254,0.15646,0.15646,690.630096309075,0.000918827,0.173337811733,0.146825547278,27.7596806371831,0.0705,https://arxiv.org/abs/1809.11161
BHBlp_M144139_LK,Radice:2018pdn(LK),LeakSet,BHBlp,leak,1.03597122302158,1.44,1.39,1.58001,1.52026,0.16083,0.15538,650.209372648612,0.000593162,0.203279926562,0.175112251662,30.3875042167362,0.0828,https://arxiv.org/abs/1809.11161
BHBlp_M150150_LK,Radice:2018pdn(LK),LeakSet,BHBlp,leak,1,1.5,1.5,1.6565,1.6565,0.16739,0.16739,462.552233111546,0.000501553,0.234765225914,0.172081440429,27.5987216951032,0.0193,https://arxiv.org/abs/1809.11161
BHBlp_M160160_LK,Radice:2018pdn(LK),LeakSet,BHBlp,leak,1,1.6,1.6,1.77792,1.77792,0.17841,0.17841,313.053198761784,1.29268E-05,0.139630525652,0.197374706127,31.8271312598979,0.0009,https://arxiv.org/abs/1809.11161
DD2_M120120_LK,Radice:2018pdn(LK),LeakSet,DD2,leak,1,1.2,1.2,1.29692,1.29692,0.13477,0.13477,1612.24802950828,0.000755344,0.135433815231,0.150490086402,31.4383627337737,,https://arxiv.org/abs/1809.11161
DD2_M125125_LK,Radice:2018pdn(LK),LeakSet,DD2,leak,1,1.25,1.25,1.35299,1.35299,0.14018,0.14018,1295.29991380455,0.000382383,0.149095565986,0.176457572296,33.1849815562591,,https://arxiv.org/abs/1809.11161
DD2_M1251365_LK,Radice:2018pdn(LK),LeakSet,DD2,leak,1.092,1.365,1.25,1.49103,1.35241,0.15266,0.14018,1016.97535763328,0.000382209,0.202034424404,0.150393460087,25.7723532276638,,https://arxiv.org/abs/1809.11161
DD2_M130130_LK,Radice:2018pdn(LK),LeakSet,DD2,leak,1,1.3,1.3,1.41572,1.41572,0.14561,0.14561,1045.67396125715,0.00120958,0.178713598481,0.127007038172,21.0686789746856,,https://arxiv.org/abs/1809.11161
DD2_M135135_LK,Radice:2018pdn(LK),LeakSet,DD2,leak,1,1.35,1.35,1.47277,1.47277,0.15103,0.15103,848.044957999892,0.000293877,0.180606491386,0.182207846677,31.8237799843073,0.1569,https://arxiv.org/abs/1809.11161
DD2_M140120_LK,Radice:2018pdn(LK),LeakSet,DD2,leak,1.16666666666667,1.4,1.2,1.53253,1.29693,0.15646,0.13477,1057.59523096822,0.000889373,0.178656091942,0.121703207033,23.2862462135387,0.1926,https://arxiv.org/abs/1809.11161
DD2_M140140_LK,Radice:2018pdn(LK),LeakSet,DD2,leak,1,1.4,1.4,1.53254,1.53254,0.15646,0.15646,690.630096309075,0.00041999,0.223043086864,0.170901852867,28.8663329098082,0.1236,https://arxiv.org/abs/1809.11161
DD2_M144139_LK,Radice:2018pdn(LK),LeakSet,DD2,leak,1.03597122302158,1.44,1.39,1.58001,1.52026,0.16083,0.15538,650.209372648612,0.000531682,0.197831552819,0.170668056164,28.0666160783591,0.144,https://arxiv.org/abs/1809.11161
DD2_M150150_LK,Radice:2018pdn(LK),LeakSet,DD2,leak,1,1.5,1.5,1.6565,1.6565,0.16739,0.16739,462.552233111546,0.000690053,0.167387468145,0.197331003488,32.4322751639029,0.167,https://arxiv.org/abs/1809.11161
DD2_M160160_LK,Radice:2018pdn(LK),LeakSet,DD2,leak,1,1.6,1.6,1.77792,1.77792,0.17841,0.17841,313.053198761784,0.00123068,0.236486818059,0.141130844832,20.3241746620129,0.0196,https://arxiv.org/abs/1809.11161
LS220_M120120_LK,Radice:2018pdn(LK),LeakSet,LS220,leak,1,1.2,1.2,1.29564,1.29564,0.13872,0.13872,1439.01909740288,0.00140069,0.146553098364,0.116899163673,25.1524489810708,0.1743,https://arxiv.org/abs/1809.11161
LS220_M1251365_LK,Radice:2018pdn(LK),LeakSet,LS220,leak,1.092,1.365,1.25,1.49118,1.3547,0.15871,0.14467,848.433748838148,0.00110871,0.160045944821,0.102591572716,23.2618890987463,,https://arxiv.org/abs/1809.11161
LS220_M135135_LK,Radice:2018pdn(LK),LeakSet,LS220,leak,1,1.35,1.35,1.47334,1.47334,0.15686,0.15686,683.764650054587,0.000591045,0.157891449754,0.11379542362,23.8240590486626,0.0725,https://arxiv.org/abs/1809.11161
LS220_M140120_LK,Radice:2018pdn(LK),LeakSet,LS220,leak,1.16666666666667,1.4,1.2,1.53451,1.29564,0.16308,0.13872,893.436162642197,0.00186003,0.151374531582,0.0873875323243,20.3184916244619,0.2282,https://arxiv.org/abs/1809.11161
LS220_M140140_LK,Radice:2018pdn(LK),LeakSet,LS220,leak,1,1.4,1.4,1.53452,1.53452,0.16308,0.16308,536.067089144578,0.00143295,0.167636506813,0.14415318099,29.1361809412344,0.0458,https://arxiv.org/abs/1809.11161
LS220_M144139_LK,Radice:2018pdn(LK),LeakSet,LS220,leak,1.03597122302158,1.44,1.39,1.58149,1.52047,0.16811,0.16182,499.261044023471,0.00190409,0.15717414715,0.143187270514,30.3314108529918,0.0391,https://arxiv.org/abs/1809.11161
LS220_M145145_LK,Radice:2018pdn(LK),LeakSet,LS220,leak,1,1.45,1.45,1.59559,1.59559,0.1694,0.1694,420.747694430098,0.00164991,0.2078465342,0.142746206615,22.2015796769022,0.0205,https://arxiv.org/abs/1809.11161
LS220_M150150_LK,Radice:2018pdn(LK),LeakSet,LS220,leak,1,1.5,1.5,1.65889,1.65889,0.17586,0.17586,330.155394892613,0.000334724,0.188772750697,0.084331649055,12.7142473061779,0.0016,https://arxiv.org/abs/1809.11161
LS220_M160160_LK,Radice:2018pdn(LK),LeakSet,LS220,leak,1,1.6,1.6,1.79049,1.79049,0.18926,0.18926,202.340141807509,0.000319188,0.205685051577,0.0744507057694,7.60724912153289,0.0007,https://arxiv.org/abs/1809.11161
LS220_M171171_LK,Radice:2018pdn(LK),LeakSet,LS220,leak,1,1.71,1.71,1.92768,1.92768,0.205,0.205,116.005875248749,0.000285926,0.218552514584,0.0844040050591,7.52451130410737,0.0006,https://arxiv.org/abs/1809.11161
SFHo_M1251365_LK,Radice:2018pdn(LK),LeakSet,SFHo,leak,1.092,1.365,1.25,1.50363,1.36409,0.16944,0.15459,512.595912539856,0.0014573,0.228587358059,0.138680089635,24.0916439775502,,https://arxiv.org/abs/1809.11161
SFHo_M135135_LK,Radice:2018pdn(LK),LeakSet,SFHo,leak,1,1.35,1.35,1.48606,1.48606,0.1675,0.1675,416.185826350486,0.00353303,0.235227236793,0.16808633625,27.9945395651501,0.0623,https://arxiv.org/abs/1809.11161
SFHo_M140120_LK,Radice:2018pdn(LK),LeakSet,SFHo,leak,1.16666666666667,1.4,1.2,1.54655,1.30308,0.17405,0.14824,538.206929183586,0.00118141,0.197334707993,0.137845963645,27.5293373869209,0.1173,https://arxiv.org/abs/1809.11161
SFHo_M140140_LK,Radice:2018pdn(LK),LeakSet,SFHo,leak,1,1.4,1.4,1.54656,1.54656,0.17405,0.17405,328.900717069208,0.000409437,0.345544726832,0.187095225847,24.2066861994679,0.0001,https://arxiv.org/abs/1809.11161
SFHo_M144139_LK,Radice:2018pdn(LK),LeakSet,SFHo,leak,1.03597122302158,1.44,1.39,1.59791,1.53462,0.17935,0.17271,307.020572385404,0.000443001,0.325503227397,0.17931945352,20.024558494111,0.0009,https://arxiv.org/abs/1809.11161
SFHo_M146146_LK,Radice:2018pdn(LK),LeakSet,SFHo,leak,1,1.46,1.46,1.623,1.623,0.18202,0.18202,248.481777233841,9.88678E-06,0.182131584114,0.232877311919,26.9495016627476,0.0002,https://arxiv.org/abs/1809.11161
NL3_1.47_1.47,Lehner:2016lxy,LeakSet,NL3,leak,1,1.36,1.36,0.974405144748858,0.974405144748858,0.136,0.136,1657.59047031963,1.5E-05,0.45,,,,https://arxiv.org/abs/1603.00501
NL3_1.34_1.60,Lehner:2016lxy,LeakSet,NL3,leak,1.176,1.47,1.25,1.06192733333333,0.887276832701422,0.147,0.125,1688.41097445597,0.0023,0.25,,,,https://arxiv.org/abs/1603.00501
DD2_1.49_1.49,Lehner:2016lxy,LeakSet,DD2,leak,1,1.36,1.36,1.49648207096774,1.49648207096774,0.152,0.152,827.347533118279,0.00043,0.3,,,,https://arxiv.org/abs/1603.00501
DD2_1.36_1.62,Lehner:2016lxy,LeakSet,DD2,leak,1.13953488372093,1.47,1.29,1.63082015916955,1.40737911363636,0.164,0.144,775.076937623067,0.00042,0.3,,,,https://arxiv.org/abs/1603.00501
DD2_1.27_1.71,Lehner:2016lxy,LeakSet,DD2,leak,1.30508474576271,1.54,1.18,1.72151927014218,1.27512378313253,0.172,0.132,863.675659058584,0.0013,0.3,,,,https://arxiv.org/abs/1603.00501
SFHo_1.50_1.50,Lehner:2016lxy,LeakSet,SFHo,leak,1,1.36,1.36,1.51287593571429,1.51287593571429,0.169,0.169,398.1669075,0.0034,0.25,,,,https://arxiv.org/abs/1603.00501
SFHo_1.37_1.63,Lehner:2016lxy,LeakSet,SFHo,leak,1.176,1.47,1.25,1.646536,1.36999311149826,0.183,0.154,418.349860025104,0.0022,0.25,,,,https://arxiv.org/abs/1603.00501
G3.765_P34.1_1.000,Kiuchi:2019lls,NoNusSet,Polytrop,none,1,1.375,1.375,1.551,1.551,0.195,0.195,208,0.001,,,,0.001,https://arxiv.org/abs/1903.01466
G3.765_P34.1_0.774,Kiuchi:2019lls,NoNusSet,Polytrop,none,1.29198966408269,1.55,1.2,1.779,1.331,0.219,0.172,218,0.001,,,,0.023,https://arxiv.org/abs/1903.01466
G3.887_P34.1_1.000,Kiuchi:2019lls,NoNusSet,Polytrop,none,1,1.375,1.375,1.55,1.55,0.194,0.194,221,0.001,,,,0.001,https://arxiv.org/abs/1903.01466
G3.887_P34.1_0.774,Kiuchi:2019lls,NoNusSet,Polytrop,none,1.29198966408269,1.55,1.2,1.778,1.331,0.171,0.171,230,0.0052,,,,0.029,https://arxiv.org/abs/1903.01466
G4.007_P34.1_1.000,Kiuchi:2019lls,NoNusSet,Polytrop,none,1,1.375,1.375,1.55,1.55,0.193,0.193,232,0.0019,,,,0.0027,https://arxiv.org/abs/1903.01466
G3.446_P34.2_1.000,Kiuchi:2019lls,NoNusSet,Polytrop,none,1,1.375,1.375,1.544,1.544,0.191,0.191,232,0.001,,,,0.001,https://arxiv.org/abs/1903.01466
G3.446_P34.2_0.774,Kiuchi:2019lls,NoNusSet,Polytrop,none,1.29198966408269,1.55,1.2,1.771,1.325,0.215,0.168,245,0.0023,,,,0.036,https://arxiv.org/abs/1903.01466
G3.568_P34.2_1.000,Kiuchi:2019lls,NoNusSet,Polytrop,none,1,1.375,1.375,1.543,1.543,0.19,0.19,247,0.001,,,,0.001,https://arxiv.org/abs/1903.01466
G3.568_P34.2_0.774,Kiuchi:2019lls,NoNusSet,Polytrop,none,1.29198966408269,1.55,1.2,1.77,1.325,0.213,0.167,259,0.014,,,,0.038,https://arxiv.org/abs/1903.01466
G3.687_P34.2_1.000,Kiuchi:2019lls,NoNusSet,Polytrop,none,1,1.375,1.375,1.543,1.543,0.189,0.189,260,0.0014,,,,0.0078,https://arxiv.org/abs/1903.01466
G3.132_P34.3_1.000,Kiuchi:2019lls,NoNusSet,Polytrop,none,1,1.375,1.375,1.534,1.534,0.185,0.185,272,0.001,,,,0.001,https://arxiv.org/abs/1903.01466
G3.252_P34.3_1.000,Kiuchi:2019lls,NoNusSet,Polytrop,none,1,1.375,1.375,1.535,1.535,0.184,0.184,288,0.0012,,,,0.0019,https://arxiv.org/abs/1903.01466
G3.132_P34.3_0.774,Kiuchi:2019lls,NoNusSet,Polytrop,none,1.29198966408269,1.55,1.2,1.759,1.318,0.209,0.161,290,0.012,,,,0.063,https://arxiv.org/abs/1903.01466
G3.370_P34.3_1.000,Kiuchi:2019lls,NoNusSet,Polytrop,none,1,1.375,1.375,1.535,1.535,0.183,0.183,303,0.002,,,,0.031,https://arxiv.org/abs/1903.01466
G3.252_P34.3_0.774,Kiuchi:2019lls,NoNusSet,Polytrop,none,1.29198966408269,1.55,1.2,1.759,1.319,0.207,0.161,305,0.015,,,,0.12,https://arxiv.org/abs/1903.01466
G2.825_P34.4_1.000,Kiuchi:2019lls,NoNusSet,Polytrop,none,1,1.375,1.375,1.522,1.522,0.176,0.176,345,0.0065,,,,0.018,https://arxiv.org/abs/1903.01466
G2.942_P34.4_1.000,Kiuchi:2019lls,NoNusSet,Polytrop,none,1,1.375,1.375,1.523,1.523,0.176,0.176,362,0.0025,,,,0.016,https://arxiv.org/abs/1903.01466
G2.825_P34.4_0.774,Kiuchi:2019lls,NoNusSet,Polytrop,none,1.29198966408269,1.55,1.2,1.744,1.309,0.2,0.153,373,0.011,,,,0.087,https://arxiv.org/abs/1903.01466
G2.942_P34.4_0.774,Kiuchi:2019lls,NoNusSet,Polytrop,none,1.29198966408269,1.55,1.2,1.745,1.31,0.199,0.153,387,0.011,,,,0.12,https://arxiv.org/abs/1903.01466
G2.528_P34.5_1.000,Kiuchi:2019lls,NoNusSet,Polytrop,none,1,1.375,1.375,1.505,1.505,0.163,0.163,508,0.0094,,,,0.053,https://arxiv.org/abs/1903.01466
G2.640_P34.5_1.000,Kiuchi:2019lls,NoNusSet,Polytrop,none,1,1.375,1.375,1.508,1.508,0.164,0.164,516,0.012,,,,0.12,https://arxiv.org/abs/1903.01466
G2.528_P34.5_0.774,Kiuchi:2019lls,NoNusSet,Polytrop,none,1.29198966408269,1.55,1.2,1.722,1.296,0.188,0.14,558,0.0056,,,,0.16,https://arxiv.org/abs/1903.01466
ALF2-137137-R2s,Dietrich:2016lyp,NoNusSet,ALF2,none,1,1.375,1.375,1.518,1.518,0.164,0.164,659.430878098405,0.0034,0.19723082923316,,,0.2,https://arxiv.org/abs/1611.07367
H4-137137-R2s,Dietrich:2016lyp,NoNusSet,H4,none,1,1.375,1.375,1.499,1.499,0.15,0.15,992.71744110475,0.0034,0.214709105535839,,,0.23,https://arxiv.org/abs/1611.07367
MS1b-137137-R2s,Dietrich:2016lyp,NoNusSet,MS1b,none,1,1.375,1.375,1.497,1.497,0.145,0.145,1396.59272750785,0.0023,0.143178210632764,,,,https://arxiv.org/abs/1611.07367
SLy-137137-R2s,Dietrich:2016lyp,NoNusSet,SLy,none,1,1.375,1.375,1.526,1.526,0.177,0.177,366.204284720571,0.016,0.19723082923316,,,0.23,https://arxiv.org/abs/1611.07367
ALF2-122153-R2s,Dietrich:2016lyp,NoNusSet,ALF2,none,1.24959083469722,1.527,1.222,1.707,1.334,0.182,0.147,671.778950521599,0.0075,0.208086520466848,,,0.23,https://arxiv.org/abs/1611.07367
H4-122153-R2s,Dietrich:2016lyp,NoNusSet,H4,none,1.24959083469722,1.527,1.222,1.683,1.318,0.167,0.133,1025.80612581569,0.0066,0.21095023109729,,,,https://arxiv.org/abs/1611.07367
MS1b-122153-R2s,Dietrich:2016lyp,NoNusSet,MS1b,none,1.24959083469722,1.527,1.222,1.68,1.318,0.159,0.13,1427.09791140977,0.0048,0.186010752377383,,,,https://arxiv.org/abs/1611.07367
SLy-122153-R2s,Dietrich:2016lyp,NoNusSet,SLy,none,1.24959083469722,1.527,1.222,1.719,1.338,0.198,0.157,385.496639846453,0.018,0.194164878389476,,,0.2,https://arxiv.org/abs/1611.07367
ALF2-100150-R2s,Dietrich:2016lyp,NoNusSet,ALF2,none,1.5,1.5,1,1.672,1.073,0.178,0.123,1179.32905377555,0.021,0.165529453572468,,,,https://arxiv.org/abs/1611.07367
H4-100150-R2s,Dietrich:2016lyp,NoNusSet,H4,none,1.5,1.5,1,1.649,1.063,0.164,0.11,1909.13703089363,0.027,0.172626765016321,,,,https://arxiv.org/abs/1611.07367
MS1b-100150-R2s,Dietrich:2016lyp,NoNusSet,MS1b,none,1.5,1.5,1,1.647,1.063,0.156,0.109,2450.56386315395,0.032,0.162788205960997,,,,https://arxiv.org/abs/1611.07367
SLy-100150-R2b,Dietrich:2016lyp,NoNusSet,SLy,none,1.5,1.5,1,1.672,1.074,0.193,0.129,774.372730729184,0.018,0.224722050542442,,,,https://arxiv.org/abs/1611.07367
ALF2-110165-R2b,Dietrich:2016lyp,NoNusSet,ALF2,none,1.5,1.65,1.1,1.862,1.19,0.197,0.134,698.931755694347,0.024,0.183847763108502,,,0.2,https://arxiv.org/abs/1611.07367
H4-110165-R2s,Dietrich:2016lyp,NoNusSet,H4,none,1.5,1.65,1.1,1.835,1.177,0.182,0.121,1099.36516243231,0.017,0.17464249196573,,,0.26,https://arxiv.org/abs/1611.07367
MS1b-110165-R2s,Dietrich:2016lyp,NoNusSet,MS1b,none,1.5,1.65,1.1,1.83,1.177,0.171,0.118,1487.46165214883,0.026,0.17464249196573,,,,https://arxiv.org/abs/1611.07367
SLy-110165-R2b,Dietrich:2016lyp,NoNusSet,SLy,none,1.50273224043716,1.65,1.098,1.878,1.19,0.215,0.142,429.846041268757,0.016,0.219544984001001,,,0.14,https://arxiv.org/abs/1611.07367
ALF2-117175-R2b,Dietrich:2016lyp,NoNusSet,ALF2,none,1.49957155098543,1.75,1.167,1.992,1.127,0.21,0.141,1726.2753113169,0.025,0.199248588451713,,,0.2,https://arxiv.org/abs/1611.07367
H4-117175-R2s,Dietrich:2016lyp,NoNusSet,H4,none,1.49957155098543,1.75,1.167,1.961,1.253,0.195,0.128,769.460636617073,0.014,0.186815416922694,,,0.26,https://arxiv.org/abs/1611.07367
MS1b-117175-R2s,Dietrich:2016lyp,NoNusSet,MS1b,none,1.49957155098543,1.75,1.167,1.954,1.253,0.18,0.125,1089.67010186764,0.024,0.186815416922694,,,,https://arxiv.org/abs/1611.07367
SLy-117175-R2b,Dietrich:2016lyp,NoNusSet,SLy,none,1.49957155098543,1.75,1.167,2.012,1.272,0.23,0.15,294.472973944534,0.0065,0.273130005674953,,,0.14,https://arxiv.org/abs/1611.07367
ALF2-100175-R2,Dietrich:2016lyp,NoNusSet,ALF2,none,1.75,1.75,1,1.992,1.074,0.21,0.123,731.946718443106,0.036,0.182482875908947,,,0.26,https://arxiv.org/abs/1611.07367
H4-100175-R2,Dietrich:2016lyp,NoNusSet,H4,none,1.75,1.75,1,1.961,1.063,0.195,0.11,1195.36678440443,0.04,0.171172427686237,,,,https://arxiv.org/abs/1611.07367
MS1b-100175-R2,Dietrich:2016lyp,NoNusSet,MS1b,none,1.75,1.75,1,1.954,1.063,0.18,0.109,1583.98063695676,0.049,0.172626765016321,,,,https://arxiv.org/abs/1611.07367
SLy-100175-R2b,Dietrich:2016lyp,NoNusSet,SLy,none,1.75,1.75,1,2.012,1.075,0.23,0.129,480.556405929933,0.024,0.192353840616713,,,0.18,https://arxiv.org/abs/1611.07367
MS1b-094194-R2,Dietrich:2016lyp,NoNusSet,MS1b,none,2.0593220338983,1.944,0.944,2.2,1,0.199,0.103,1325.99273215049,0.068,0.181107702762748,,,,https://arxiv.org/abs/1611.07367
MS1-135135-R2n,Dietrich:2015iva,NoNusSet,MS1,none,1,1.35,1.35,1.46,1.46,0.139,0.139,1765,0.0012,0.18,,,,https://arxiv.org/abs/1504.01266
MS1-125145-R2n,Dietrich:2015iva,NoNusSet,MS1,none,1.16,1.45,1.25,1.61,1.38,0.148,0.129,1585,0.0032,0.15,,,,https://arxiv.org/abs/1504.01266
H4-135135-R2n,Dietrich:2015iva,NoNusSet,H4,none,1,1.35,1.35,1.47,1.47,0.147,0.147,1107,0.0006,0.3,,,0.085,https://arxiv.org/abs/1504.01266
H4-125145-R2n,Dietrich:2015iva,NoNusSet,H4,none,1.16,1.45,1.25,1.59,1.35,0.158,0.136,1124,0.004,0.23,,,,https://arxiv.org/abs/1504.01266
ALF2-135135-R2n,Dietrich:2015iva,NoNusSet,ALF2,none,1,1.35,1.35,1.49,1.49,0.161,0.161,728,0.002,0.15,,,0.211,https://arxiv.org/abs/1504.01266
ALF2-125145-R2n,Dietrich:2015iva,NoNusSet,ALF2,none,1.16,1.45,1.25,1.64,1.37,0.172,0.15,700,0.0106,0.15,,,,https://arxiv.org/abs/1504.01266
SLy-135135-R2n,Dietrich:2015iva,NoNusSet,SLy,none,1,1.35,1.35,1.49,1.49,0.174,0.174,420,0.0142,0.26,,,0.096,https://arxiv.org/abs/1504.01266
SLy-125145-R2n2,Dietrich:2015iva,NoNusSet,SLy,none,1.16,1.45,1.25,1.62,1.37,0.187,0.161,424,0.0054,0.3,,,0.111,https://arxiv.org/abs/1504.01266
1,Sekiguchi:2015dma,M0/M1Set,SFHo,leakM1,1,1.35,1.35,1.49749134491103,1.49749134491103,0.167350683274021,0.167350683274021,422.557415572954,0.011,,0.31,,,https://arxiv.org/abs/1502.06660
4,Sekiguchi:2015dma,M0/M1Set,DD2,leakM1,1,1.35,1.35,1.48459153680618,1.48459153680618,0.150938834180653,0.150938834180653,861.641856473293,0.0021,,0.29,,,https://arxiv.org/abs/1502.06660
7,Sekiguchi:2015dma,M0/M1Set,TM1,leakM1,1,1.35,1.35,1.47068180444379,1.47068180444379,0.137625620953502,0.137625620953502,1437.16204323131,0.0012,,0.26,,,https://arxiv.org/abs/1502.06660
SFHo-135-135h,Sekiguchi:2016bjd,M0/M1Set,SFHo,leakM1,1,1.35,1.35,1.49749134491103,1.49749134491103,0.167350683274021,0.167350683274021,422.557415572954,0.011,0.22,0.31,,0.05,https://arxiv.org/abs/1603.01918
SFHo-133-137h,Sekiguchi:2016bjd,M0/M1Set,SFHo,leakM1,1.03092783505155,1.37,1.33,1.52230466769781,1.47278135981918,0.169956015757166,0.16477906049026,422.898820573013,0.009,0.21,0.3,,0.06,https://arxiv.org/abs/1603.01918
SFHo-130-140h,Sekiguchi:2016bjd,M0/M1Set,SFHo,leakM1,1.0752688172043,1.4,1.3,1.55969958477833,1.43587070116311,0.173861003448276,0.160888375767012,424.377260799728,0.006,0.2,0.27,,0.09,https://arxiv.org/abs/1603.01918
SFHo-125-145h,Sekiguchi:2016bjd,M0/M1Set,SFHo,leakM1,1.16279069767442,1.45,1.25,1.62255795040804,1.3748469724171,0.180523718874241,0.154500505904397,430.924445873685,0.011,0.24,0.18,,0.12,https://arxiv.org/abs/1603.01918
DD2-135-135h,Sekiguchi:2016bjd,M0/M1Set,DD2,leakM1,1,1.35,1.35,1.48459153680618,1.48459153680618,0.150938834180653,0.150938834180653,861.641856473293,0.002,0.16,0.3,,,https://arxiv.org/abs/1603.01918
DD2-130-140h,Sekiguchi:2016bjd,M0/M1Set,DD2,leakM1,1.0752688172043,1.4,1.3,1.54527310989949,1.4243801138341,0.156402762421771,0.145533673757573,863.723124343387,0.003,0.18,0.26,,,https://arxiv.org/abs/1603.01918
DD2-125-145h,Sekiguchi:2016bjd,M0/M1Set,DD2,leakM1,1.16279069767442,1.45,1.25,1.60641349741712,1.36462098078818,0.161849119637184,0.140117054187192,869.969629622951,0.005,0.19,0.2,,,https://arxiv.org/abs/1603.01918
APR4_130160_1.8,Hotokezaka:2012ze,NoNusSet,APR4,none,1.230012300123,1.6,1.3,1.82286176764982,1.43982906244852,0.21303502346722,0.173343105166124,213.847976034439,0.002,0.25298221281347,,,,https://arxiv.org/abs/1212.0905
APR4_140150_1.8,Hotokezaka:2012ze,NoNusSet,APR4,none,1.07181136120043,1.5,1.4,1.6924326480422,1.56479875178078,0.19967260280708,0.186408341573787,206.138245736977,0.0006,0.37,,,,https://arxiv.org/abs/1212.0905
APR4_145145_1.8,Hotokezaka:2012ze,NoNusSet,APR4,none,1,1.45,1.45,1.62827895673409,1.62827895673409,0.193027343966113,0.193027343966113,205.187323975622,0.0001,0.317804971641414,,,,https://arxiv.org/abs/1212.0905
APR4_130150_1.8,Hotokezaka:2012ze,NoNusSet,APR4,none,1.15340253748558,1.5,1.3,1.6924326480422,1.43982906244852,0.19967260280708,0.173343105166124,261.732794867443,0.012,0.259422435421457,,,,https://arxiv.org/abs/1212.0905
APR4_140140_1.8,Hotokezaka:2012ze,NoNusSet,APR4,none,1,1.5,1.3,1.6924326480422,1.43982906244852,0.19967260280708,0.173343105166124,261.732794867443,0.014,0.266270539113887,,,,https://arxiv.org/abs/1212.0905
APR4_120150_1.6,Hotokezaka:2012ze,NoNusSet,APR4,none,1.25,1.5,1.2,1.6924326480422,1.31732648898946,0.19967260280708,0.160597062335983,335.985756699008,0.009,0.223606797749979,,,,https://arxiv.org/abs/1212.0905
APR4_120150_1.8,Hotokezaka:2012ze,NoNusSet,APR4,none,1.25,1.5,1.2,1.6924326480422,1.31732648898946,0.19967260280708,0.160597062335983,335.985756699008,0.008,0.254950975679639,,,,https://arxiv.org/abs/1212.0905
APR4_120150_2.0,Hotokezaka:2012ze,NoNusSet,APR4,none,1.25,1.5,1.2,1.6924326480422,1.31732648898946,0.19967260280708,0.160597062335983,335.985756699008,0.0075,0.268328157299975,,,,https://arxiv.org/abs/1212.0905
APR4_125145_1.8,Hotokezaka:2012ze,NoNusSet,APR4,none,1.16009280742459,1.45,1.25,1.62827895673409,1.37828985975326,0.193027343966113,0.167052132991931,328.364242445053,0.007,0.245967477524977,,,,https://arxiv.org/abs/1212.0905
APR4_130140_1.8,Hotokezaka:2012ze,NoNusSet,APR4,none,1.07642626480086,1.4,1.3,1.56479875178078,1.43982906244852,0.186408341573787,0.173343105166124,323.907887700536,0.008,0.224722050542442,,,,https://arxiv.org/abs/1212.0905
APR4_135135_1.6,Hotokezaka:2012ze,NoNusSet,APR4,none,1,1.35,1.35,1.50201238006431,1.50201238006431,0.179955549839228,0.179955549839228,322.473228874598,0.011,0.230217288664427,,,,https://arxiv.org/abs/1212.0905
APR4_135135_1.8,Hotokezaka:2012ze,NoNusSet,APR4,none,1,1.35,1.35,1.50201238006431,1.50201238006431,0.179955549839228,0.179955549839228,322.473228874598,0.007,0.224722050542442,,,,https://arxiv.org/abs/1212.0905
APR4_135135_2.0,Hotokezaka:2012ze,NoNusSet,APR4,none,1,1.35,1.35,1.50201238006431,1.50201238006431,0.179955549839228,0.179955549839228,322.473228874598,0.005,0.230217288664427,,,,https://arxiv.org/abs/1212.0905
APR4_120140_1.8,Hotokezaka:2012ze,NoNusSet,APR4,none,1.16686114352392,1.4,1.2,1.56479875178078,1.31732648898946,0.186408341573787,0.160597062335983,413.501355017031,0.003,0.241867732448956,,,,https://arxiv.org/abs/1212.0905
APR4_125135_1.8,Hotokezaka:2012ze,NoNusSet,APR4,none,1.07991360691145,1.35,1.25,1.50201238006431,1.37828985975326,0.179955549839228,0.167052132991931,407.8357021517,0.005,0.20591260281974,,,,https://arxiv.org/abs/1212.0905
APR4_130130_1.8,Hotokezaka:2012ze,NoNusSet,APR4,none,1,1.3,1.3,1.43982906244852,1.43982906244852,0.173343105166124,0.173343105166124,406.052807790374,0.002,0.214709105535839,,,,https://arxiv.org/abs/1212.0905
ALF2_140140_1.8,Hotokezaka:2012ze,NoNusSet,ALF2,none,1,1.4,1.4,1.54875008423181,1.54875008423181,0.167035599730458,0.167035599730458,591.481560040432,0.0025,0.246981780704569,,,,https://arxiv.org/abs/1212.0905
ALF2_120150_1.8,Hotokezaka:2012ze,NoNusSet,ALF2,none,1.25,1.5,1.2,1.67234353038416,1.30765891363395,0.178550452773301,0.144893021043325,747.142940806529,0.0055,0.23259406699226,,,,https://arxiv.org/abs/1212.0905
ALF2_125145_1.8,Hotokezaka:2012ze,NoNusSet,ALF2,none,1.16009280742459,1.25,1.25,1.36720882783897,1.36720882783897,0.150340199601549,0.150340199601549,1134.08441724618,0.003,0.223606797749979,,,,https://arxiv.org/abs/1212.0905
ALF2_130140_1.8,Hotokezaka:2012ze,NoNusSet,ALF2,none,1.07642626480086,1.4,1.3,1.54875008423181,1.42722673564044,0.167035599730458,0.155809091925119,735.657885575271,0.0015,0.194164878389476,,,,https://arxiv.org/abs/1212.0905
ALF2_135135_1.8,Hotokezaka:2012ze,NoNusSet,ALF2,none,1,1.35,1.35,1.48774069504447,1.48774069504447,0.161395908513342,0.161395908513342,734.231220076239,0.0025,0.250599281722833,,,,https://arxiv.org/abs/1212.0905
ALF2_130130_1.8,Hotokezaka:2012ze,NoNusSet,ALF2,none,1,1.3,1.3,1.42722673564044,1.42722673564044,0.155809091925119,0.155809091925119,911.852211958648,0.002,0.214709105535839,,,,https://arxiv.org/abs/1212.0905
H4_130150_1.8,Hotokezaka:2012ze,NoNusSet,H4,none,1.15340253748558,1.5,1.3,1.64943745375108,1.40945508483369,0.16387270857606,0.141746631064998,901.486271907251,0.003,0.214709105535839,,,,https://arxiv.org/abs/1212.0905
H4_140140_1.8,Hotokezaka:2012ze,NoNusSet,H4,none,1,1.4,1.4,1.52848478291054,1.52848478291054,0.152643667641794,0.152643667641794,889.016943051129,0.0003,0.214009345590327,,,,https://arxiv.org/abs/1212.0905
H4_120150_1.6,Hotokezaka:2012ze,NoNusSet,H4,none,1.25,1.5,1.2,1.64943745375108,1.29219365688981,0.16387270857606,0.131109656944482,1145.66328259598,0.0045,0.214709105535839,,,,https://arxiv.org/abs/1212.0905
H4_120150_1.8,Hotokezaka:2012ze,NoNusSet,H4,none,1.25,1.5,1.2,1.64943745375108,1.29219365688981,0.16387270857606,0.131109656944482,1145.66328259598,0.0035,0.228473193175917,,,,https://arxiv.org/abs/1212.0905
H4_120150_2.0,Hotokezaka:2012ze,NoNusSet,H4,none,1.25,1.5,1.2,1.64943745375108,1.29219365688981,0.16387270857606,0.131109656944482,1145.66328259598,0.004,0.228473193175917,,,,https://arxiv.org/abs/1212.0905
H4_125145_1.8,Hotokezaka:2012ze,NoNusSet,H4,none,1.16009280742459,1.25,1.25,1.35061026256725,1.35061026256725,0.136432067049058,0.136432067049058,1749.13935772561,0.002,0.214709105535839,,,,https://arxiv.org/abs/1212.0905
H4_130140_1.8,Hotokezaka:2012ze,NoNusSet,H4,none,1.07642626480086,1.4,1.3,1.52848478291054,1.40945508483369,0.152643667641794,0.141746631064998,1115.82189551196,0.0007,0.20591260281974,,,,https://arxiv.org/abs/1212.0905
H4_135135_1.6,Hotokezaka:2012ze,NoNusSet,H4,none,1,1.35,1.35,1.46874317771699,1.46874317771699,0.147176583244876,0.147176583244876,1112.33050591982,0.0007,0.237065391822594,,,,https://arxiv.org/abs/1212.0905
H4_135135_1.8,Hotokezaka:2012ze,NoNusSet,H4,none,1,1.35,1.35,1.46874317771699,1.46874317771699,0.147176583244876,0.147176583244876,1112.33050591982,0.0005,0.219544984001001,,,,https://arxiv.org/abs/1212.0905
H4_135135_2.0,Hotokezaka:2012ze,NoNusSet,H4,none,1,1.35,1.35,1.46874317771699,1.46874317771699,0.147176583244876,0.147176583244876,1112.33050591982,0.0004,0.223606797749979,,,,https://arxiv.org/abs/1212.0905
H4_120140_1.8,Hotokezaka:2012ze,NoNusSet,H4,none,1,1.3,1.3,1.40945508483369,1.40945508483369,0.141746631064998,0.141746631064998,1393.32955538602,0.0025,0.214709105535839,,,,https://arxiv.org/abs/1212.0905
H4_125135_1.8,Hotokezaka:2012ze,NoNusSet,H4,none,1,1.3,1.3,1.40945508483369,1.40945508483369,0.141746631064998,0.141746631064998,1393.32955538602,0.0006,0.20591260281974,,,,https://arxiv.org/abs/1212.0905
H4_130130_1.8,Hotokezaka:2012ze,NoNusSet,H4,none,1,1.3,1.3,1.40945508483369,1.40945508483369,0.141746631064998,0.141746631064998,1393.32955538602,0.0003,0.188679622641132,,,,https://arxiv.org/abs/1212.0905
MS1_140140_1.8,Hotokezaka:2012ze,NoNusSet,MS1,none,1,1.4,1.4,1.52198757680315,1.52198757680315,0.143279336161802,0.143279336161802,1430.50236127724,0.0006,0.158113883008419,,,,https://arxiv.org/abs/1212.0905
MS1_120150_1.8,Hotokezaka:2012ze,NoNusSet,MS1,none,1.25,1.5,1.2,1.64110596922537,1.28824966698048,0.152737203789806,0.124238428797939,1777.28503797863,0.0035,0.214709105535839,,,,https://arxiv.org/abs/1212.0905
MS1_125145_1.8,Hotokezaka:2012ze,NoNusSet,MS1,none,1.16009280742459,1.25,1.25,1.34614210895703,1.34614210895703,0.128974573210169,0.128974573210169,2635.36404202391,0.0015,0.219544984001001,,,,https://arxiv.org/abs/1212.0905
MS1_130140_1.8,Hotokezaka:2012ze,NoNusSet,MS1,none,1.07642626480086,1.4,1.3,1.52198757680315,1.40439283632721,0.143279336161802,0.133751606677796,1751.69061927964,0.0006,0.192353840616713,,,,https://arxiv.org/abs/1212.0905
MS1_135135_1.8,Hotokezaka:2012ze,NoNusSet,MS1,none,1,1.35,1.35,1.46300540390836,1.46300540390836,0.138525219002695,0.138525219002695,1748.21234865229,0.0015,0.161245154965971,,,,https://arxiv.org/abs/1212.0905
MS1_130130_1.8,Hotokezaka:2012ze,NoNusSet,MS1,none,1,1.3,1.3,1.40439283632721,1.40439283632721,0.133751606677796,0.133751606677796,2143.2950860768,0.0015,0.17,,,,https://arxiv.org/abs/1212.0905
NL3_1.35_1.35,Bauswein:2013yna,NoNusSet,NL3,none,1,1.35,1.35,1.4699479183543,1.4699479183543,0.135170915337061,0.135170915337061,1691.16094690324,0.00209,0.18,,,,https://arxiv.org/abs/1302.6530
NL3_1.35_1.35,Bauswein:2013yna,NoNusSet,NL3,none,1,1.35,1.35,1.4699479183543,1.4699479183543,0.135170915337061,0.135170915337061,1691.16094690324,0.00157,0.34,,,,https://arxiv.org/abs/1302.6530
NL3_1.35_1.35,Bauswein:2013yna,NoNusSet,NL3,none,1,1.35,1.35,1.4699479183543,1.4699479183543,0.135170915337061,0.135170915337061,1691.16094690324,0.0016,0.32,,,,https://arxiv.org/abs/1302.6530
NL3_1.35_1.35,Bauswein:2013yna,NoNusSet,NL3,none,1,1.35,1.35,1.4699479183543,1.4699479183543,0.135170915337061,0.135170915337061,1691.16094690324,0.00186,0.3,,,,https://arxiv.org/abs/1302.6530
GS1_1.35_1.35,Bauswein:2013yna,NoNusSet,GS1,none,1,1.35,1.35,,,,,,0.00219,0.32,,,,https://arxiv.org/abs/1302.6530
Shen_1.35_1.35,Bauswein:2013yna,NoNusSet,Shen,none,1,1.35,1.35,,,,,,0.00233,0.23,,,,https://arxiv.org/abs/1302.6530
TM1_1.35_1.35,Bauswein:2013yna,NoNusSet,TM1,none,1,1.35,1.35,1.47068180444379,1.47068180444379,0.137625620953502,0.137625620953502,1437.16204323131,0.00167,0.16,,,,https://arxiv.org/abs/1302.6530
TM1_1.35_1.35,Bauswein:2013yna,NoNusSet,TM1,none,1,1.35,1.35,1.47068180444379,1.47068180444379,0.137625620953502,0.137625620953502,1437.16204323131,0.00137,0.36,,,,https://arxiv.org/abs/1302.6530
TM1_1.35_1.35,Bauswein:2013yna,NoNusSet,TM1,none,1,1.35,1.35,1.47068180444379,1.47068180444379,0.137625620953502,0.137625620953502,1437.16204323131,0.00133,0.34,,,,https://arxiv.org/abs/1302.6530
TM1_1.35_1.35,Bauswein:2013yna,NoNusSet,TM1,none,1,1.35,1.35,1.47068180444379,1.47068180444379,0.137625620953502,0.137625620953502,1437.16204323131,0.00153,0.32,,,,https://arxiv.org/abs/1302.6530
TMA_1.35_1.35,Bauswein:2013yna,NoNusSet,TMA,none,1,1.35,1.35,1.47889131858704,1.47889131858704,0.139225141929949,0.139225141929949,1205.14387190869,0.00205,0.18,,,,https://arxiv.org/abs/1302.6530
LS375_1.35_1.35,Bauswein:2013yna,NoNusSet,LS375,none,1,1.35,1.35,,,,,,0.00258,0.3,,,,https://arxiv.org/abs/1302.6530
GS2_1.35_1.35,Bauswein:2013yna,NoNusSet,GS2,none,1,1.35,1.35,,,,,,0.00274,0.19,,,,https://arxiv.org/abs/1302.6530
DD2_1.35_1.35,Bauswein:2013yna,NoNusSet,DD2,none,1,1.35,1.35,1.48459153680618,1.48459153680618,0.150938834180653,0.150938834180653,861.641856473293,0.00307,0.22,,,,https://arxiv.org/abs/1302.6530
DD2_1.35_1.35,Bauswein:2013yna,NoNusSet,DD2,none,1,1.35,1.35,1.48459153680618,1.48459153680618,0.150938834180653,0.150938834180653,861.641856473293,0.00257,0.34,,,,https://arxiv.org/abs/1302.6530
DD2_1.35_1.35,Bauswein:2013yna,NoNusSet,DD2,none,1,1.35,1.35,1.48459153680618,1.48459153680618,0.150938834180653,0.150938834180653,861.641856473293,0.00226,0.32,,,,https://arxiv.org/abs/1302.6530
DD2_1.35_1.35,Bauswein:2013yna,NoNusSet,DD2,none,1,1.35,1.35,1.48459153680618,1.48459153680618,0.150938834180653,0.150938834180653,861.641856473293,0.00272,0.3,,,,https://arxiv.org/abs/1302.6530
LS220_1.35_1.35,Bauswein:2013yna,NoNusSet,LS220,none,1,1.35,1.35,1.50238375566815,1.50238375566815,0.156810207277752,0.156810207277752,684.511840370541,0.00199,0.28,,,,https://arxiv.org/abs/1302.6530
LS180_1.35_1.35_x,Bauswein:2013yna,NoNusSet,LS180,none,1,1.35,1.35,,,,,,0.00226,0.29,,,,https://arxiv.org/abs/1302.6530
SFHX_1.35_1.35,Bauswein:2013yna,NoNusSet,SFHX,none,1,1.35,1.35,,,,,,0.00616,0.22,,,,https://arxiv.org/abs/1302.6530
SFHO_1.35_1.35,Bauswein:2013yna,NoNusSet,SFHO,none,1,1.35,1.35,1.49749134491103,1.49749134491103,0.167350683274021,0.167350683274021,422.557415572954,0.00483,0.23,,,,https://arxiv.org/abs/1302.6530
SFHO_1.35_1.35,Bauswein:2013yna,NoNusSet,SFHO,none,1,1.35,1.35,1.49749134491103,1.49749134491103,0.167350683274021,0.167350683274021,422.557415572954,0.00296,0.32,,,,https://arxiv.org/abs/1302.6530
SFHO_1.35_1.35,Bauswein:2013yna,NoNusSet,SFHO,none,1,1.35,1.35,1.49749134491103,1.49749134491103,0.167350683274021,0.167350683274021,422.557415572954,0.00326,0.34,,,,https://arxiv.org/abs/1302.6530
SFHO_1.35_1.35,Bauswein:2013yna,NoNusSet,SFHO,none,1,1.35,1.35,1.49749134491103,1.49749134491103,0.167350683274021,0.167350683274021,422.557415572954,0.00382,0.3,,,,https://arxiv.org/abs/1302.6530
eosL_1.35_1.35,Bauswein:2013yna,NoNusSet,eosL,none,1,1.35,1.35,,,,,,0.00149,0.22,,,,https://arxiv.org/abs/1302.6530
eosL_1.35_1.35,Bauswein:2013yna,NoNusSet,eosL,none,1,1.35,1.35,,,,,,0.00345,0.2,,,,https://arxiv.org/abs/1302.6530
MS1_1.35_1.35,Bauswein:2013yna,NoNusSet,MS1,none,1,1.35,1.35,1.46300540390836,1.46300540390836,0.138525219002695,0.138525219002695,1748.21234865229,0.00117,0.27,,,,https://arxiv.org/abs/1302.6530
MS1_1.35_1.35,Bauswein:2013yna,NoNusSet,MS1,none,1,1.35,1.35,1.46300540390836,1.46300540390836,0.138525219002695,0.138525219002695,1748.21234865229,0.00238,0.21,,,,https://arxiv.org/abs/1302.6530
MS1b_1.35_1.35,Bauswein:2013yna,NoNusSet,MS1b,none,1,1.35,1.35,,,,,,0.00167,0.25,,,,https://arxiv.org/abs/1302.6530
MS1b_1.35_1.35,Bauswein:2013yna,NoNusSet,MS1b,none,1,1.35,1.35,,,,,,0.00364,0.21,,,,https://arxiv.org/abs/1302.6530
Glenh3_1.35_1.35_x,Bauswein:2013yna,NoNusSet,Glenh3,none,1,1.35,1.35,,,,,,0.00108,0.23,,,,https://arxiv.org/abs/1302.6530
Glenh3_1.35_1.35_x,Bauswein:2013yna,NoNusSet,Glenh3,none,1,1.35,1.35,,,,,,0.00169,0.22,,,,https://arxiv.org/abs/1302.6530
MS2_1.35_1.35_x,Bauswein:2013yna,NoNusSet,MS2,none,1,1.35,1.35,,,,,,0.00081,0.26,,,,https://arxiv.org/abs/1302.6530
H3_1.35_1.35_x,Bauswein:2013yna,NoNusSet,H3,none,1,1.35,1.35,1.47108981906969,1.47108981906969,0.151927225624897,0.151927225624897,856.376848319814,0.00143,0.27,,,,https://arxiv.org/abs/1302.6530
H4_1.35_1.35,Bauswein:2013yna,NoNusSet,H4,none,1,1.35,1.35,1.46874317771699,1.46874317771699,0.147176583244876,0.147176583244876,1112.33050591982,0.00128,0.27,,,,https://arxiv.org/abs/1302.6530
H4_1.35_1.35,Bauswein:2013yna,NoNusSet,H4,none,1,1.35,1.35,1.46874317771699,1.46874317771699,0.147176583244876,0.147176583244876,1112.33050591982,0.00193,0.27,,,,https://arxiv.org/abs/1302.6530
Heb6_1.35_1.35,Bauswein:2013yna,NoNusSet,Heb6,none,1,1.35,1.35,,,,,,0.00155,0.45,,,,https://arxiv.org/abs/1302.6530
Heb6_1.35_1.35,Bauswein:2013yna,NoNusSet,Heb6,none,1,1.35,1.35,,,,,,0.00343,0.24,,,,https://arxiv.org/abs/1302.6530
eosO_1.35_1.35,Bauswein:2013yna,NoNusSet,eosO,none,1,1.35,1.35,,,,,,0.00352,0.28,,,,https://arxiv.org/abs/1302.6530
eosO_1.35_1.35,Bauswein:2013yna,NoNusSet,eosO,none,1,1.35,1.35,,,,,,0.00462,0.25,,,,https://arxiv.org/abs/1302.6530
ALF2_1.35_1.35,Bauswein:2013yna,NoNusSet,ALF2,none,1,1.35,1.35,1.48774069504447,1.48774069504447,0.161395908513342,0.161395908513342,734.231220076239,0.0038,0.28,,,,https://arxiv.org/abs/1302.6530
ALF2_1.35_1.35,Bauswein:2013yna,NoNusSet,ALF2,none,1,1.35,1.35,1.48774069504447,1.48774069504447,0.161395908513342,0.161395908513342,734.231220076239,0.00449,0.27,,,,https://arxiv.org/abs/1302.6530
BSk21_1.35_1.35,Bauswein:2013yna,NoNusSet,BSk21,none,1,1.35,1.35,,,,,,0.00336,0.32,,,,https://arxiv.org/abs/1302.6530
BSk21_1.35_1.35,Bauswein:2013yna,NoNusSet,BSk21,none,1,1.35,1.35,,,,,,0.00437,0.27,,,,https://arxiv.org/abs/1302.6530
Heb4_1.35_1.35,Bauswein:2013yna,NoNusSet,Heb4,none,1,1.35,1.35,,,,,,0.00189,0.43,,,,https://arxiv.org/abs/1302.6530
Heb4_1.35_1.35,Bauswein:2013yna,NoNusSet,Heb4,none,1,1.35,1.35,,,,,,0.00241,0.39,,,,https://arxiv.org/abs/1302.6530
MPA1_1.35_1.35,Bauswein:2013yna,NoNusSet,MPA1,none,1,1.35,1.35,1.48951794410849,1.48951794410849,0.164859096981505,0.164859096981505,610.746990418237,0.00364,0.3,,,,https://arxiv.org/abs/1302.6530
MPA1_1.35_1.35,Bauswein:2013yna,NoNusSet,MPA1,none,1,1.35,1.35,1.48951794410849,1.48951794410849,0.164859096981505,0.164859096981505,610.746990418237,0.00448,0.29,,,,https://arxiv.org/abs/1302.6530
Heb5_1.35_1.35,Bauswein:2013yna,NoNusSet,Heb5,none,1,1.35,1.35,,,,,,0.00263,0.43,,,,https://arxiv.org/abs/1302.6530
Heb5_1.35_1.35,Bauswein:2013yna,NoNusSet,Heb5,none,1,1.35,1.35,,,,,,0.0029,0.38,,,,https://arxiv.org/abs/1302.6530
eosC_1.35_1.35_x,Bauswein:2013yna,NoNusSet,eosC,none,1,1.35,1.35,,,,,,0.00309,0.27,,,,https://arxiv.org/abs/1302.6530
ENG_1.35_1.35,Bauswein:2013yna,NoNusSet,ENG,none,1,1.35,1.35,1.49462187426566,1.49462187426566,0.170656010910201,0.170656010910201,479.673247596704,0.00529,0.29,,,,https://arxiv.org/abs/1302.6530
ENG_1.35_1.35,Bauswein:2013yna,NoNusSet,ENG,none,1,1.35,1.35,1.49462187426566,1.49462187426566,0.170656010910201,0.170656010910201,479.673247596704,0.00632,0.26,,,,https://arxiv.org/abs/1302.6530
APR3_1.35_1.35,Bauswein:2013yna,NoNusSet,APR3,none,1,1.35,1.35,,,,,,0.00465,0.3,,,,https://arxiv.org/abs/1302.6530
APR3_1.35_1.35,Bauswein:2013yna,NoNusSet,APR3,none,1,1.35,1.35,,,,,,0.00615,0.27,,,,https://arxiv.org/abs/1302.6530
Heb3_1.35_1.35,Bauswein:2013yna,NoNusSet,Heb3,none,1,1.35,1.35,,,,,,0.00299,0.41,,,,https://arxiv.org/abs/1302.6530
Heb3_1.35_1.35,Bauswein:2013yna,NoNusSet,Heb3,none,1,1.35,1.35,,,,,,0.0037,0.37,,,,https://arxiv.org/abs/1302.6530
BurgioNN_1.35_1.35,Bauswein:2013yna,NoNusSet,BurgioNN,none,1,1.35,1.35,,,,,,0.00247,0.39,,,,https://arxiv.org/abs/1302.6530
BurgioNN_1.35_1.35,Bauswein:2013yna,NoNusSet,BurgioNN,none,1,1.35,1.35,,,,,,0.00244,0.37,,,,https://arxiv.org/abs/1302.6530
SLy4_1.35_1.35,Bauswein:2013yna,NoNusSet,SLy4,none,1,1.35,1.35,,,,,,0.00399,0.29,,,,https://arxiv.org/abs/1302.6530
SLy4_1.35_1.35,Bauswein:2013yna,NoNusSet,SLy4,none,1,1.35,1.35,,,,,,0.0064,0.27,,,,https://arxiv.org/abs/1302.6530
BSk20_1.35_1.35,Bauswein:2013yna,NoNusSet,BSk20,none,1,1.35,1.35,,,,,,0.00468,0.31,,,,https://arxiv.org/abs/1302.6530
BSk20_1.35_1.35,Bauswein:2013yna,NoNusSet,BSk20,none,1,1.35,1.35,,,,,,0.00783,0.26,,,,https://arxiv.org/abs/1302.6530
ALF4_1.35_1.35_x,Bauswein:2013yna,NoNusSet,ALF4,none,1,1.35,1.35,,,,,,0.0057,0.3,,,,https://arxiv.org/abs/1302.6530
ALF4_1.35_1.35_x,Bauswein:2013yna,NoNusSet,ALF4,none,1,1.35,1.35,,,,,,0.0074,0.29,,,,https://arxiv.org/abs/1302.6530
Heb2_1.35_1.35,Bauswein:2013yna,NoNusSet,Heb2,none,1,1.35,1.35,,,,,,0.00495,0.34,,,,https://arxiv.org/abs/1302.6530
Heb2_1.35_1.35,Bauswein:2013yna,NoNusSet,Heb2,none,1,1.35,1.35,,,,,,0.00501,0.37,,,,https://arxiv.org/abs/1302.6530
APR_1.35_1.35,Bauswein:2013yna,NoNusSet,APR,none,1,1.35,1.35,,,,,,0.00596,0.31,,,,https://arxiv.org/abs/1302.6530
APR_1.35_1.35,Bauswein:2013yna,NoNusSet,APR,none,1,1.35,1.35,,,,,,0.00738,0.3,,,,https://arxiv.org/abs/1302.6530
BB2_1.35_1.35_x,Bauswein:2013yna,NoNusSet,BB2,none,1,1.35,1.35,,,,,,0.00495,0.28,,,,https://arxiv.org/abs/1302.6530
eosUU_1.35_1.35,Bauswein:2013yna,NoNusSet,eosUU,none,1,1.35,1.35,,,,,,0.00702,0.32,,,,https://arxiv.org/abs/1302.6530
eosUU_1.35_1.35,Bauswein:2013yna,NoNusSet,eosUU,none,1,1.35,1.35,,,,,,0.00942,0.31,,,,https://arxiv.org/abs/1302.6530
Heb1_1.35_1.35,Bauswein:2013yna,NoNusSet,Heb1,none,1,1.35,1.35,,,,,,0.00685,0.31,,,,https://arxiv.org/abs/1302.6530
Heb1_1.35_1.35,Bauswein:2013yna,NoNusSet,Heb1,none,1,1.35,1.35,,,,,,0.01088,0.32,,,,https://arxiv.org/abs/1302.6530
eosAU_1.35_1.35,Bauswein:2013yna,NoNusSet,eosAU,none,1,1.35,1.35,,,,,,0.00405,0.36,,,,https://arxiv.org/abs/1302.6530
eosAU_1.35_1.35,Bauswein:2013yna,NoNusSet,eosAU,none,1,1.35,1.35,,,,,,0.00151,0.29,,,,https://arxiv.org/abs/1302.6530
NL3_1.2_1.5,Bauswein:2013yna,NoNusSet,NL3,none,1.25,1.5,1.2,1.64905489632535,1.29432568647943,0.149825739935337,0.120542096668844,1732.65855754976,0.00795,0.19,,,,https://arxiv.org/abs/1302.6530
GS1_1.2_1.5,Bauswein:2013yna,NoNusSet,GS1,none,1.25,1.5,1.2,,,,,,0.00643,0.22,,,,https://arxiv.org/abs/1302.6530
Shen_1.2_1.5,Bauswein:2013yna,NoNusSet,Shen,none,1.25,1.5,1.2,,,,,,0.00566,0.3,,,,https://arxiv.org/abs/1302.6530
TM1_1.2_1.5,Bauswein:2013yna,NoNusSet,TM1,none,1.25,1.5,1.2,1.65063784662056,1.29459537090574,0.153632277531315,0.122040843484381,1488.14018874508,0.00866,0.17,,,,https://arxiv.org/abs/1302.6530
TMA_1.2_1.5,Bauswein:2013yna,NoNusSet,TMA,none,1.25,1.5,1.2,1.66049713199472,1.30134795541748,0.156045927696581,0.122979972135925,1246.64364014862,0.01021,0.2,,,,https://arxiv.org/abs/1302.6530
LS375_1.2_1.5,Bauswein:2013yna,NoNusSet,LS375,none,1.25,1.5,1.2,,,,,,0.00666,0.27,,,,https://arxiv.org/abs/1302.6530
GS2_1.2_1.5,Bauswein:2013yna,NoNusSet,GS2,none,1.25,1.5,1.2,,,,,,0.01069,0.18,,,,https://arxiv.org/abs/1302.6530
DD2_1.2_1.5,Bauswein:2013yna,NoNusSet,DD2,none,1.25,1.5,1.2,1.66818992274959,1.30531740131042,0.167295353392925,0.134778808047828,884.696999549822,0.00879,0.2,,,,https://arxiv.org/abs/1302.6530
LS220_1.2_1.5,Bauswein:2013yna,NoNusSet,LS220,none,1.25,1.5,1.2,1.68938635839103,1.32033165595292,0.175769106495219,0.138592908555908,720.627964256116,0.01322,0.18,,,,https://arxiv.org/abs/1302.6530
LS180_1.2_1.5_x,Bauswein:2013yna,NoNusSet,LS180,none,1.25,1.5,1.2,,,,,,0.01858,0.2,,,,https://arxiv.org/abs/1302.6530
SFHX_1.2_1.5,Bauswein:2013yna,NoNusSet,SFHX,none,1.25,1.5,1.2,,,,,,0.01467,0.19,,,,https://arxiv.org/abs/1302.6530
SFHO_1.2_1.5,Bauswein:2013yna,NoNusSet,SFHO,none,1.25,1.5,1.2,1.68605050817385,1.31440108756689,0.187226655693801,0.148135518413598,442.432727914589,0.01339,0.22,,,,https://arxiv.org/abs/1302.6530
NL3_1.2_1.2,Bauswein:2013yna,NoNusSet,NL3,none,1,1.2,1.2,1.29432568647943,1.29432568647943,0.120542096668844,0.120542096668844,3196.45261920314,0.00215,0.17,,,,https://arxiv.org/abs/1302.6530
NL3_1.2_1.35,Bauswein:2013yna,NoNusSet,NL3,none,1.125,1.35,1.2,1.4699479183543,1.29432568647943,0.135170915337061,0.120542096668844,2326.38720772938,0.00425,0.21,,,,https://arxiv.org/abs/1302.6530
NL3_1.2_1.6,Bauswein:2013yna,NoNusSet,NL3,none,1.33333333333333,1.6,1.2,1.77060059300959,1.29432568647943,0.159559511068431,0.120542096668844,1446.79879085228,0.00996,0.19,,,,https://arxiv.org/abs/1302.6530
NL3_1.2_1.8,Bauswein:2013yna,NoNusSet,NL3,none,1.5,1.8,1.2,2.0189785149195,1.29432568647943,0.179279848479428,0.120542096668844,1034.00363538127,0.01568,0.15,,,,https://arxiv.org/abs/1302.6530
NL3_1.35_1.5,Bauswein:2013yna,NoNusSet,NL3,none,1.11111111111111,1.5,1.35,1.64905489632535,1.4699479183543,0.149825739935337,0.135170915337061,1256.07698924209,0.00272,0.24,,,,https://arxiv.org/abs/1302.6530
NL3_1.35_1.8,Bauswein:2013yna,NoNusSet,NL3,none,1.33333333333333,1.8,1.35,2.0189785149195,1.4699479183543,0.179279848479428,0.135170915337061,745.422174988934,0.01881,0.21,,,,https://arxiv.org/abs/1302.6530
NL3_1.5_1.5,Bauswein:2013yna,NoNusSet,NL3,none,1,1.5,1.5,1.64905489632535,1.64905489632535,0.149825739935337,0.149825739935337,928.531965534786,0.0017,0.2,,,,https://arxiv.org/abs/1302.6530
NL3_1.5_1.8,Bauswein:2013yna,NoNusSet,NL3,none,1.2,1.8,1.5,2.0189785149195,1.64905489632535,0.179279848479428,0.149825739935337,545.323167369886,0.0081,0.21,,,,https://arxiv.org/abs/1302.6530
NL3_1.6_1.6,Bauswein:2013yna,NoNusSet,NL3,none,1,1.6,1.6,1.77060059300959,1.77060059300959,0.159559511068431,0.159559511068431,639.891249348477,0.00374,0.22,,,,https://arxiv.org/abs/1302.6530
NL3_1.8_1.8,Bauswein:2013yna,NoNusSet,NL3,none,1,1.8,1.8,2.0189785149195,2.0189785149195,0.179279848479428,0.179279848479428,311.822891168158,0.00908,0.24,,,,https://arxiv.org/abs/1302.6530
NL3_1.35_2.0,Bauswein:2013yna,NoNusSet,NL3,none,1.48148148148148,2,1.35,2.27519175838634,1.4699479183543,0.199389135880517,0.135170915337061,548.617445503665,0.01285,0.2,,,,https://arxiv.org/abs/1302.6530
NL3_2.0_2.0,Bauswein:2013yna,NoNusSet,NL3,none,1,2,2,2.27519175838634,2.27519175838634,0.199389135880517,0.199389135880517,156.843587897586,0.00191,0.29,,,,https://arxiv.org/abs/1302.6530
DD2_1.2_1.2,Bauswein:2013yna,NoNusSet,DD2,none,1,1.2,1.2,1.30531740131042,1.30531740131042,0.134778808047828,0.134778808047828,1630.65727009199,0.00309,0.17,,,,https://arxiv.org/abs/1302.6530
DD2_1.2_1.35,Bauswein:2013yna,NoNusSet,DD2,none,1.125,1.35,1.2,1.48459153680618,1.30531740131042,0.150938834180653,0.134778808047828,1186.14185973867,0.00317,0.2,,,,https://arxiv.org/abs/1302.6530
DD2_1.2_1.6,Bauswein:2013yna,NoNusSet,DD2,none,1.33333333333333,1.6,1.2,1.79291097618469,1.30531740131042,0.178311427298501,0.134778808047828,731.937762042228,0.0109,0.2,,,,https://arxiv.org/abs/1302.6530
DD2_1.2_1.8,Bauswein:2013yna,NoNusSet,DD2,none,1.5,1.8,1.2,2.0492674789882,1.30531740131042,0.200785359786649,0.134778808047828,518.479687820702,0.01708,0.17,,,,https://arxiv.org/abs/1302.6530
DD2_1.35_1.5,Bauswein:2013yna,NoNusSet,DD2,none,1.11111111111111,1.5,1.35,1.66818992274959,1.48459153680618,0.167295353392925,0.150938834180653,640.990722075068,0.00357,0.25,,,,https://arxiv.org/abs/1302.6530
DD2_1.35_1.8,Bauswein:2013yna,NoNusSet,DD2,none,1.33333333333333,1.8,1.35,2.0492674789882,1.48459153680618,0.200785359786649,0.150938834180653,372.0956034004,0.01485,0.21,,,,https://arxiv.org/abs/1302.6530
DD2_1.5_1.5,Bauswein:2013yna,NoNusSet,DD2,none,1,1.5,1.5,1.66818992274959,1.66818992274959,0.167295353392925,0.167295353392925,474.828549495153,0.00538,0.26,,,,https://arxiv.org/abs/1302.6530
DD2_1.5_1.8,Bauswein:2013yna,NoNusSet,DD2,none,1.2,1.8,1.5,2.0492674789882,1.66818992274959,0.200785359786649,0.167295353392925,271.774261600167,0.01884,0.25,,,,https://arxiv.org/abs/1302.6530
DD2_1.6_1.6,Bauswein:2013yna,NoNusSet,DD2,none,1,1.6,1.6,1.79291097618469,1.79291097618469,0.178311427298501,0.178311427298501,318.248844252734,0.0078,0.27,,,,https://arxiv.org/abs/1302.6530
DD2_1.8_1.8,Bauswein:2013yna,NoNusSet,DD2,none,1,1.8,1.8,2.0492674789882,2.0492674789882,0.200785359786649,0.200785359786649,148.611208112171,0.00137,0.26,,,,https://arxiv.org/abs/1302.6530
DD2_1.35_2.0,Bauswein:2013yna,NoNusSet,DD2,none,1.48148148148148,2,1.35,2.31558606815934,1.48459153680618,0.224476679255463,0.150938834180653,269.681086897053,0.00641,0.31,,,,https://arxiv.org/abs/1302.6530
DD2_2.0_2.0,Bauswein:2013yna,NoNusSet,DD2,none,1,2,2,2.31558606815934,2.31558606815934,0.224476679255463,0.224476679255463,68.3299359643918,0.00025,0.25,,,,https://arxiv.org/abs/1302.6530
SFHO_1.2_1.2,Bauswein:2013yna,NoNusSet,SFHO,none,1,1.2,1.2,1.31440108756689,1.31440108756689,0.148135518413598,0.148135518413598,872.014803487567,0.00188,0.21,,,,https://arxiv.org/abs/1302.6530
SFHO_1.2_1.35,Bauswein:2013yna,NoNusSet,SFHO,none,1.125,1.35,1.2,1.49749134491103,1.31440108756689,0.167350683274021,0.148135518413598,611.483067158414,0.00544,0.22,,,,https://arxiv.org/abs/1302.6530
SFHO_1.2_1.6,Bauswein:2013yna,NoNusSet,SFHO,none,1.33333333333333,1.6,1.2,1.81515075272659,1.31440108756689,0.200960441895449,0.148135518413598,362.312634072413,0.01691,0.21,,,,https://arxiv.org/abs/1302.6530
SFHO_1.2_1.8,Bauswein:2013yna,NoNusSet,SFHO,none,1.5,1.8,1.2,2.08303879563319,1.31440108756689,0.230833749636099,0.148135518413598,251.356159865733,0.00578,0.34,,,,https://arxiv.org/abs/1302.6530
SFHO_1.35_1.5,Bauswein:2013yna,NoNusSet,SFHO,none,1.11111111111111,1.5,1.35,1.68605050817385,1.49749134491103,0.187226655693801,0.167350683274021,300.645566516687,0.01873,0.23,,,,https://arxiv.org/abs/1302.6530
SFHO_1.35_1.8,Bauswein:2013yna,NoNusSet,SFHO,none,1.33333333333333,1.8,1.35,2.08303879563319,1.49749134491103,0.230833749636099,0.167350683274021,164.867280769157,0.01176,0.31,,,,https://arxiv.org/abs/1302.6530
SFHO_1.5_1.5,Bauswein:2013yna,NoNusSet,SFHO,none,1,1.5,1.5,1.68605050817385,1.68605050817385,0.187226655693801,0.187226655693801,209.498647759862,0.0041,0.27,,,,https://arxiv.org/abs/1302.6530
SFHO_1.5_1.8,Bauswein:2013yna,NoNusSet,SFHO,none,1.2,1.8,1.5,2.08303879563319,1.68605050817385,0.230833749636099,0.187226655693801,109.336114218355,0.00634,0.42,,,,https://arxiv.org/abs/1302.6530
SFHO_1.6_1.6,Bauswein:2013yna,NoNusSet,SFHO,none,1,1.6,1.6,1.81515075272659,1.81515075272659,0.200960441895449,0.200960441895449,131.380366698007,0.00113,0.21,,,,https://arxiv.org/abs/1302.6530
SFHO_1.8_1.8,Bauswein:2013yna,NoNusSet,SFHO,none,1,1.8,1.8,2.08303879563319,2.08303879563319,0.230833749636099,0.230833749636099,49.3936895924308,0.00017,0.29,,,,https://arxiv.org/abs/1302.6530
