,bibkey,dataset,EOS,nus,q,M1,M2,Mb1,Mb2,C1,C2,Lambda,Mej_tot-geo,vel_inf_ave-geo,Ye_ave-geo,theta_rms-geo,Mdisk3D,arxiv
BLh_M13641364_M0_LK,Reference set,M0RefSet & M0/M1Set,BLh,leakM0,1.0,1.364,1.364,1.493,1.493,0.16200990271847632,0.16200990271847632,541.7018607929513,0.0014267218752964234,0.16589578872769795,0.2706962229523744,39.645289958614455,0.16648681794412154,https://arxiv.org/abs/2008.04333
BLh_M13641364_M0,Reference set,M0RefSet & M0/M1Set,BLh,leakM0,1.0,1.365,1.365,1.493,1.493,0.16212867830697958,0.16212867830697958,541.7018607929513,0.0013149971403814426,0.16440263738066088,0.25927313590779805,38.488143129887206,0.20900451729539785,https://arxiv.org/abs/2008.04333
BLh_M12591482_M0_LK,Reference set,M0RefSet & M0/M1Set,BLh,leakM0,1.177124702144559,1.482,1.259,1.638,1.366,0.17725036257651394,0.14888761332488176,539.4518975546432,0.003010088576702657,0.1893684255300298,0.1790076227977691,33.64987403944254,0.1835043170937785,https://arxiv.org/abs/2008.04333
BLh_M11841581_M0_LK,Reference set,M0RefSet & M0/M1Set,BLh,leakM0,1.335304054054054,1.581,1.1840000000000002,1.7619999999999998,1.277,0.19034342602281495,0.13966551134803365,539.1503721182672,0.0025433988787041052,0.17350121056128465,0.13963629135518466,28.790634282825565,0.19211098845199026,https://arxiv.org/abs/2008.04333
BLh_M11461635_M0_LK,Reference set,M0RefSet & M0/M1Set,BLh,leakM0,1.4267015706806283,1.635,1.146,1.832,1.232,0.19785573475602455,0.13506059171658208,540.1768804395066,0.0026577895747985467,0.15573675661398895,0.19178319798208104,34.492417682865245,0.2653520638443836,https://arxiv.org/abs/2008.04333
BLh_M11041699_M0_LK,Reference set,M0RefSet & M0/M1Set,BLh,leakM0,1.5389492753623188,1.699,1.104,1.915,1.1840000000000002,0.20695122602183652,0.12995731761235255,543.9697609522354,0.00197487142713787,0.1328173316843825,0.17191386568964648,31.20784134195677,0.30751685742978696,https://arxiv.org/abs/2008.04333
BLh_M10651772_M0_LK,Reference set,M0RefSet & M0/M1Set,BLh,leakM0,1.6638497652582158,1.7719999999999998,1.065,2.01,1.138,0.2175760882168016,0.12524968114068255,538.4148737180547,0.004182660475845304,0.12064045032906465,0.10979671279200263,24.08339310960269,0.2885301170108029,https://arxiv.org/abs/2008.04333
BLh_M10201856_M0,Reference set,M0RefSet & M0/M1Set,BLh,leakM0,1.8196078431372549,1.856,1.02,2.124,1.086,0.23091551053787596,0.1198378523046788,532.9548956373667,0.010348611155098844,0.11687495305659325,0.02467091269064195,6.0333090500179445,0.09758598078042267,https://arxiv.org/abs/2008.04333
BLh_M10201856_M0_LK,Reference set,M0RefSet & M0/M1Set,BLh,leakM0,1.8196078431372549,1.856,1.02,2.124,1.086,0.23091551053787596,0.1198378523046788,532.9548956373667,0.008106402246153792,0.11370644847777528,0.032542795049125293,6.528269852632735,0.17026014944582216,https://arxiv.org/abs/2008.04333
DD2_M13641364_M0_R04,Reference set,M0RefSet & M0/M1Set,DD2,leakM0,1.0,1.364,1.364,1.4873,1.4873,0.15249487118545274,0.15249487118545274,853.8301878550591,0.0011224418238695252,0.1798097345443972,0.24598656384231501,38.07104658354799,0.1535059851546931,https://arxiv.org/abs/2008.04333
DD2_M13641364_M0_LK_R04,Reference set,M0RefSet & M0/M1Set,DD2,leakM0,1.0,1.364,1.364,1.4873,1.4873,0.15249487118545274,0.15249487118545274,853.8301878550591,0.001208145542969715,0.15641314945711027,0.26883195389352704,40.03427412815481,0.1112214847379746,https://arxiv.org/abs/2008.04333
DD2_M14971245_M0,Reference set,M0RefSet & M0/M1Set,DD2,leakM0,1.2014446227929374,1.497,1.246,1.3455,1.6485,0.16699775943939132,0.1397472900416405,847.1760492120218,0.002126483543855806,0.16830798121953036,0.17588235789641404,29.07483948240241,0.2613304058016553,https://arxiv.org/abs/2008.04333
DD2_M15091235_M0_LK,Reference set,M0RefSet & M0/M1Set,DD2,leakM0,1.2218623481781377,1.509,1.235,1.3343,1.6632,0.1683083243135378,0.13856961865350229,846.9557536429439,0.0025321667569174395,0.17397382322424768,0.1909645644526472,30.739535720498786,0.20910262510383104,https://arxiv.org/abs/2008.04333
DD2_M11461635_M0_LK,Reference set,M0RefSet & M0/M1Set,DD2,leakM0,1.4267015706806283,1.635,1.146,1.821,1.228,0.18217020144142368,0.12895506128999176,820.1445898580807,0.006969548707114514,0.13798751263152728,0.1361295431956588,25.511397315902876,0.3036549818018641,https://arxiv.org/abs/2008.04333
LS220_M13641364_M0_LK,Reference set,M0RefSet & M0/M1Set,LS220,leakM0,1.0,1.364,1.364,1.4912,1.4912,0.15836090315923929,0.15836090315923929,715.4200991286563,0.0015893155888402086,0.16117824170934572,0.245188482612554,35.70287941340071,0.07266462637019694,https://arxiv.org/abs/2008.04333
LS220_M13641364_M0,Reference set,M0RefSet & M0/M1Set,LS220,leakM0,1.0,1.364,1.364,1.4912,1.4912,0.15836090315923929,0.15836090315923929,715.4200991286563,0.001635222406387491,0.1625310877488193,0.2194039059296629,34.994203439925215,0.07200655558497399,https://arxiv.org/abs/2008.04333
LS220_M14001330_M0,Reference set,M0RefSet & M0/M1Set,LS220,leakM0,1.0526315789473684,1.4,1.33,1.4499,1.5343,0.16276822020787673,0.15413798801249906,715.2042283710026,0.0015634166800698192,0.15606519307284158,0.21065951015319,33.2834030323338,0.07271788734942675,https://arxiv.org/abs/2008.04333
LS220_M14351298_M0,Reference set,M0RefSet & M0/M1Set,LS220,leakM0,1.1055469953775041,1.435,1.298,1.4119,1.5771,0.16714516828347015,0.15030874131237182,717.6371090125364,0.0022025678813175206,0.1767745666701269,0.1880783048713837,30.247547749326852,0.09472916764207184,https://arxiv.org/abs/2008.04333
LS220_M14691268_M0_LK,Reference set,M0RefSet & M0/M1Set,LS220,leakM0,1.1585173501577288,1.469,1.268,1.3769,1.6195,0.17147243864958267,0.14671447796624507,714.6444454349776,0.003411861390227993,0.16447773246453226,0.21883222068644187,34.0830049891005,0.1276299343444407,https://arxiv.org/abs/2008.04333
LS220_M14691268_M0,Reference set,M0RefSet & M0/M1Set,LS220,leakM0,1.1585173501577288,1.469,1.268,1.3769,1.6195,0.17147243864958267,0.14671447796624507,714.6444454349776,0.003349130076453262,0.17233891370717594,0.17073700149703894,30.01283510559234,,https://arxiv.org/abs/2008.04333
LS220_M11461635_M0_LK,Reference set,M0RefSet & M0/M1Set,LS220,leakM0,1.4267015706806283,1.635,1.146,1.233,1.83,0.19346001680104855,0.13217925569091218,710.8115462571183,0.007293558579775872,0.17183884406645947,0.1581157166303312,26.77356896981173,0.17780326690990478,https://arxiv.org/abs/2008.04333
LS220_M10651772_M0_LK,Reference set,M0RefSet & M0/M1Set,LS220,leakM0,1.6638497652582158,1.7719999999999998,1.065,2.01,1.138,0.213544022932028,0.12281968685111895,707.2284445278191,0.011122785037679859,0.14236083096084995,0.06505274357486024,13.182399935278196,0.0684014028012775,https://arxiv.org/abs/2008.04333
SFHo_M13641364_M0_LK_p2019,Reference set,M0RefSet & M0/M1Set,SFHo,leakM0,1.0,1.364,1.364,1.5031,1.5031,0.1691254863589894,0.1691254863589894,413.66553479592596,0.0040268211682422525,0.19209659073231555,0.2099138881306612,32.48163704819111,3.009525663688617e-05,https://arxiv.org/abs/2008.04333
SFHo_M13641364_M0,Reference set,M0RefSet & M0/M1Set,SFHo,leakM0,1.0,1.364,1.364,1.5031,1.5031,0.1691254863589894,0.1691254863589894,413.66553479592596,0.0027654376718550555,0.2087734685287528,0.22564843176795465,31.083617559985036,0.018550733311039267,https://arxiv.org/abs/2008.04333
SFHo_M14521283_M0_LK_p2019,Reference set,M0RefSet & M0/M1Set,SFHo,leakM0,1.1317225253312546,1.452,1.283,1.404,1.6124,0.180736378468686,0.15872542563431918,412.5378906143852,0.004356937630759872,0.2251155927564497,0.17720260198960025,33.203318872978876,,https://arxiv.org/abs/2008.04333
SFHo_M14521283_M0,Reference set,M0RefSet & M0/M1Set,SFHo,leakM0,1.1317225253312546,1.452,1.283,1.404,1.6124,0.180736378468686,0.15872542563431918,412.5378906143852,0.004198903637485678,0.22221711362485974,0.17175188166409072,29.630735477384917,0.04587369962309037,https://arxiv.org/abs/2008.04333
SFHo_M11461635_M0_LK,Reference set,M0RefSet & M0/M1Set,SFHo,leakM0,1.4267015706806283,1.635,1.146,1.844,1.236,0.2057169080374276,0.14130278969396484,414.5178752122267,0.0023532264454817447,0.14014139448512794,0.18882135858981053,32.86071829523906,0.23633409244939685,https://arxiv.org/abs/2008.04333
SFHo_M16351146_M0_LK_p2019,Reference set,M0RefSet & M0/M1Set,SFHo,leakM0,1.4267015706806283,1.635,1.146,1.236,1.844,0.2057169080374276,0.14130278969396484,414.5178752122267,0.003782660851939394,0.20369652999776167,0.1449077361668615,29.20308384510097,0.1337272206114398,https://arxiv.org/abs/2008.04333
SFHo_M10651772_M0_LK,Reference set,M0RefSet & M0/M1Set,SFHo,leakM0,1.6638497652582158,1.7719999999999998,1.065,2.026,1.141,0.2259819876814083,0.1311505865487128,408.74022959811083,0.0014516550845977045,0.11964022088274726,0.06963863979497938,10.392382803313337,0.17728817277372427,https://arxiv.org/abs/2008.04333
SLy4_M13641364_M0_LK,Reference set,M0RefSet & M0/M1Set,SLy4,leakM0,1.0,1.364,1.364,1.5016,1.5016,0.17108624800897898,0.17108624800897898,402.26788234306815,0.0008685654265558076,0.26718636953449826,0.22511502027028668,30.81465906347617,,https://arxiv.org/abs/2008.04333
SLy4_M13641364_M0,Reference set,M0RefSet & M0/M1Set,SLy4,leakM0,1.0,1.364,1.364,1.5016,1.5016,0.17108624800897898,0.17108624800897898,402.26788234306815,0.0030966776430713296,0.22300325129135065,0.2298802601295997,32.232576128666985,0.07104225924841658,https://arxiv.org/abs/2008.04333
SLy4_M14521283_M0,Reference set,M0RefSet & M0/M1Set,SLy4,leakM0,1.1317225253312546,1.452,1.283,1.4018,1.6105,0.18285216275528676,0.1603813173456806,402.49910301014967,0.005910771338011965,0.2408399073803606,0.16344645226598775,29.674988435932974,0.16385814154569675,https://arxiv.org/abs/2008.04333
SLy4_M11461635_M0_LK,Reference set,M0RefSet & M0/M1Set,SLy4,leakM0,1.4267015706806283,1.635,1.146,1.847,1.238,0.2086656582731086,0.14266142071831758,399.88919757855217,0.0019663856171666296,0.15334091893097418,0.20938497173423895,34.02930036440543,0.18873168854042888,https://arxiv.org/abs/2008.04333
SLy4_M10651772_M0_LK,Reference set,M0RefSet & M0/M1Set,SLy4,leakM0,1.6638497652582158,1.7719999999999998,1.065,2.03,1.143,0.2296590018544176,0.13228287579748418,397.79062982329725,0.0028318813232139565,0.1242985716500388,0.04907380045992464,8.434997145952487,0.137975506135664,https://arxiv.org/abs/2008.04333
D144144,Vincent:2019kor,M0/M1Set,DD2,M1,1.0,1.44,1.44,1.59677131460674,1.59677131460674,0.161,0.161,591.940633707865,0.0036,0.267,0.21600000000000003,,0.1,https://arxiv.org/abs/1908.00655
D12132,Vincent:2019kor,M0/M1Set,DD2,M1,1.0989010989011,1.32,1.2,1.44066405263158,1.29683221686747,0.147,0.134,1301.8175109904598,0.0046,0.273,0.21,,0.12,https://arxiv.org/abs/1908.00655
D12144,Vincent:2019kor,M0/M1Set,DD2,M1,1.20481927710843,1.44,1.2,1.59677131460674,1.29683221686747,0.161,0.134,1003.2666659829699,0.00335,0.204,0.16399999999999998,,0.17,https://arxiv.org/abs/1908.00655
D12156,Vincent:2019kor,M0/M1Set,DD2,M1,1.2987012987013,1.56,1.2,1.7328135829383897,1.29683221686747,0.17300000000000001,0.134,813.4502120294591,0.00473,0.165,0.182,,0.221,https://arxiv.org/abs/1908.00655
L144144,Vincent:2019kor,M0/M1Set,LS220,M1,1.0,1.44,1.44,1.68190613163972,1.68190613163972,0.175,0.175,340.802464896074,0.00011999999999999999,0.258,0.217,,0.043,https://arxiv.org/abs/1908.00655
L12132,Vincent:2019kor,M0/M1Set,LS220,M1,1.0989010989011,1.32,1.2,1.54486568812589,1.3945368333333301,0.161,0.146,787.279222514915,0.0009400000000000001,0.22399999999999998,0.205,,0.121,https://arxiv.org/abs/1908.00655
L12144,Vincent:2019kor,M0/M1Set,LS220,M1,1.20481927710843,1.44,1.2,1.68190613163972,1.3945368333333301,0.175,0.146,616.635954410428,0.0038399999999999997,0.196,0.19399999999999998,,0.16399999999999998,https://arxiv.org/abs/1908.00655
L12156,Vincent:2019kor,M0/M1Set,LS220,M1,1.2987012987013,1.56,1.2,1.83466966995074,1.3945368333333301,0.191,0.146,480.494077743003,0.00234,0.135,0.192,,0.193,https://arxiv.org/abs/1908.00655
S12132,Vincent:2019kor,M0/M1Set,SFHo,M1,1.0989010989011,1.32,1.2,1.45561990592335,1.3130962323232298,0.163,0.14800000000000002,662.491433851814,0.01574,0.23,0.22399999999999998,,0.121,https://arxiv.org/abs/1908.00655
S12144,Vincent:2019kor,M0/M1Set,SFHo,M1,1.20481927710843,1.44,1.2,1.6078527586206899,1.3130962323232298,0.179,0.14800000000000002,505.235106662032,0.00839,0.22,0.20600000000000002,,0.16399999999999998,https://arxiv.org/abs/1908.00655
S12156,Vincent:2019kor,M0/M1Set,SFHo,M1,1.2987012987013,1.56,1.2,1.75989925751073,1.3130962323232298,0.195,0.14800000000000002,395.188468596727,0.018019999999999998,0.18100000000000002,0.204,,0.179,https://arxiv.org/abs/1908.00655
BHBlp_M135135_M0,Radice:2018pdn(M0),M0/M1Set,BHBlp,leakM0,1.0,1.35,1.35,1.4727700000000001,1.4727700000000001,0.15103000000000003,0.15103000000000003,848.044957999892,0.00138836,0.144859225911,0.26224812938299996,38.251562459376466,0.1275,https://arxiv.org/abs/1809.11161
BHBlp_M140120_M0,Radice:2018pdn(M0),M0/M1Set,BHBlp,leakM0,1.1666666666666667,1.4,1.2,1.53253,1.29693,0.15646000000000007,0.13477000000000003,1057.59523096822,0.00160956,0.16773689762,0.19319842680500002,30.51931976242537,0.2256,https://arxiv.org/abs/1809.11161
DD2_M135135_M0,Radice:2018pdn(M0),M0/M1Set,DD2,leakM0,1.0,1.35,1.35,1.4727700000000001,1.4727700000000001,0.15103000000000003,0.15103000000000003,848.044957999892,0.0014195,0.166251706985,0.225551296204,31.637439281030545,0.1616,https://arxiv.org/abs/1809.11161
DD2_M140120_M0,Radice:2018pdn(M0),M0/M1Set,DD2,leakM0,1.1666666666666667,1.4,1.2,1.53253,1.29693,0.15646000000000007,0.13477000000000003,1057.59523096822,0.00164611,0.159595757173,0.211572203284,34.5877127747712,0.1948,https://arxiv.org/abs/1809.11161
LS220_M135135_M0,Radice:2018pdn(M0),M0/M1Set,LS220,leakM0,1.0,1.35,1.35,1.4733399999999999,1.4733399999999999,0.15686000000000003,0.15686000000000003,683.764650054587,0.00185523,0.147051125522,0.246561703806,35.547855206525576,0.0906,https://arxiv.org/abs/1809.11161
LS220_M140120_M0,Radice:2018pdn(M0),M0/M1Set,LS220,leakM0,1.1666666666666667,1.4,1.2,1.53451,1.29564,0.16308000000000006,0.13871999999999995,893.4361626421969,0.00242864,0.149788172768,0.18483941726599998,29.675317092199823,0.23379999999999998,https://arxiv.org/abs/1809.11161
SFHo_M135135_M0,Radice:2018pdn(M0),M0/M1Set,SFHo,leakM0,1.0,1.35,1.35,1.48606,1.48606,0.16750000000000007,0.16750000000000007,416.18582635048597,0.00415131,0.219647104556,0.22419246258,33.033140163026104,0.0123,https://arxiv.org/abs/1809.11161
SFHo_M140120_M0,Radice:2018pdn(M0),M0/M1Set,SFHo,leakM0,1.1666666666666667,1.4,1.2,1.54655,1.30308,0.17405000000000007,0.14823999999999996,538.206929183586,0.00302384,0.160097161085901,0.218538548707291,,0.1565,https://arxiv.org/abs/1809.11161
SFHo_M140120_M0_v4,Radice:2018pdn(M0),M0/M1Set,SFHo,leakM0,1.1666666666666667,1.4,1.2,1.54655,1.30308,0.17405000000000007,0.14823999999999996,538.206929183586,0.00302384,0.160097161085901,0.218538548707291,,,https://arxiv.org/abs/1809.11161
BHBlp_M125125_LK,Radice:2018pdn(LK),LeakSet,BHBlp,leak,1.0,1.25,1.25,1.35299,1.35299,0.14018000000000003,0.14018000000000003,1295.29991380455,0.00126821,0.178573418684,0.125242271236,22.022273213146352,,https://arxiv.org/abs/1809.11161
BHBlp_M1251365_LK,Radice:2018pdn(LK),LeakSet,BHBlp,leak,1.092,1.365,1.25,1.4910299999999999,1.3524100000000001,0.15265999999999996,0.14018000000000003,1016.97535763328,0.0005801609999999999,0.213024813478,0.13684679867900001,25.57299398298604,,https://arxiv.org/abs/1809.11161
BHBlp_M130130_LK,Radice:2018pdn(LK),LeakSet,BHBlp,leak,1.0,1.3,1.3,1.41572,1.41572,0.14560999999999993,0.14560999999999993,1045.67396125715,0.0006587510000000001,0.119725908155,0.16337643718699998,33.587518620377296,,https://arxiv.org/abs/1809.11161
BHBlp_M135135_LK,Radice:2018pdn(LK),LeakSet,BHBlp,leak,1.0,1.35,1.35,1.4727700000000001,1.4727700000000001,0.15103000000000003,0.15103000000000003,848.044957999892,0.000672403,0.166318356069,0.149520482908,28.676298864284128,0.1445,https://arxiv.org/abs/1809.11161
BHBlp_M140120_LK,Radice:2018pdn(LK),LeakSet,BHBlp,leak,1.1666666666666667,1.4,1.2,1.53253,1.29693,0.15646000000000007,0.13477000000000003,1057.59523096822,0.00108822,0.160935823725,0.106069387727,21.79365307940675,0.20739999999999997,https://arxiv.org/abs/1809.11161
BHBlp_M140140_LK,Radice:2018pdn(LK),LeakSet,BHBlp,leak,1.0,1.4,1.4,1.53254,1.53254,0.15646000000000007,0.15646000000000007,690.630096309075,0.000918827,0.17333781173300003,0.146825547278,27.759680637183124,0.0705,https://arxiv.org/abs/1809.11161
BHBlp_M144139_LK,Radice:2018pdn(LK),LeakSet,BHBlp,leak,1.0359712230215827,1.44,1.39,1.5800100000000001,1.52026,0.16083000000000006,0.15537999999999988,650.209372648612,0.0005931619999999999,0.203279926562,0.175112251662,30.387504216736154,0.0828,https://arxiv.org/abs/1809.11161
BHBlp_M150150_LK,Radice:2018pdn(LK),LeakSet,BHBlp,leak,1.0,1.5,1.5,1.6565,1.6565,0.1673900000000001,0.1673900000000001,462.552233111546,0.0005015530000000001,0.234765225914,0.172081440429,27.59872169510321,0.019299999999999998,https://arxiv.org/abs/1809.11161
BHBlp_M160160_LK,Radice:2018pdn(LK),LeakSet,BHBlp,leak,1.0,1.6,1.6,1.7779200000000002,1.7779200000000002,0.17840999999999999,0.17840999999999999,313.05319876178396,1.2926800000000001e-05,0.139630525652,0.197374706127,31.82713125989787,0.0009,https://arxiv.org/abs/1809.11161
DD2_M120120_LK,Radice:2018pdn(LK),LeakSet,DD2,leak,1.0,1.2,1.2,1.29692,1.29692,0.13477000000000003,0.13477000000000003,1612.24802950828,0.0007553439999999999,0.135433815231,0.150490086402,31.438362733773676,,https://arxiv.org/abs/1809.11161
DD2_M125125_LK,Radice:2018pdn(LK),LeakSet,DD2,leak,1.0,1.25,1.25,1.35299,1.35299,0.14018000000000003,0.14018000000000003,1295.29991380455,0.00038238300000000003,0.149095565986,0.176457572296,33.184981556259096,,https://arxiv.org/abs/1809.11161
DD2_M1251365_LK,Radice:2018pdn(LK),LeakSet,DD2,leak,1.092,1.365,1.25,1.4910299999999999,1.3524100000000001,0.15265999999999996,0.14018000000000003,1016.97535763328,0.000382209,0.20203442440400002,0.150393460087,25.77235322766376,,https://arxiv.org/abs/1809.11161
DD2_M130130_LK,Radice:2018pdn(LK),LeakSet,DD2,leak,1.0,1.3,1.3,1.41572,1.41572,0.14560999999999993,0.14560999999999993,1045.67396125715,0.00120958,0.178713598481,0.127007038172,21.068678974685646,,https://arxiv.org/abs/1809.11161
DD2_M135135_LK,Radice:2018pdn(LK),LeakSet,DD2,leak,1.0,1.35,1.35,1.4727700000000001,1.4727700000000001,0.15103000000000003,0.15103000000000003,848.044957999892,0.000293877,0.180606491386,0.182207846677,31.82377998430726,0.15689999999999998,https://arxiv.org/abs/1809.11161
DD2_M140120_LK,Radice:2018pdn(LK),LeakSet,DD2,leak,1.1666666666666667,1.4,1.2,1.53253,1.29693,0.15646000000000007,0.13477000000000003,1057.59523096822,0.000889373,0.17865609194200002,0.12170320703299999,23.286246213538718,0.19260000000000002,https://arxiv.org/abs/1809.11161
DD2_M140140_LK,Radice:2018pdn(LK),LeakSet,DD2,leak,1.0,1.4,1.4,1.53254,1.53254,0.15646000000000007,0.15646000000000007,690.630096309075,0.00041999,0.223043086864,0.170901852867,28.866332909808197,0.12359999999999999,https://arxiv.org/abs/1809.11161
DD2_M144139_LK,Radice:2018pdn(LK),LeakSet,DD2,leak,1.0359712230215827,1.44,1.39,1.5800100000000001,1.52026,0.16083000000000006,0.15537999999999988,650.209372648612,0.000531682,0.197831552819,0.170668056164,28.066616078359054,0.14400000000000002,https://arxiv.org/abs/1809.11161
DD2_M150150_LK,Radice:2018pdn(LK),LeakSet,DD2,leak,1.0,1.5,1.5,1.6565,1.6565,0.1673900000000001,0.1673900000000001,462.552233111546,0.000690053,0.167387468145,0.197331003488,32.43227516390294,0.16699999999999998,https://arxiv.org/abs/1809.11161
DD2_M160160_LK,Radice:2018pdn(LK),LeakSet,DD2,leak,1.0,1.6,1.6,1.7779200000000002,1.7779200000000002,0.17840999999999999,0.17840999999999999,313.05319876178396,0.00123068,0.236486818059,0.141130844832,20.324174662012922,0.0196,https://arxiv.org/abs/1809.11161
LS220_M120120_LK,Radice:2018pdn(LK),LeakSet,LS220,leak,1.0,1.2,1.2,1.29564,1.29564,0.13871999999999995,0.13871999999999995,1439.0190974028799,0.00140069,0.14655309836400002,0.116899163673,25.152448981070762,0.1743,https://arxiv.org/abs/1809.11161
LS220_M1251365_LK,Radice:2018pdn(LK),LeakSet,LS220,leak,1.092,1.365,1.25,1.49118,1.3547,0.15871000000000005,0.14466999999999997,848.4337488381481,0.00110871,0.160045944821,0.102591572716,23.261889098746252,,https://arxiv.org/abs/1809.11161
LS220_M135135_LK,Radice:2018pdn(LK),LeakSet,LS220,leak,1.0,1.35,1.35,1.4733399999999999,1.4733399999999999,0.15686000000000003,0.15686000000000003,683.764650054587,0.000591045,0.15789144975400002,0.11379542362,23.82405904866255,0.0725,https://arxiv.org/abs/1809.11161
LS220_M140120_LK,Radice:2018pdn(LK),LeakSet,LS220,leak,1.1666666666666667,1.4,1.2,1.53451,1.29564,0.16308000000000006,0.13871999999999995,893.4361626421969,0.00186003,0.15137453158199998,0.0873875323243,20.318491624461934,0.22820000000000001,https://arxiv.org/abs/1809.11161
LS220_M140140_LK,Radice:2018pdn(LK),LeakSet,LS220,leak,1.0,1.4,1.4,1.53452,1.53452,0.16308000000000006,0.16308000000000006,536.0670891445781,0.00143295,0.167636506813,0.14415318099000002,29.13618094123444,0.0458,https://arxiv.org/abs/1809.11161
LS220_M144139_LK,Radice:2018pdn(LK),LeakSet,LS220,leak,1.0359712230215827,1.44,1.39,1.58149,1.52047,0.16811000000000006,0.16181999999999988,499.261044023471,0.00190409,0.15717414715,0.14318727051400001,30.33141085299181,0.0391,https://arxiv.org/abs/1809.11161
LS220_M145145_LK,Radice:2018pdn(LK),LeakSet,LS220,leak,1.0,1.45,1.45,1.59559,1.59559,0.16940000000000005,0.16940000000000005,420.747694430098,0.00164991,0.20784653420000002,0.14274620661499998,22.201579676902213,0.020499999999999997,https://arxiv.org/abs/1809.11161
LS220_M150150_LK,Radice:2018pdn(LK),LeakSet,LS220,leak,1.0,1.5,1.5,1.6588900000000002,1.6588900000000002,0.17585999999999996,0.17585999999999996,330.155394892613,0.000334724,0.188772750697,0.084331649055,12.714247306177892,0.0016,https://arxiv.org/abs/1809.11161
LS220_M160160_LK,Radice:2018pdn(LK),LeakSet,LS220,leak,1.0,1.6,1.6,1.7904900000000001,1.7904900000000001,0.18925999999999998,0.18925999999999998,202.340141807509,0.000319188,0.20568505157699998,0.0744507057694,7.607249121532887,0.0007000000000000001,https://arxiv.org/abs/1809.11161
LS220_M171171_LK,Radice:2018pdn(LK),LeakSet,LS220,leak,1.0,1.71,1.71,1.9276799999999998,1.9276799999999998,0.2049999999999999,0.2049999999999999,116.005875248749,0.000285926,0.218552514584,0.08440400505909999,7.5245113041073655,0.0006,https://arxiv.org/abs/1809.11161
SFHo_M1251365_LK,Radice:2018pdn(LK),LeakSet,SFHo,leak,1.092,1.365,1.25,1.50363,1.36409,0.1694400000000001,0.15459000000000012,512.595912539856,0.0014573000000000001,0.228587358059,0.138680089635,24.091643977550248,,https://arxiv.org/abs/1809.11161
SFHo_M135135_LK,Radice:2018pdn(LK),LeakSet,SFHo,leak,1.0,1.35,1.35,1.48606,1.48606,0.16750000000000007,0.16750000000000007,416.18582635048597,0.00353303,0.23522723679299998,0.16808633625,27.99453956515006,0.0623,https://arxiv.org/abs/1809.11161
SFHo_M140120_LK,Radice:2018pdn(LK),LeakSet,SFHo,leak,1.1666666666666667,1.4,1.2,1.54655,1.30308,0.17405000000000007,0.14823999999999996,538.206929183586,0.00118141,0.197334707993,0.13784596364499999,27.52933738692089,0.1173,https://arxiv.org/abs/1809.11161
SFHo_M140140_LK,Radice:2018pdn(LK),LeakSet,SFHo,leak,1.0,1.4,1.4,1.54656,1.54656,0.17405000000000007,0.17405000000000007,328.900717069208,0.00040943699999999996,0.345544726832,0.187095225847,24.206686199467878,0.0001,https://arxiv.org/abs/1809.11161
SFHo_M144139_LK,Radice:2018pdn(LK),LeakSet,SFHo,leak,1.0359712230215827,1.44,1.39,1.59791,1.53462,0.17934999999999998,0.17271,307.020572385404,0.000443001,0.325503227397,0.17931945352,20.024558494110998,0.0009,https://arxiv.org/abs/1809.11161
SFHo_M146146_LK,Radice:2018pdn(LK),LeakSet,SFHo,leak,1.0,1.46,1.46,1.6230000000000002,1.6230000000000002,0.18202000000000002,0.18202000000000002,248.48177723384103,9.88678e-06,0.18213158411400002,0.232877311919,26.94950166274764,0.0002,https://arxiv.org/abs/1809.11161
NL3_1.47_1.47,Lehner:2016lxy,LeakSet,NL3,leak,1.0,1.36,1.36,0.9744051447488584,0.9744051447488584,0.136,0.136,1657.590470319634,1.5e-05,0.45,,,,https://arxiv.org/abs/1603.00501
NL3_1.34_1.60,Lehner:2016lxy,LeakSet,NL3,leak,1.176,1.47,1.25,1.0619273333333332,0.8872768327014218,0.147,0.125,1688.4109744559714,0.0023,0.25,,,,https://arxiv.org/abs/1603.00501
DD2_1.49_1.49,Lehner:2016lxy,LeakSet,DD2,leak,1.0,1.36,1.36,1.496482070967742,1.496482070967742,0.152,0.152,827.3475331182794,0.00043,0.3,,,,https://arxiv.org/abs/1603.00501
DD2_1.36_1.62,Lehner:2016lxy,LeakSet,DD2,leak,1.1395348837209303,1.47,1.29,1.63082015916955,1.4073791136363638,0.16399999999999998,0.14400000000000002,775.0769376230669,0.00042,0.3,,,,https://arxiv.org/abs/1603.00501
DD2_1.27_1.71,Lehner:2016lxy,LeakSet,DD2,leak,1.305084745762712,1.54,1.18,1.7215192701421798,1.2751237831325302,0.172,0.132,863.6756590585843,0.0013,0.3,,,,https://arxiv.org/abs/1603.00501
SFHo_1.50_1.50,Lehner:2016lxy,LeakSet,SFHo,leak,1.0,1.36,1.36,1.5128759357142856,1.5128759357142856,0.16899999999999998,0.16899999999999998,398.1669075000004,0.0034,0.25,,,,https://arxiv.org/abs/1603.00501
SFHo_1.37_1.63,Lehner:2016lxy,LeakSet,SFHo,leak,1.176,1.47,1.25,1.646536,1.3699931114982578,0.183,0.154,418.34986002510385,0.0022,0.25,,,,https://arxiv.org/abs/1603.00501
G3.765_P34.1_1.000,Kiuchi:2019lls,NoNusSet,Polytrop,none,1.0,1.375,1.375,1.551,1.551,0.195,0.195,208.0,0.001,,,,0.001,https://arxiv.org/abs/1903.01466
G3.765_P34.1_0.774,Kiuchi:2019lls,NoNusSet,Polytrop,none,1.2919896640826871,1.55,1.2,1.779,1.331,0.219,0.172,218.0,0.001,,,,0.023,https://arxiv.org/abs/1903.01466
G3.887_P34.1_1.000,Kiuchi:2019lls,NoNusSet,Polytrop,none,1.0,1.375,1.375,1.55,1.55,0.194,0.194,221.0,0.001,,,,0.001,https://arxiv.org/abs/1903.01466
G3.887_P34.1_0.774,Kiuchi:2019lls,NoNusSet,Polytrop,none,1.2919896640826871,1.55,1.2,1.778,1.331,0.171,0.171,230.0,0.0052,,,,0.029,https://arxiv.org/abs/1903.01466
G4.007_P34.1_1.000,Kiuchi:2019lls,NoNusSet,Polytrop,none,1.0,1.375,1.375,1.55,1.55,0.193,0.193,232.0,0.0019,,,,0.0027,https://arxiv.org/abs/1903.01466
G3.446_P34.2_1.000,Kiuchi:2019lls,NoNusSet,Polytrop,none,1.0,1.375,1.375,1.544,1.544,0.191,0.191,232.0,0.001,,,,0.001,https://arxiv.org/abs/1903.01466
G3.446_P34.2_0.774,Kiuchi:2019lls,NoNusSet,Polytrop,none,1.2919896640826871,1.55,1.2,1.771,1.325,0.215,0.168,245.0,0.0023,,,,0.036000000000000004,https://arxiv.org/abs/1903.01466
G3.568_P34.2_1.000,Kiuchi:2019lls,NoNusSet,Polytrop,none,1.0,1.375,1.375,1.543,1.543,0.19,0.19,247.0,0.001,,,,0.001,https://arxiv.org/abs/1903.01466
G3.568_P34.2_0.774,Kiuchi:2019lls,NoNusSet,Polytrop,none,1.2919896640826871,1.55,1.2,1.77,1.325,0.213,0.16699999999999998,259.0,0.014,,,,0.038,https://arxiv.org/abs/1903.01466
G3.687_P34.2_1.000,Kiuchi:2019lls,NoNusSet,Polytrop,none,1.0,1.375,1.375,1.543,1.543,0.189,0.189,260.0,0.0014,,,,0.0078,https://arxiv.org/abs/1903.01466
G3.132_P34.3_1.000,Kiuchi:2019lls,NoNusSet,Polytrop,none,1.0,1.375,1.375,1.534,1.534,0.185,0.185,272.0,0.001,,,,0.001,https://arxiv.org/abs/1903.01466
G3.252_P34.3_1.000,Kiuchi:2019lls,NoNusSet,Polytrop,none,1.0,1.375,1.375,1.535,1.535,0.184,0.184,288.0,0.0012,,,,0.0019,https://arxiv.org/abs/1903.01466
G3.132_P34.3_0.774,Kiuchi:2019lls,NoNusSet,Polytrop,none,1.2919896640826871,1.55,1.2,1.759,1.318,0.209,0.161,290.0,0.012,,,,0.063,https://arxiv.org/abs/1903.01466
G3.370_P34.3_1.000,Kiuchi:2019lls,NoNusSet,Polytrop,none,1.0,1.375,1.375,1.535,1.535,0.183,0.183,303.0,0.002,,,,0.031,https://arxiv.org/abs/1903.01466
G3.252_P34.3_0.774,Kiuchi:2019lls,NoNusSet,Polytrop,none,1.2919896640826871,1.55,1.2,1.759,1.319,0.207,0.161,305.0,0.015,,,,0.12,https://arxiv.org/abs/1903.01466
G2.825_P34.4_1.000,Kiuchi:2019lls,NoNusSet,Polytrop,none,1.0,1.375,1.375,1.5219999999999998,1.5219999999999998,0.17600000000000002,0.17600000000000002,345.0,0.0065,,,,0.018000000000000002,https://arxiv.org/abs/1903.01466
G2.942_P34.4_1.000,Kiuchi:2019lls,NoNusSet,Polytrop,none,1.0,1.375,1.375,1.523,1.523,0.17600000000000002,0.17600000000000002,362.0,0.0025,,,,0.016,https://arxiv.org/abs/1903.01466
G2.825_P34.4_0.774,Kiuchi:2019lls,NoNusSet,Polytrop,none,1.2919896640826871,1.55,1.2,1.744,1.3090000000000002,0.2,0.153,373.0,0.011,,,,0.087,https://arxiv.org/abs/1903.01466
G2.942_P34.4_0.774,Kiuchi:2019lls,NoNusSet,Polytrop,none,1.2919896640826871,1.55,1.2,1.745,1.31,0.199,0.153,387.0,0.011,,,,0.12,https://arxiv.org/abs/1903.01466
G2.528_P34.5_1.000,Kiuchi:2019lls,NoNusSet,Polytrop,none,1.0,1.375,1.375,1.505,1.505,0.163,0.163,508.0,0.0094,,,,0.053,https://arxiv.org/abs/1903.01466
G2.640_P34.5_1.000,Kiuchi:2019lls,NoNusSet,Polytrop,none,1.0,1.375,1.375,1.508,1.508,0.16399999999999998,0.16399999999999998,516.0,0.012,,,,0.12,https://arxiv.org/abs/1903.01466
G2.528_P34.5_0.774,Kiuchi:2019lls,NoNusSet,Polytrop,none,1.2919896640826871,1.55,1.2,1.722,1.296,0.188,0.14,558.0,0.0056,,,,0.16,https://arxiv.org/abs/1903.01466
ALF2-137137-R2s,Dietrich:2016lyp,NoNusSet,ALF2,none,1.0,1.375,1.375,1.518,1.518,0.16399999999999998,0.16399999999999998,659.430878098405,0.0034,0.1972308292331602,,,0.2,https://arxiv.org/abs/1611.07367
H4-137137-R2s,Dietrich:2016lyp,NoNusSet,H4,none,1.0,1.375,1.375,1.499,1.499,0.15,0.15,992.71744110475,0.0034,0.21470910553583888,,,0.23,https://arxiv.org/abs/1611.07367
MS1b-137137-R2s,Dietrich:2016lyp,NoNusSet,MS1b,none,1.0,1.375,1.375,1.4969999999999999,1.4969999999999999,0.145,0.145,1396.59272750785,0.0023,0.14317821063276354,,,,https://arxiv.org/abs/1611.07367
SLy-137137-R2s,Dietrich:2016lyp,NoNusSet,SLy,none,1.0,1.375,1.375,1.526,1.526,0.177,0.177,366.20428472057097,0.016,0.1972308292331602,,,0.23,https://arxiv.org/abs/1611.07367
ALF2-122153-R2s,Dietrich:2016lyp,NoNusSet,ALF2,none,1.2495908346972175,1.527,1.222,1.7069999999999999,1.334,0.182,0.147,671.778950521599,0.0075,0.20808652046684814,,,0.23,https://arxiv.org/abs/1611.07367
H4-122153-R2s,Dietrich:2016lyp,NoNusSet,H4,none,1.2495908346972175,1.527,1.222,1.683,1.318,0.16699999999999998,0.133,1025.80612581569,0.0066,0.21095023109728986,,,,https://arxiv.org/abs/1611.07367
MS1b-122153-R2s,Dietrich:2016lyp,NoNusSet,MS1b,none,1.2495908346972175,1.527,1.222,1.68,1.318,0.159,0.13,1427.09791140977,0.0048,0.18601075237738274,,,,https://arxiv.org/abs/1611.07367
SLy-122153-R2s,Dietrich:2016lyp,NoNusSet,SLy,none,1.2495908346972175,1.527,1.222,1.719,1.338,0.198,0.157,385.49663984645304,0.018000000000000002,0.194164878389476,,,0.2,https://arxiv.org/abs/1611.07367
ALF2-100150-R2s,Dietrich:2016lyp,NoNusSet,ALF2,none,1.5,1.5,1.0,1.672,1.073,0.17800000000000002,0.12300000000000001,1179.32905377555,0.021,0.16552945357246848,,,,https://arxiv.org/abs/1611.07367
H4-100150-R2s,Dietrich:2016lyp,NoNusSet,H4,none,1.5,1.5,1.0,1.649,1.063,0.16399999999999998,0.11,1909.13703089363,0.027000000000000003,0.1726267650163207,,,,https://arxiv.org/abs/1611.07367
MS1b-100150-R2s,Dietrich:2016lyp,NoNusSet,MS1b,none,1.5,1.5,1.0,1.6469999999999998,1.063,0.156,0.109,2450.56386315395,0.032,0.16278820596099708,,,,https://arxiv.org/abs/1611.07367
SLy-100150-R2b,Dietrich:2016lyp,NoNusSet,SLy,none,1.5,1.5,1.0,1.672,1.074,0.193,0.129,774.372730729184,0.018000000000000002,0.22472205054244232,,,,https://arxiv.org/abs/1611.07367
ALF2-110165-R2b,Dietrich:2016lyp,NoNusSet,ALF2,none,1.4999999999999998,1.65,1.1,1.8619999999999999,1.19,0.19699999999999998,0.134,698.931755694347,0.024,0.18384776310850237,,,0.2,https://arxiv.org/abs/1611.07367
H4-110165-R2s,Dietrich:2016lyp,NoNusSet,H4,none,1.4999999999999998,1.65,1.1,1.835,1.177,0.182,0.121,1099.36516243231,0.017,0.1746424919657298,,,0.26,https://arxiv.org/abs/1611.07367
MS1b-110165-R2s,Dietrich:2016lyp,NoNusSet,MS1b,none,1.4999999999999998,1.65,1.1,1.83,1.177,0.171,0.11800000000000001,1487.46165214883,0.026000000000000002,0.1746424919657298,,,,https://arxiv.org/abs/1611.07367
SLy-110165-R2b,Dietrich:2016lyp,NoNusSet,SLy,none,1.5027322404371586,1.65,1.0979999999999999,1.8780000000000001,1.19,0.215,0.142,429.846041268757,0.016,0.21954498400100148,,,0.14,https://arxiv.org/abs/1611.07367
ALF2-117175-R2b,Dietrich:2016lyp,NoNusSet,ALF2,none,1.4995715509854326,1.75,1.167,1.992,1.127,0.21,0.141,1726.2753113169001,0.025,0.19924858845171275,,,0.2,https://arxiv.org/abs/1611.07367
H4-117175-R2s,Dietrich:2016lyp,NoNusSet,H4,none,1.4995715509854326,1.75,1.167,1.9609999999999999,1.253,0.195,0.128,769.4606366170731,0.013999999999999999,0.18681541692269404,,,0.26,https://arxiv.org/abs/1611.07367
MS1b-117175-R2s,Dietrich:2016lyp,NoNusSet,MS1b,none,1.4995715509854326,1.75,1.167,1.954,1.253,0.18,0.125,1089.6701018676401,0.024,0.18681541692269404,,,,https://arxiv.org/abs/1611.07367
SLy-117175-R2b,Dietrich:2016lyp,NoNusSet,SLy,none,1.4995715509854326,1.75,1.167,2.012,1.272,0.23,0.15,294.472973944534,0.0065,0.27313000567495327,,,0.14,https://arxiv.org/abs/1611.07367
ALF2-100175-R2,Dietrich:2016lyp,NoNusSet,ALF2,none,1.75,1.75,1.0,1.992,1.074,0.21,0.12300000000000001,731.946718443106,0.036000000000000004,0.18248287590894657,,,0.26,https://arxiv.org/abs/1611.07367
H4-100175-R2,Dietrich:2016lyp,NoNusSet,H4,none,1.75,1.75,1.0,1.9609999999999999,1.063,0.195,0.11,1195.36678440443,0.04,0.17117242768623692,,,,https://arxiv.org/abs/1611.07367
MS1b-100175-R2,Dietrich:2016lyp,NoNusSet,MS1b,none,1.75,1.75,1.0,1.954,1.063,0.18,0.109,1583.98063695676,0.049,0.1726267650163207,,,,https://arxiv.org/abs/1611.07367
SLy-100175-R2b,Dietrich:2016lyp,NoNusSet,SLy,none,1.75,1.75,1.0,2.012,1.075,0.23,0.129,480.556405929933,0.024,0.19235384061671346,,,0.18,https://arxiv.org/abs/1611.07367
MS1b-094194-R2,Dietrich:2016lyp,NoNusSet,MS1b,none,2.059322033898305,1.944,0.9440000000000001,2.2,1.0,0.19899999999999998,0.10300000000000001,1325.9927321504902,0.068,0.18110770276274832,,,,https://arxiv.org/abs/1611.07367
MS1-135135-R2n,Dietrich:2015iva,NoNusSet,MS1,none,1.0,1.35,1.35,1.46,1.46,0.139,0.139,1765.0,0.0012,0.18,,,,https://arxiv.org/abs/1504.01266
MS1-125145-R2n,Dietrich:2015iva,NoNusSet,MS1,none,1.16,1.45,1.25,1.61,1.38,0.14800000000000002,0.129,1585.0,0.0032,0.15,,,,https://arxiv.org/abs/1504.01266
H4-135135-R2n,Dietrich:2015iva,NoNusSet,H4,none,1.0,1.35,1.35,1.47,1.47,0.147,0.147,1107.0,0.0006,0.3,,,0.085,https://arxiv.org/abs/1504.01266
H4-125145-R2n,Dietrich:2015iva,NoNusSet,H4,none,1.16,1.45,1.25,1.59,1.35,0.158,0.136,1124.0,0.004,0.23,,,,https://arxiv.org/abs/1504.01266
ALF2-135135-R2n,Dietrich:2015iva,NoNusSet,ALF2,none,1.0,1.35,1.35,1.49,1.49,0.161,0.161,728.0,0.002,0.15,,,0.21100000000000002,https://arxiv.org/abs/1504.01266
ALF2-125145-R2n,Dietrich:2015iva,NoNusSet,ALF2,none,1.16,1.45,1.25,1.64,1.37,0.172,0.15,700.0,0.0106,0.15,,,,https://arxiv.org/abs/1504.01266
SLy-135135-R2n,Dietrich:2015iva,NoNusSet,SLy,none,1.0,1.35,1.35,1.49,1.49,0.174,0.174,420.0,0.014199999999999999,0.26,,,0.096,https://arxiv.org/abs/1504.01266
SLy-125145-R2n2,Dietrich:2015iva,NoNusSet,SLy,none,1.16,1.45,1.25,1.62,1.37,0.187,0.161,424.0,0.0054,0.3,,,0.111,https://arxiv.org/abs/1504.01266
1,Sekiguchi:2015dma,M0/M1Set,SFHo,leakM1,1.0,1.35,1.35,1.4974913449110299,1.4974913449110299,0.167350683274021,0.167350683274021,422.557415572954,0.011000000000000001,,0.31,,,https://arxiv.org/abs/1502.06660
4,Sekiguchi:2015dma,M0/M1Set,DD2,leakM1,1.0,1.35,1.35,1.48459153680618,1.48459153680618,0.15093883418065301,0.15093883418065301,861.641856473293,0.0021,,0.29,,,https://arxiv.org/abs/1502.06660
7,Sekiguchi:2015dma,M0/M1Set,TM1,leakM1,1.0,1.35,1.35,1.47068180444379,1.47068180444379,0.13762562095350198,0.13762562095350198,1437.1620432313098,0.0012,,0.26,,,https://arxiv.org/abs/1502.06660
SFHo-135-135h,Sekiguchi:2016bjd,M0/M1Set,SFHo,leakM1,1.0,1.35,1.35,1.497491344911032,1.497491344911032,0.16735068327402136,0.16735068327402136,422.5574155729538,0.011,0.22,0.31,,0.05,https://arxiv.org/abs/1603.01918
SFHo-133-137h,Sekiguchi:2016bjd,M0/M1Set,SFHo,leakM1,1.0309278350515465,1.37,1.33,1.5223046676978105,1.4727813598191817,0.16995601575716565,0.16477906049026006,422.89882057301287,0.009000000000000001,0.21,0.3,,0.06,https://arxiv.org/abs/1603.01918
SFHo-130-140h,Sekiguchi:2016bjd,M0/M1Set,SFHo,leakM1,1.075268817204301,1.4,1.3,1.559699584778325,1.4358707011631102,0.17386100344827585,0.16088837576701162,424.377260799728,0.006,0.2,0.27,,0.09,https://arxiv.org/abs/1603.01918
SFHo-125-145h,Sekiguchi:2016bjd,M0/M1Set,SFHo,leakM1,1.162790697674419,1.45,1.25,1.622557950408035,1.3748469724170989,0.18052371887424146,0.1545005059043967,430.92444587368476,0.011,0.24,0.18,,0.12,https://arxiv.org/abs/1603.01918
DD2-135-135h,Sekiguchi:2016bjd,M0/M1Set,DD2,leakM1,1.0,1.35,1.35,1.4845915368061842,1.4845915368061842,0.15093883418065324,0.15093883418065324,861.6418564732926,0.002,0.16,0.3,,,https://arxiv.org/abs/1603.01918
DD2-130-140h,Sekiguchi:2016bjd,M0/M1Set,DD2,leakM1,1.075268817204301,1.4,1.3,1.545273109899488,1.4243801138341,0.15640276242177129,0.145533673757573,863.7231243433866,0.003,0.18,0.26,,,https://arxiv.org/abs/1603.01918
DD2-125-145h,Sekiguchi:2016bjd,M0/M1Set,DD2,leakM1,1.162790697674419,1.45,1.25,1.6064134974171174,1.3646209807881773,0.1618491196371838,0.1401170541871921,869.9696296229514,0.005,0.19,0.2,,,https://arxiv.org/abs/1603.01918
APR4_130160_1.8,Hotokezaka:2012ze,NoNusSet,APR4,none,1.2300123001230012,1.6,1.3,1.82286176764982,1.4398290624485153,0.21303502346722,0.17334310516612406,213.8479760344389,0.002,0.25298221281347033,,,,https://arxiv.org/abs/1212.0905
APR4_140150_1.8,Hotokezaka:2012ze,NoNusSet,APR4,none,1.0718113612004287,1.5,1.4,1.6924326480421956,1.5647987517807758,0.1996726028070803,0.18640834157378694,206.1382457369769,0.0006,0.37,,,,https://arxiv.org/abs/1212.0905
APR4_145145_1.8,Hotokezaka:2012ze,NoNusSet,APR4,none,1.0,1.45,1.45,1.628278956734094,1.628278956734094,0.19302734396611346,0.19302734396611346,205.1873239756224,0.0001,0.3178049716414141,,,,https://arxiv.org/abs/1212.0905
APR4_130150_1.8,Hotokezaka:2012ze,NoNusSet,APR4,none,1.1534025374855823,1.5,1.3,1.6924326480421956,1.4398290624485153,0.1996726028070803,0.17334310516612406,261.7327948674431,0.012,0.2594224354214569,,,,https://arxiv.org/abs/1212.0905
APR4_140140_1.8,Hotokezaka:2012ze,NoNusSet,APR4,none,1.0,1.5,1.3,1.6924326480421956,1.4398290624485153,0.1996726028070803,0.17334310516612406,261.7327948674431,0.013999999999999999,0.2662705391138869,,,,https://arxiv.org/abs/1212.0905
APR4_120150_1.6,Hotokezaka:2012ze,NoNusSet,APR4,none,1.25,1.5,1.2,1.6924326480421956,1.3173264889894647,0.1996726028070803,0.16059706233598295,335.98575669900816,0.009000000000000001,0.22360679774997896,,,,https://arxiv.org/abs/1212.0905
APR4_120150_1.8,Hotokezaka:2012ze,NoNusSet,APR4,none,1.25,1.5,1.2,1.6924326480421956,1.3173264889894647,0.1996726028070803,0.16059706233598295,335.98575669900816,0.008,0.2549509756796393,,,,https://arxiv.org/abs/1212.0905
APR4_120150_2.0,Hotokezaka:2012ze,NoNusSet,APR4,none,1.25,1.5,1.2,1.6924326480421956,1.3173264889894647,0.1996726028070803,0.16059706233598295,335.98575669900816,0.0075,0.2683281572999748,,,,https://arxiv.org/abs/1212.0905
APR4_125145_1.8,Hotokezaka:2012ze,NoNusSet,APR4,none,1.160092807424594,1.45,1.25,1.628278956734094,1.3782898597532591,0.19302734396611346,0.1670521329919305,328.3642424450534,0.006999999999999999,0.2459674775249769,,,,https://arxiv.org/abs/1212.0905
APR4_130140_1.8,Hotokezaka:2012ze,NoNusSet,APR4,none,1.0764262648008611,1.4,1.3,1.5647987517807758,1.4398290624485153,0.18640834157378694,0.17334310516612406,323.907887700536,0.008,0.22472205054244232,,,,https://arxiv.org/abs/1212.0905
APR4_135135_1.6,Hotokezaka:2012ze,NoNusSet,APR4,none,1.0,1.35,1.35,1.5020123800643088,1.5020123800643088,0.17995554983922832,0.17995554983922832,322.473228874598,0.011000000000000001,0.2302172886644268,,,,https://arxiv.org/abs/1212.0905
APR4_135135_1.8,Hotokezaka:2012ze,NoNusSet,APR4,none,1.0,1.35,1.35,1.5020123800643088,1.5020123800643088,0.17995554983922832,0.17995554983922832,322.473228874598,0.006999999999999999,0.22472205054244232,,,,https://arxiv.org/abs/1212.0905
APR4_135135_2.0,Hotokezaka:2012ze,NoNusSet,APR4,none,1.0,1.35,1.35,1.5020123800643088,1.5020123800643088,0.17995554983922832,0.17995554983922832,322.473228874598,0.005,0.2302172886644268,,,,https://arxiv.org/abs/1212.0905
APR4_120140_1.8,Hotokezaka:2012ze,NoNusSet,APR4,none,1.166861143523921,1.4,1.2,1.5647987517807758,1.3173264889894647,0.18640834157378694,0.16059706233598295,413.5013550170306,0.003,0.2418677324489565,,,,https://arxiv.org/abs/1212.0905
APR4_125135_1.8,Hotokezaka:2012ze,NoNusSet,APR4,none,1.0799136069114472,1.35,1.25,1.5020123800643088,1.3782898597532591,0.17995554983922832,0.1670521329919305,407.8357021516999,0.005,0.20591260281974,,,,https://arxiv.org/abs/1212.0905
APR4_130130_1.8,Hotokezaka:2012ze,NoNusSet,APR4,none,1.0,1.3,1.3,1.4398290624485153,1.4398290624485153,0.17334310516612406,0.17334310516612406,406.05280779037383,0.002,0.21470910553583888,,,,https://arxiv.org/abs/1212.0905
ALF2_140140_1.8,Hotokezaka:2012ze,NoNusSet,ALF2,none,1.0,1.4,1.4,1.5487500842318058,1.5487500842318058,0.1670355997304582,0.1670355997304582,591.4815600404315,0.0025,0.2469817807045694,,,,https://arxiv.org/abs/1212.0905
ALF2_120150_1.8,Hotokezaka:2012ze,NoNusSet,ALF2,none,1.25,1.5,1.2,1.6723435303841556,1.307658913633952,0.17855045277330145,0.14489302104332447,747.1429408065288,0.0055,0.2325940669922601,,,,https://arxiv.org/abs/1212.0905
ALF2_125145_1.8,Hotokezaka:2012ze,NoNusSet,ALF2,none,1.160092807424594,1.25,1.25,1.3672088278389656,1.3672088278389656,0.1503401996015487,0.1503401996015487,1134.084417246175,0.003,0.22360679774997896,,,,https://arxiv.org/abs/1212.0905
ALF2_130140_1.8,Hotokezaka:2012ze,NoNusSet,ALF2,none,1.0764262648008611,1.4,1.3,1.5487500842318058,1.4272267356404422,0.1670355997304582,0.15580909192511874,735.6578855752707,0.0015,0.19416487838947602,,,,https://arxiv.org/abs/1212.0905
ALF2_135135_1.8,Hotokezaka:2012ze,NoNusSet,ALF2,none,1.0,1.35,1.35,1.4877406950444727,1.4877406950444727,0.1613959085133418,0.1613959085133418,734.231220076239,0.0025,0.25059928172283336,,,,https://arxiv.org/abs/1212.0905
ALF2_130130_1.8,Hotokezaka:2012ze,NoNusSet,ALF2,none,1.0,1.3,1.3,1.4272267356404422,1.4272267356404422,0.15580909192511874,0.15580909192511874,911.8522119586482,0.002,0.21470910553583888,,,,https://arxiv.org/abs/1212.0905
H4_130150_1.8,Hotokezaka:2012ze,NoNusSet,H4,none,1.1534025374855823,1.5,1.3,1.6494374537510763,1.4094550848336893,0.16387270857605998,0.14174663106499846,901.486271907251,0.003,0.21470910553583888,,,,https://arxiv.org/abs/1212.0905
H4_140140_1.8,Hotokezaka:2012ze,NoNusSet,H4,none,1.0,1.4,1.4,1.5284847829105357,1.5284847829105357,0.15264366764179366,0.15264366764179366,889.016943051129,0.0003,0.21400934559032694,,,,https://arxiv.org/abs/1212.0905
H4_120150_1.6,Hotokezaka:2012ze,NoNusSet,H4,none,1.25,1.5,1.2,1.6494374537510763,1.2921936568898122,0.16387270857605998,0.13110965694448246,1145.663282595976,0.0045,0.21470910553583888,,,,https://arxiv.org/abs/1212.0905
H4_120150_1.8,Hotokezaka:2012ze,NoNusSet,H4,none,1.25,1.5,1.2,1.6494374537510763,1.2921936568898122,0.16387270857605998,0.13110965694448246,1145.663282595976,0.0035,0.22847319317591724,,,,https://arxiv.org/abs/1212.0905
H4_120150_2.0,Hotokezaka:2012ze,NoNusSet,H4,none,1.25,1.5,1.2,1.6494374537510763,1.2921936568898122,0.16387270857605998,0.13110965694448246,1145.663282595976,0.004,0.22847319317591724,,,,https://arxiv.org/abs/1212.0905
H4_125145_1.8,Hotokezaka:2012ze,NoNusSet,H4,none,1.160092807424594,1.25,1.25,1.3506102625672451,1.3506102625672451,0.1364320670490577,0.1364320670490577,1749.1393577256056,0.002,0.21470910553583888,,,,https://arxiv.org/abs/1212.0905
H4_130140_1.8,Hotokezaka:2012ze,NoNusSet,H4,none,1.0764262648008611,1.4,1.3,1.5284847829105357,1.4094550848336893,0.15264366764179366,0.14174663106499846,1115.821895511961,0.0007,0.20591260281974,,,,https://arxiv.org/abs/1212.0905
H4_135135_1.6,Hotokezaka:2012ze,NoNusSet,H4,none,1.0,1.35,1.35,1.468743177716992,1.468743177716992,0.1471765832448763,0.1471765832448763,1112.3305059198171,0.0007,0.23706539182259395,,,,https://arxiv.org/abs/1212.0905
H4_135135_1.8,Hotokezaka:2012ze,NoNusSet,H4,none,1.0,1.35,1.35,1.468743177716992,1.468743177716992,0.1471765832448763,0.1471765832448763,1112.3305059198171,0.0005,0.21954498400100148,,,,https://arxiv.org/abs/1212.0905
H4_135135_2.0,Hotokezaka:2012ze,NoNusSet,H4,none,1.0,1.35,1.35,1.468743177716992,1.468743177716992,0.1471765832448763,0.1471765832448763,1112.3305059198171,0.0004,0.22360679774997896,,,,https://arxiv.org/abs/1212.0905
H4_120140_1.8,Hotokezaka:2012ze,NoNusSet,H4,none,1.0,1.3,1.3,1.4094550848336893,1.4094550848336893,0.14174663106499846,0.14174663106499846,1393.329555386024,0.0025,0.21470910553583888,,,,https://arxiv.org/abs/1212.0905
H4_125135_1.8,Hotokezaka:2012ze,NoNusSet,H4,none,1.0,1.3,1.3,1.4094550848336893,1.4094550848336893,0.14174663106499846,0.14174663106499846,1393.329555386024,0.0006,0.20591260281974,,,,https://arxiv.org/abs/1212.0905
H4_130130_1.8,Hotokezaka:2012ze,NoNusSet,H4,none,1.0,1.3,1.3,1.4094550848336893,1.4094550848336893,0.14174663106499846,0.14174663106499846,1393.329555386024,0.0003,0.18867962264113208,,,,https://arxiv.org/abs/1212.0905
MS1_140140_1.8,Hotokezaka:2012ze,NoNusSet,MS1,none,1.0,1.4,1.4,1.5219875768031488,1.5219875768031488,0.14327933616180205,0.14327933616180205,1430.5023612772407,0.0006,0.15811388300841894,,,,https://arxiv.org/abs/1212.0905
MS1_120150_1.8,Hotokezaka:2012ze,NoNusSet,MS1,none,1.25,1.5,1.2,1.6411059692253709,1.2882496669804775,0.15273720378980613,0.12423842879793875,1777.285037978631,0.0035,0.21470910553583888,,,,https://arxiv.org/abs/1212.0905
MS1_125145_1.8,Hotokezaka:2012ze,NoNusSet,MS1,none,1.160092807424594,1.25,1.25,1.3461421089570311,1.3461421089570311,0.12897457321016936,0.12897457321016936,2635.364042023914,0.0015,0.21954498400100148,,,,https://arxiv.org/abs/1212.0905
MS1_130140_1.8,Hotokezaka:2012ze,NoNusSet,MS1,none,1.0764262648008611,1.4,1.3,1.5219875768031488,1.4043928363272118,0.14327933616180205,0.13375160667779634,1751.690619279644,0.0006,0.19235384061671346,,,,https://arxiv.org/abs/1212.0905
MS1_135135_1.8,Hotokezaka:2012ze,NoNusSet,MS1,none,1.0,1.35,1.35,1.4630054039083558,1.4630054039083558,0.13852521900269546,0.13852521900269546,1748.21234865229,0.0015,0.161245154965971,,,,https://arxiv.org/abs/1212.0905
MS1_130130_1.8,Hotokezaka:2012ze,NoNusSet,MS1,none,1.0,1.3,1.3,1.4043928363272118,1.4043928363272118,0.13375160667779634,0.13375160667779634,2143.2950860767955,0.0015,0.16999999999999998,,,,https://arxiv.org/abs/1212.0905
NL3_1.35_1.35,Bauswein:2013yna,NoNusSet,NL3,none,1.0,1.35,1.35,1.4699479183542956,1.4699479183542956,0.13517091533706113,0.13517091533706113,1691.1609469032355,0.00209,0.18,,,,https://arxiv.org/abs/1302.6530
NL3_1.35_1.35,Bauswein:2013yna,NoNusSet,NL3,none,1.0,1.35,1.35,1.4699479183542956,1.4699479183542956,0.13517091533706113,0.13517091533706113,1691.1609469032355,0.00157,0.34,,,,https://arxiv.org/abs/1302.6530
NL3_1.35_1.35,Bauswein:2013yna,NoNusSet,NL3,none,1.0,1.35,1.35,1.4699479183542956,1.4699479183542956,0.13517091533706113,0.13517091533706113,1691.1609469032355,0.0016,0.32,,,,https://arxiv.org/abs/1302.6530
NL3_1.35_1.35,Bauswein:2013yna,NoNusSet,NL3,none,1.0,1.35,1.35,1.4699479183542956,1.4699479183542956,0.13517091533706113,0.13517091533706113,1691.1609469032355,0.00186,0.3,,,,https://arxiv.org/abs/1302.6530
GS1_1.35_1.35,Bauswein:2013yna,NoNusSet,GS1,none,1.0,1.35,1.35,,,,,,0.0021899999999999997,0.32,,,,https://arxiv.org/abs/1302.6530
Shen_1.35_1.35,Bauswein:2013yna,NoNusSet,Shen,none,1.0,1.35,1.35,,,,,,0.00233,0.23,,,,https://arxiv.org/abs/1302.6530
TM1_1.35_1.35,Bauswein:2013yna,NoNusSet,TM1,none,1.0,1.35,1.35,1.4706818044437906,1.4706818044437906,0.13762562095350206,0.13762562095350206,1437.1620432313125,0.0016699999999999998,0.16,,,,https://arxiv.org/abs/1302.6530
TM1_1.35_1.35,Bauswein:2013yna,NoNusSet,TM1,none,1.0,1.35,1.35,1.4706818044437906,1.4706818044437906,0.13762562095350206,0.13762562095350206,1437.1620432313125,0.00137,0.36,,,,https://arxiv.org/abs/1302.6530
TM1_1.35_1.35,Bauswein:2013yna,NoNusSet,TM1,none,1.0,1.35,1.35,1.4706818044437906,1.4706818044437906,0.13762562095350206,0.13762562095350206,1437.1620432313125,0.00133,0.34,,,,https://arxiv.org/abs/1302.6530
TM1_1.35_1.35,Bauswein:2013yna,NoNusSet,TM1,none,1.0,1.35,1.35,1.4706818044437906,1.4706818044437906,0.13762562095350206,0.13762562095350206,1437.1620432313125,0.00153,0.32,,,,https://arxiv.org/abs/1302.6530
TMA_1.35_1.35,Bauswein:2013yna,NoNusSet,TMA,none,1.0,1.35,1.35,1.4788913185870418,1.4788913185870418,0.13922514192994892,0.13922514192994892,1205.1438719086866,0.00205,0.18,,,,https://arxiv.org/abs/1302.6530
LS375_1.35_1.35,Bauswein:2013yna,NoNusSet,LS375,none,1.0,1.35,1.35,,,,,,0.0025800000000000003,0.3,,,,https://arxiv.org/abs/1302.6530
GS2_1.35_1.35,Bauswein:2013yna,NoNusSet,GS2,none,1.0,1.35,1.35,,,,,,0.00274,0.19,,,,https://arxiv.org/abs/1302.6530
DD2_1.35_1.35,Bauswein:2013yna,NoNusSet,DD2,none,1.0,1.35,1.35,1.4845915368061842,1.4845915368061842,0.15093883418065324,0.15093883418065324,861.6418564732926,0.00307,0.22,,,,https://arxiv.org/abs/1302.6530
DD2_1.35_1.35,Bauswein:2013yna,NoNusSet,DD2,none,1.0,1.35,1.35,1.4845915368061842,1.4845915368061842,0.15093883418065324,0.15093883418065324,861.6418564732926,0.00257,0.34,,,,https://arxiv.org/abs/1302.6530
DD2_1.35_1.35,Bauswein:2013yna,NoNusSet,DD2,none,1.0,1.35,1.35,1.4845915368061842,1.4845915368061842,0.15093883418065324,0.15093883418065324,861.6418564732926,0.0022600000000000003,0.32,,,,https://arxiv.org/abs/1302.6530
DD2_1.35_1.35,Bauswein:2013yna,NoNusSet,DD2,none,1.0,1.35,1.35,1.4845915368061842,1.4845915368061842,0.15093883418065324,0.15093883418065324,861.6418564732926,0.0027199999999999998,0.3,,,,https://arxiv.org/abs/1302.6530
LS220_1.35_1.35,Bauswein:2013yna,NoNusSet,LS220,none,1.0,1.35,1.35,1.5023837556681507,1.5023837556681507,0.1568102072777522,0.1568102072777522,684.511840370541,0.00199,0.28,,,,https://arxiv.org/abs/1302.6530
LS180_1.35_1.35_x,Bauswein:2013yna,NoNusSet,LS180,none,1.0,1.35,1.35,,,,,,0.0022600000000000003,0.29,,,,https://arxiv.org/abs/1302.6530
SFHX_1.35_1.35,Bauswein:2013yna,NoNusSet,SFHX,none,1.0,1.35,1.35,,,,,,0.0061600000000000005,0.22,,,,https://arxiv.org/abs/1302.6530
SFHO_1.35_1.35,Bauswein:2013yna,NoNusSet,SFHO,none,1.0,1.35,1.35,1.497491344911032,1.497491344911032,0.16735068327402136,0.16735068327402136,422.5574155729538,0.00483,0.23,,,,https://arxiv.org/abs/1302.6530
SFHO_1.35_1.35,Bauswein:2013yna,NoNusSet,SFHO,none,1.0,1.35,1.35,1.497491344911032,1.497491344911032,0.16735068327402136,0.16735068327402136,422.5574155729538,0.00296,0.32,,,,https://arxiv.org/abs/1302.6530
SFHO_1.35_1.35,Bauswein:2013yna,NoNusSet,SFHO,none,1.0,1.35,1.35,1.497491344911032,1.497491344911032,0.16735068327402136,0.16735068327402136,422.5574155729538,0.0032600000000000003,0.34,,,,https://arxiv.org/abs/1302.6530
SFHO_1.35_1.35,Bauswein:2013yna,NoNusSet,SFHO,none,1.0,1.35,1.35,1.497491344911032,1.497491344911032,0.16735068327402136,0.16735068327402136,422.5574155729538,0.0038200000000000005,0.3,,,,https://arxiv.org/abs/1302.6530
eosL_1.35_1.35,Bauswein:2013yna,NoNusSet,eosL,none,1.0,1.35,1.35,,,,,,0.00149,0.22,,,,https://arxiv.org/abs/1302.6530
eosL_1.35_1.35,Bauswein:2013yna,NoNusSet,eosL,none,1.0,1.35,1.35,,,,,,0.0034500000000000004,0.2,,,,https://arxiv.org/abs/1302.6530
MS1_1.35_1.35,Bauswein:2013yna,NoNusSet,MS1,none,1.0,1.35,1.35,1.4630054039083558,1.4630054039083558,0.13852521900269546,0.13852521900269546,1748.21234865229,0.00117,0.27,,,,https://arxiv.org/abs/1302.6530
MS1_1.35_1.35,Bauswein:2013yna,NoNusSet,MS1,none,1.0,1.35,1.35,1.4630054039083558,1.4630054039083558,0.13852521900269546,0.13852521900269546,1748.21234865229,0.00238,0.21,,,,https://arxiv.org/abs/1302.6530
MS1b_1.35_1.35,Bauswein:2013yna,NoNusSet,MS1b,none,1.0,1.35,1.35,,,,,,0.0016699999999999998,0.25,,,,https://arxiv.org/abs/1302.6530
MS1b_1.35_1.35,Bauswein:2013yna,NoNusSet,MS1b,none,1.0,1.35,1.35,,,,,,0.00364,0.21,,,,https://arxiv.org/abs/1302.6530
Glenh3_1.35_1.35_x,Bauswein:2013yna,NoNusSet,Glenh3,none,1.0,1.35,1.35,,,,,,0.00108,0.23,,,,https://arxiv.org/abs/1302.6530
Glenh3_1.35_1.35_x,Bauswein:2013yna,NoNusSet,Glenh3,none,1.0,1.35,1.35,,,,,,0.00169,0.22,,,,https://arxiv.org/abs/1302.6530
MS2_1.35_1.35_x,Bauswein:2013yna,NoNusSet,MS2,none,1.0,1.35,1.35,,,,,,0.0008100000000000001,0.26,,,,https://arxiv.org/abs/1302.6530
H3_1.35_1.35_x,Bauswein:2013yna,NoNusSet,H3,none,1.0,1.35,1.35,1.4710898190696906,1.4710898190696906,0.15192722562489658,0.15192722562489658,856.376848319814,0.0014299999999999998,0.27,,,,https://arxiv.org/abs/1302.6530
H4_1.35_1.35,Bauswein:2013yna,NoNusSet,H4,none,1.0,1.35,1.35,1.468743177716992,1.468743177716992,0.1471765832448763,0.1471765832448763,1112.3305059198171,0.00128,0.27,,,,https://arxiv.org/abs/1302.6530
H4_1.35_1.35,Bauswein:2013yna,NoNusSet,H4,none,1.0,1.35,1.35,1.468743177716992,1.468743177716992,0.1471765832448763,0.1471765832448763,1112.3305059198171,0.00193,0.27,,,,https://arxiv.org/abs/1302.6530
Heb6_1.35_1.35,Bauswein:2013yna,NoNusSet,Heb6,none,1.0,1.35,1.35,,,,,,0.00155,0.45,,,,https://arxiv.org/abs/1302.6530
Heb6_1.35_1.35,Bauswein:2013yna,NoNusSet,Heb6,none,1.0,1.35,1.35,,,,,,0.0034300000000000003,0.24,,,,https://arxiv.org/abs/1302.6530
eosO_1.35_1.35,Bauswein:2013yna,NoNusSet,eosO,none,1.0,1.35,1.35,,,,,,0.00352,0.28,,,,https://arxiv.org/abs/1302.6530
eosO_1.35_1.35,Bauswein:2013yna,NoNusSet,eosO,none,1.0,1.35,1.35,,,,,,0.00462,0.25,,,,https://arxiv.org/abs/1302.6530
ALF2_1.35_1.35,Bauswein:2013yna,NoNusSet,ALF2,none,1.0,1.35,1.35,1.4877406950444727,1.4877406950444727,0.1613959085133418,0.1613959085133418,734.231220076239,0.0038,0.28,,,,https://arxiv.org/abs/1302.6530
ALF2_1.35_1.35,Bauswein:2013yna,NoNusSet,ALF2,none,1.0,1.35,1.35,1.4877406950444727,1.4877406950444727,0.1613959085133418,0.1613959085133418,734.231220076239,0.00449,0.27,,,,https://arxiv.org/abs/1302.6530
BSk21_1.35_1.35,Bauswein:2013yna,NoNusSet,BSk21,none,1.0,1.35,1.35,,,,,,0.00336,0.32,,,,https://arxiv.org/abs/1302.6530
BSk21_1.35_1.35,Bauswein:2013yna,NoNusSet,BSk21,none,1.0,1.35,1.35,,,,,,0.004370000000000001,0.27,,,,https://arxiv.org/abs/1302.6530
Heb4_1.35_1.35,Bauswein:2013yna,NoNusSet,Heb4,none,1.0,1.35,1.35,,,,,,0.0018899999999999998,0.43,,,,https://arxiv.org/abs/1302.6530
Heb4_1.35_1.35,Bauswein:2013yna,NoNusSet,Heb4,none,1.0,1.35,1.35,,,,,,0.00241,0.39,,,,https://arxiv.org/abs/1302.6530
MPA1_1.35_1.35,Bauswein:2013yna,NoNusSet,MPA1,none,1.0,1.35,1.35,1.4895179441084943,1.4895179441084943,0.16485909698150447,0.16485909698150447,610.746990418237,0.00364,0.3,,,,https://arxiv.org/abs/1302.6530
MPA1_1.35_1.35,Bauswein:2013yna,NoNusSet,MPA1,none,1.0,1.35,1.35,1.4895179441084943,1.4895179441084943,0.16485909698150447,0.16485909698150447,610.746990418237,0.0044800000000000005,0.29,,,,https://arxiv.org/abs/1302.6530
Heb5_1.35_1.35,Bauswein:2013yna,NoNusSet,Heb5,none,1.0,1.35,1.35,,,,,,0.00263,0.43,,,,https://arxiv.org/abs/1302.6530
Heb5_1.35_1.35,Bauswein:2013yna,NoNusSet,Heb5,none,1.0,1.35,1.35,,,,,,0.0029,0.38,,,,https://arxiv.org/abs/1302.6530
eosC_1.35_1.35_x,Bauswein:2013yna,NoNusSet,eosC,none,1.0,1.35,1.35,,,,,,0.00309,0.27,,,,https://arxiv.org/abs/1302.6530
ENG_1.35_1.35,Bauswein:2013yna,NoNusSet,ENG,none,1.0,1.35,1.35,1.4946218742656596,1.4946218742656596,0.17065601091020066,0.17065601091020066,479.673247596704,0.0052899999999999996,0.29,,,,https://arxiv.org/abs/1302.6530
ENG_1.35_1.35,Bauswein:2013yna,NoNusSet,ENG,none,1.0,1.35,1.35,1.4946218742656596,1.4946218742656596,0.17065601091020066,0.17065601091020066,479.673247596704,0.00632,0.26,,,,https://arxiv.org/abs/1302.6530
APR3_1.35_1.35,Bauswein:2013yna,NoNusSet,APR3,none,1.0,1.35,1.35,,,,,,0.0046500000000000005,0.3,,,,https://arxiv.org/abs/1302.6530
APR3_1.35_1.35,Bauswein:2013yna,NoNusSet,APR3,none,1.0,1.35,1.35,,,,,,0.00615,0.27,,,,https://arxiv.org/abs/1302.6530
Heb3_1.35_1.35,Bauswein:2013yna,NoNusSet,Heb3,none,1.0,1.35,1.35,,,,,,0.00299,0.41,,,,https://arxiv.org/abs/1302.6530
Heb3_1.35_1.35,Bauswein:2013yna,NoNusSet,Heb3,none,1.0,1.35,1.35,,,,,,0.0037,0.37,,,,https://arxiv.org/abs/1302.6530
BurgioNN_1.35_1.35,Bauswein:2013yna,NoNusSet,BurgioNN,none,1.0,1.35,1.35,,,,,,0.0024700000000000004,0.39,,,,https://arxiv.org/abs/1302.6530
BurgioNN_1.35_1.35,Bauswein:2013yna,NoNusSet,BurgioNN,none,1.0,1.35,1.35,,,,,,0.00244,0.37,,,,https://arxiv.org/abs/1302.6530
SLy4_1.35_1.35,Bauswein:2013yna,NoNusSet,SLy4,none,1.0,1.35,1.35,,,,,,0.0039900000000000005,0.29,,,,https://arxiv.org/abs/1302.6530
SLy4_1.35_1.35,Bauswein:2013yna,NoNusSet,SLy4,none,1.0,1.35,1.35,,,,,,0.0064,0.27,,,,https://arxiv.org/abs/1302.6530
BSk20_1.35_1.35,Bauswein:2013yna,NoNusSet,BSk20,none,1.0,1.35,1.35,,,,,,0.00468,0.31,,,,https://arxiv.org/abs/1302.6530
BSk20_1.35_1.35,Bauswein:2013yna,NoNusSet,BSk20,none,1.0,1.35,1.35,,,,,,0.00783,0.26,,,,https://arxiv.org/abs/1302.6530
ALF4_1.35_1.35_x,Bauswein:2013yna,NoNusSet,ALF4,none,1.0,1.35,1.35,,,,,,0.0057,0.3,,,,https://arxiv.org/abs/1302.6530
ALF4_1.35_1.35_x,Bauswein:2013yna,NoNusSet,ALF4,none,1.0,1.35,1.35,,,,,,0.0074,0.29,,,,https://arxiv.org/abs/1302.6530
Heb2_1.35_1.35,Bauswein:2013yna,NoNusSet,Heb2,none,1.0,1.35,1.35,,,,,,0.00495,0.34,,,,https://arxiv.org/abs/1302.6530
Heb2_1.35_1.35,Bauswein:2013yna,NoNusSet,Heb2,none,1.0,1.35,1.35,,,,,,0.0050100000000000006,0.37,,,,https://arxiv.org/abs/1302.6530
APR_1.35_1.35,Bauswein:2013yna,NoNusSet,APR,none,1.0,1.35,1.35,,,,,,0.00596,0.31,,,,https://arxiv.org/abs/1302.6530
APR_1.35_1.35,Bauswein:2013yna,NoNusSet,APR,none,1.0,1.35,1.35,,,,,,0.007379999999999999,0.3,,,,https://arxiv.org/abs/1302.6530
BB2_1.35_1.35_x,Bauswein:2013yna,NoNusSet,BB2,none,1.0,1.35,1.35,,,,,,0.00495,0.28,,,,https://arxiv.org/abs/1302.6530
eosUU_1.35_1.35,Bauswein:2013yna,NoNusSet,eosUU,none,1.0,1.35,1.35,,,,,,0.007019999999999999,0.32,,,,https://arxiv.org/abs/1302.6530
eosUU_1.35_1.35,Bauswein:2013yna,NoNusSet,eosUU,none,1.0,1.35,1.35,,,,,,0.00942,0.31,,,,https://arxiv.org/abs/1302.6530
Heb1_1.35_1.35,Bauswein:2013yna,NoNusSet,Heb1,none,1.0,1.35,1.35,,,,,,0.006849999999999999,0.31,,,,https://arxiv.org/abs/1302.6530
Heb1_1.35_1.35,Bauswein:2013yna,NoNusSet,Heb1,none,1.0,1.35,1.35,,,,,,0.010879999999999999,0.32,,,,https://arxiv.org/abs/1302.6530
eosAU_1.35_1.35,Bauswein:2013yna,NoNusSet,eosAU,none,1.0,1.35,1.35,,,,,,0.00405,0.36,,,,https://arxiv.org/abs/1302.6530
eosAU_1.35_1.35,Bauswein:2013yna,NoNusSet,eosAU,none,1.0,1.35,1.35,,,,,,0.00151,0.29,,,,https://arxiv.org/abs/1302.6530
NL3_1.2_1.5,Bauswein:2013yna,NoNusSet,NL3,none,1.25,1.5,1.2,1.6490548963253515,1.2943256864794253,0.14982573993533668,0.12054209666884387,1732.6585575497568,0.00795,0.19,,,,https://arxiv.org/abs/1302.6530
GS1_1.2_1.5,Bauswein:2013yna,NoNusSet,GS1,none,1.25,1.5,1.2,,,,,,0.00643,0.22,,,,https://arxiv.org/abs/1302.6530
Shen_1.2_1.5,Bauswein:2013yna,NoNusSet,Shen,none,1.25,1.5,1.2,,,,,,0.00566,0.3,,,,https://arxiv.org/abs/1302.6530
TM1_1.2_1.5,Bauswein:2013yna,NoNusSet,TM1,none,1.25,1.5,1.2,1.6506378466205638,1.2945953709057445,0.15363227753131525,0.12204084348438092,1488.1401887450754,0.00866,0.17,,,,https://arxiv.org/abs/1302.6530
TMA_1.2_1.5,Bauswein:2013yna,NoNusSet,TMA,none,1.25,1.5,1.2,1.6604971319947184,1.3013479554174807,0.1560459276965806,0.12297997213592544,1246.643640148619,0.010209999999999999,0.2,,,,https://arxiv.org/abs/1302.6530
LS375_1.2_1.5,Bauswein:2013yna,NoNusSet,LS375,none,1.25,1.5,1.2,,,,,,0.006659999999999999,0.27,,,,https://arxiv.org/abs/1302.6530
GS2_1.2_1.5,Bauswein:2013yna,NoNusSet,GS2,none,1.25,1.5,1.2,,,,,,0.01069,0.18,,,,https://arxiv.org/abs/1302.6530
DD2_1.2_1.5,Bauswein:2013yna,NoNusSet,DD2,none,1.25,1.5,1.2,1.6681899227495909,1.3053174013104192,0.1672953533929246,0.1347788080478281,884.696999549822,0.008790000000000001,0.2,,,,https://arxiv.org/abs/1302.6530
LS220_1.2_1.5,Bauswein:2013yna,NoNusSet,LS220,none,1.25,1.5,1.2,1.689386358391032,1.3203316559529197,0.17576910649521926,0.13859290855590764,720.6279642561165,0.013219999999999999,0.18,,,,https://arxiv.org/abs/1302.6530
LS180_1.2_1.5_x,Bauswein:2013yna,NoNusSet,LS180,none,1.25,1.5,1.2,,,,,,0.018580000000000003,0.2,,,,https://arxiv.org/abs/1302.6530
SFHX_1.2_1.5,Bauswein:2013yna,NoNusSet,SFHX,none,1.25,1.5,1.2,,,,,,0.014669999999999999,0.19,,,,https://arxiv.org/abs/1302.6530
SFHO_1.2_1.5,Bauswein:2013yna,NoNusSet,SFHO,none,1.25,1.5,1.2,1.6860505081738548,1.314401087566887,0.18722665569380129,0.1481355184135977,442.43272791458907,0.01339,0.22,,,,https://arxiv.org/abs/1302.6530
NL3_1.2_1.2,Bauswein:2013yna,NoNusSet,NL3,none,1.0,1.2,1.2,1.2943256864794253,1.2943256864794253,0.12054209666884387,0.12054209666884387,3196.452619203136,0.00215,0.17,,,,https://arxiv.org/abs/1302.6530
NL3_1.2_1.35,Bauswein:2013yna,NoNusSet,NL3,none,1.1250000000000002,1.35,1.2,1.4699479183542956,1.2943256864794253,0.13517091533706113,0.12054209666884387,2326.3872077293813,0.00425,0.21,,,,https://arxiv.org/abs/1302.6530
NL3_1.2_1.6,Bauswein:2013yna,NoNusSet,NL3,none,1.3333333333333337,1.6,1.2,1.7706005930095867,1.2943256864794253,0.15955951106843058,0.12054209666884387,1446.7987908522782,0.00996,0.19,,,,https://arxiv.org/abs/1302.6530
NL3_1.2_1.8,Bauswein:2013yna,NoNusSet,NL3,none,1.5,1.8,1.2,2.018978514919499,1.2943256864794253,0.17927984847942754,0.12054209666884387,1034.0036353812743,0.01568,0.15,,,,https://arxiv.org/abs/1302.6530
NL3_1.35_1.5,Bauswein:2013yna,NoNusSet,NL3,none,1.111111111111111,1.5,1.35,1.6490548963253515,1.4699479183542956,0.14982573993533668,0.13517091533706113,1256.0769892420876,0.0027199999999999998,0.24,,,,https://arxiv.org/abs/1302.6530
NL3_1.35_1.8,Bauswein:2013yna,NoNusSet,NL3,none,1.3333333333333333,1.8,1.35,2.018978514919499,1.4699479183542956,0.17927984847942754,0.13517091533706113,745.4221749889338,0.01881,0.21,,,,https://arxiv.org/abs/1302.6530
NL3_1.5_1.5,Bauswein:2013yna,NoNusSet,NL3,none,1.0,1.5,1.5,1.6490548963253515,1.6490548963253515,0.14982573993533668,0.14982573993533668,928.5319655347856,0.0017,0.2,,,,https://arxiv.org/abs/1302.6530
NL3_1.5_1.8,Bauswein:2013yna,NoNusSet,NL3,none,1.2,1.8,1.5,2.018978514919499,1.6490548963253515,0.17927984847942754,0.14982573993533668,545.3231673698858,0.0081,0.21,,,,https://arxiv.org/abs/1302.6530
NL3_1.6_1.6,Bauswein:2013yna,NoNusSet,NL3,none,1.0,1.6,1.6,1.7706005930095867,1.7706005930095867,0.15955951106843058,0.15955951106843058,639.8912493484772,0.00374,0.22,,,,https://arxiv.org/abs/1302.6530
NL3_1.8_1.8,Bauswein:2013yna,NoNusSet,NL3,none,1.0,1.8,1.8,2.018978514919499,2.018978514919499,0.17927984847942754,0.17927984847942754,311.8228911681575,0.00908,0.24,,,,https://arxiv.org/abs/1302.6530
NL3_1.35_2.0,Bauswein:2013yna,NoNusSet,NL3,none,1.4814814814814814,2.0,1.35,2.2751917583863444,1.4699479183542956,0.1993891358805168,0.13517091533706113,548.6174455036645,0.01285,0.2,,,,https://arxiv.org/abs/1302.6530
NL3_2.0_2.0,Bauswein:2013yna,NoNusSet,NL3,none,1.0,2.0,2.0,2.2751917583863444,2.2751917583863444,0.1993891358805168,0.1993891358805168,156.843587897586,0.0019100000000000002,0.29,,,,https://arxiv.org/abs/1302.6530
DD2_1.2_1.2,Bauswein:2013yna,NoNusSet,DD2,none,1.0,1.2,1.2,1.3053174013104192,1.3053174013104192,0.1347788080478281,0.1347788080478281,1630.6572700919946,0.00309,0.17,,,,https://arxiv.org/abs/1302.6530
DD2_1.2_1.35,Bauswein:2013yna,NoNusSet,DD2,none,1.1250000000000002,1.35,1.2,1.4845915368061842,1.3053174013104192,0.15093883418065324,0.1347788080478281,1186.141859738672,0.00317,0.2,,,,https://arxiv.org/abs/1302.6530
DD2_1.2_1.6,Bauswein:2013yna,NoNusSet,DD2,none,1.3333333333333337,1.6,1.2,1.7929109761846904,1.3053174013104192,0.17831142729850144,0.1347788080478281,731.9377620422281,0.0109,0.2,,,,https://arxiv.org/abs/1302.6530
DD2_1.2_1.8,Bauswein:2013yna,NoNusSet,DD2,none,1.5,1.8,1.2,2.049267478988201,1.3053174013104192,0.20078535978664944,0.1347788080478281,518.4796878207015,0.017079999999999998,0.17,,,,https://arxiv.org/abs/1302.6530
DD2_1.35_1.5,Bauswein:2013yna,NoNusSet,DD2,none,1.111111111111111,1.5,1.35,1.6681899227495909,1.4845915368061842,0.1672953533929246,0.15093883418065324,640.9907220750678,0.0035700000000000003,0.25,,,,https://arxiv.org/abs/1302.6530
DD2_1.35_1.8,Bauswein:2013yna,NoNusSet,DD2,none,1.3333333333333333,1.8,1.35,2.049267478988201,1.4845915368061842,0.20078535978664944,0.15093883418065324,372.0956034003998,0.01485,0.21,,,,https://arxiv.org/abs/1302.6530
DD2_1.5_1.5,Bauswein:2013yna,NoNusSet,DD2,none,1.0,1.5,1.5,1.6681899227495909,1.6681899227495909,0.1672953533929246,0.1672953533929246,474.8285494951529,0.005379999999999999,0.26,,,,https://arxiv.org/abs/1302.6530
DD2_1.5_1.8,Bauswein:2013yna,NoNusSet,DD2,none,1.2,1.8,1.5,2.049267478988201,1.6681899227495909,0.20078535978664944,0.1672953533929246,271.7742616001668,0.01884,0.25,,,,https://arxiv.org/abs/1302.6530
DD2_1.6_1.6,Bauswein:2013yna,NoNusSet,DD2,none,1.0,1.6,1.6,1.7929109761846904,1.7929109761846904,0.17831142729850144,0.17831142729850144,318.2488442527337,0.0078,0.27,,,,https://arxiv.org/abs/1302.6530
DD2_1.8_1.8,Bauswein:2013yna,NoNusSet,DD2,none,1.0,1.8,1.8,2.049267478988201,2.049267478988201,0.20078535978664944,0.20078535978664944,148.6112081121707,0.00137,0.26,,,,https://arxiv.org/abs/1302.6530
DD2_1.35_2.0,Bauswein:2013yna,NoNusSet,DD2,none,1.4814814814814814,2.0,1.35,2.315586068159338,1.4845915368061842,0.2244766792554626,0.15093883418065324,269.681086897053,0.006409999999999999,0.31,,,,https://arxiv.org/abs/1302.6530
DD2_2.0_2.0,Bauswein:2013yna,NoNusSet,DD2,none,1.0,2.0,2.0,2.315586068159338,2.315586068159338,0.2244766792554626,0.2244766792554626,68.32993596439175,0.00025,0.25,,,,https://arxiv.org/abs/1302.6530
SFHO_1.2_1.2,Bauswein:2013yna,NoNusSet,SFHO,none,1.0,1.2,1.2,1.314401087566887,1.314401087566887,0.1481355184135977,0.1481355184135977,872.0148034875673,0.0018800000000000002,0.21,,,,https://arxiv.org/abs/1302.6530
SFHO_1.2_1.35,Bauswein:2013yna,NoNusSet,SFHO,none,1.1250000000000002,1.35,1.2,1.497491344911032,1.314401087566887,0.16735068327402136,0.1481355184135977,611.483067158414,0.0054399999999999995,0.22,,,,https://arxiv.org/abs/1302.6530
SFHO_1.2_1.6,Bauswein:2013yna,NoNusSet,SFHO,none,1.3333333333333337,1.6,1.2,1.815150752726589,1.314401087566887,0.20096044189544945,0.1481355184135977,362.31263407241346,0.016909999999999998,0.21,,,,https://arxiv.org/abs/1302.6530
SFHO_1.2_1.8,Bauswein:2013yna,NoNusSet,SFHO,none,1.5,1.8,1.2,2.0830387956331884,1.314401087566887,0.23083374963609896,0.1481355184135977,251.35615986573268,0.0057799999999999995,0.34,,,,https://arxiv.org/abs/1302.6530
SFHO_1.35_1.5,Bauswein:2013yna,NoNusSet,SFHO,none,1.111111111111111,1.5,1.35,1.6860505081738548,1.497491344911032,0.18722665569380129,0.16735068327402136,300.6455665166872,0.01873,0.23,,,,https://arxiv.org/abs/1302.6530
SFHO_1.35_1.8,Bauswein:2013yna,NoNusSet,SFHO,none,1.3333333333333333,1.8,1.35,2.0830387956331884,1.497491344911032,0.23083374963609896,0.16735068327402136,164.86728076915668,0.01176,0.31,,,,https://arxiv.org/abs/1302.6530
SFHO_1.5_1.5,Bauswein:2013yna,NoNusSet,SFHO,none,1.0,1.5,1.5,1.6860505081738548,1.6860505081738548,0.18722665569380129,0.18722665569380129,209.49864775986168,0.0041,0.27,,,,https://arxiv.org/abs/1302.6530
SFHO_1.5_1.8,Bauswein:2013yna,NoNusSet,SFHO,none,1.2,1.8,1.5,2.0830387956331884,1.6860505081738548,0.23083374963609896,0.18722665569380129,109.33611421835519,0.00634,0.42,,,,https://arxiv.org/abs/1302.6530
SFHO_1.6_1.6,Bauswein:2013yna,NoNusSet,SFHO,none,1.0,1.6,1.6,1.815150752726589,1.815150752726589,0.20096044189544945,0.20096044189544945,131.38036669800675,0.0011300000000000001,0.21,,,,https://arxiv.org/abs/1302.6530
SFHO_1.8_1.8,Bauswein:2013yna,NoNusSet,SFHO,none,1.0,1.8,1.8,2.0830387956331884,2.0830387956331884,0.23083374963609896,0.23083374963609896,49.39368959243083,0.00016999999999999999,0.29,,,,https://arxiv.org/abs/1302.6530
