bibkey,arxiv,sim,EOS,nus,MA,MB,M,q,CA,CB,MbA,MbB,LamA,LamB,tLam,Mej1e-2,Vej,Yeej,disc_data,Mdisk1e-2
Radice:2018pdn,https://arxiv.org/abs/1809.11161,BHBlpM125125LK,BHBlp,leak,1.25,1.25,2.5,1.0,0.1401977630592352,0.1401977630592352,1.3646419002749315,1.3646419002749315,1314.6891934516366,1314.6891934516366,1314.6891934516366,0.13,0.18,0.13,0,
Radice:2018pdn,https://arxiv.org/abs/1809.11161,BHBlpM1365125LK,BHBlp,leak,1.365,1.25,2.615,1.092,0.15265498856811877,0.1401977630592352,1.502755630948389,1.3646419002749315,807.1913499710394,1314.6891934516366,1031.1262530492254,0.06,0.21,0.14,1,18.73
Radice:2018pdn,https://arxiv.org/abs/1809.11161,BHBlpM130130LK,BHBlp,leak,1.3,1.3,2.6,1.0,0.14560319571258437,0.14560319571258437,1.4243925768161971,1.4243925768161971,1061.0594874950375,1061.0594874950375,1061.0594874950375,0.07,0.12,0.16,0,
Radice:2018pdn,https://arxiv.org/abs/1809.11161,BHBlpM135135LKHR,BHBlp,leak,1.35,1.35,2.7,1.0,0.1509950794134683,0.1509950794134683,1.484569337011859,1.484569337011859,857.167144867847,857.167144867847,857.1671448678471,0.05,0.18,0.16,1,14.26
Radice:2018pdn,https://arxiv.org/abs/1809.11161,BHBlpM140120LK,BHBlp,leak,1.4,1.2,2.6,1.16666666666667,0.15647018704514767,0.13478088657043497,1.5452811276056244,1.3053206759563623,698.099274860869,1633.8467444142725,1070.6424277399506,0.11,0.16,0.11,1,20.74
Radice:2018pdn,https://arxiv.org/abs/1809.11161,BHBlpM140140LKHR,BHBlp,leak,1.4,1.4,2.8,1.0,0.15647018704514767,0.15647018704514767,1.5452811276056244,1.5452811276056244,698.099274860869,698.099274860869,698.099274860869,0.1,0.2,0.14,1,5.38
Radice:2018pdn,https://arxiv.org/abs/1809.11161,BHBlpM144139LK,BHBlp,leak,1.44,1.39,2.83,1.03597122302158,0.16087232236562188,0.1553966532749366,1.5941601831300523,1.5331050812395033,591.2749067047229,727.1238410017457,655.9529299109287,0.06,0.2,0.18,1,8.28
Radice:2018pdn,https://arxiv.org/abs/1809.11161,BHBlpM150150LK,BHBlp,leak,1.5,1.5,3.0,1.0,0.16755870927396663,0.16755870927396663,1.6681647067100245,1.6681647067100245,464.43985479332116,464.43985479332116,464.43985479332116,0.05,0.23,0.17,1,1.93
Radice:2018pdn,https://arxiv.org/abs/1809.11161,BHBlpM160160LK,BHBlp,leak,1.6,1.6,3.2,1.0,0.17893475841874087,0.17893475841874087,1.793059007320644,1.793059007320644,306.5562143275465,306.5562143275465,306.5562143275465,0.0,0.0,0.0,1,0.09
Radice:2018pdn,https://arxiv.org/abs/1809.11161,DD2M120120LK,DD2,leak,1.2,1.2,2.4,1.0,0.1347788080478281,0.1347788080478281,1.3053174013104192,1.3053174013104192,1630.6572700919944,1630.6572700919944,1630.6572700919944,0.08,0.14,0.15,0,
Radice:2018pdn,https://arxiv.org/abs/1809.11161,DD2M125125LK,DD2,leak,1.25,1.25,2.5,1.0,0.14011705418719214,0.14011705418719214,1.3646209807881773,1.3646209807881773,1312.376156650246,1312.376156650246,1312.376156650246,0.04,0.15,0.18,0,
Radice:2018pdn,https://arxiv.org/abs/1809.11161,DD2M1365125LK,DD2,leak,1.365,1.25,2.615,1.092,0.15255802771780763,0.14011705418719214,1.5027348615502472,1.3646209807881773,809.3134213454979,1312.376156650246,1031.3376526091172,0.04,0.2,0.15,1,20.83
Radice:2018pdn,https://arxiv.org/abs/1809.11161,DD2M130130LK,DD2,leak,1.3,1.3,2.6,1.0,0.145533673757573,0.145533673757573,1.4243801138341001,1.4243801138341001,1061.2632855965016,1061.2632855965016,1061.2632855965016,0.12,0.18,0.13,0,
Radice:2018pdn,https://arxiv.org/abs/1809.11161,DD2M135135LKHR,DD2,leak,1.35,1.35,2.7,1.0,0.15093883418065324,0.15093883418065324,1.4845915368061842,1.4845915368061842,861.6418564732919,861.6418564732919,861.6418564732919,0.02,0.19,0.18,1,15.05
Radice:2018pdn,https://arxiv.org/abs/1809.11161,DD2M140120LK,DD2,leak,1.4,1.2,2.6,1.16666666666667,0.15640276242177129,0.1347788080478281,1.5452731098994879,1.3053174013104192,701.8308388796706,1630.6572700919944,1071.7554746297587,0.09,0.18,0.12,1,19.26
Radice:2018pdn,https://arxiv.org/abs/1809.11161,DD2M140140LKHR,DD2,leak,1.4,1.4,2.8,1.0,0.15640276242177129,0.15640276242177129,1.5452731098994879,1.5452731098994879,701.8308388796706,701.8308388796706,701.8308388796708,0.09,0.18,0.14,1,16.85
Radice:2018pdn,https://arxiv.org/abs/1809.11161,DD2M144139LK,DD2,leak,1.44,1.39,2.83,1.03597122302158,0.16076988698372663,0.1552957076142613,1.5941582649576795,1.5330931364498386,597.0629287657946,730.6620782121189,660.682539634088,0.05,0.2,0.17,1,14.4
Radice:2018pdn,https://arxiv.org/abs/1809.11161,DD2M150150LK,DD2,leak,1.5,1.5,3.0,1.0,0.1672953533929246,0.1672953533929246,1.6681899227495909,1.6681899227495909,474.82854949515297,474.82854949515297,474.82854949515297,0.07,0.17,0.2,1,16.7
Radice:2018pdn,https://arxiv.org/abs/1809.11161,DD2M160160LK,DD2,leak,1.6,1.6,3.2,1.0,0.17831142729850144,0.17831142729850144,1.7929109761846904,1.7929109761846904,318.24884425273376,318.24884425273376,318.24884425273376,0.12,0.24,0.14,1,1.96
Radice:2018pdn,https://arxiv.org/abs/1809.11161,LS220M120120LK,LS220,leak,1.2,1.2,2.4,1.0,0.13859290855590764,0.13859290855590764,1.3203316559529197,1.3203316559529197,1441.4009860796743,1441.4009860796743,1441.4009860796743,0.14,0.15,0.12,1,17.43
Radice:2018pdn,https://arxiv.org/abs/1809.11161,LS220M1365125LK,LS220,leak,1.365,1.25,2.615,1.092,0.1586690631853786,0.14463868390457146,1.520852542454308,1.3805114961168208,635.7865201879894,1120.976586941357,849.1917481652059,0.11,0.16,0.1,1,16.86
Radice:2018pdn,https://arxiv.org/abs/1809.11161,LS220M135135LK,LS220,leak,1.35,1.35,2.7,1.0,0.15681020727775222,0.15681020727775222,1.502383755668151,1.502383755668151,684.5118403705407,684.5118403705407,684.5118403705407,0.06,0.16,0.11,1,7.25
Radice:2018pdn,https://arxiv.org/abs/1809.11161,LS220M140120LK,LS220,leak,1.4,1.2,2.6,1.16666666666667,0.16296822613994993,0.13859290855590764,1.5641709173649654,1.3203316559529197,540.1813905611783,1441.4009860796743,896.9439710469974,0.19,0.15,0.09,1,22.82
Radice:2018pdn,https://arxiv.org/abs/1809.11161,LS220M140140LKHR,LS220,leak,1.4,1.4,2.8,1.0,0.16296822613994993,0.16296822613994993,1.5641709173649654,1.5641709173649654,540.1813905611783,540.1813905611783,540.1813905611783,0.07,0.17,0.15,1,2.68
Radice:2018pdn,https://arxiv.org/abs/1809.11161,LS220M144139LK,LS220,leak,1.44,1.39,2.83,1.03597122302158,0.16804139093902576,0.1617004059201219,1.61392840774384,1.5517355780099393,441.7729260815261,564.9848693582908,500.35731777658674,0.19,0.16,0.14,1,3.91
Radice:2018pdn,https://arxiv.org/abs/1809.11161,LS220M145145LK,LS220,leak,1.45,1.45,2.9,1.0,0.16931878392188032,0.16931878392188032,1.6264457235153855,1.6264457235153855,421.0621846258658,421.0621846258658,421.0621846258659,0.16,0.21,0.14,1,2.05
Radice:2018pdn,https://arxiv.org/abs/1809.11161,LS220M145145LK,LS220,leak,1.5,1.5,3.0,1.0,0.17576910649521924,0.17576910649521924,1.689386358391032,1.689386358391032,330.80390283547644,330.80390283547644,330.8039028354765,0.03,0.19,0.08,1,0.16
Radice:2018pdn,https://arxiv.org/abs/1809.11161,LS220M160160LK,LS220,leak,1.6,1.6,3.2,1.0,0.18915658474032912,0.18915658474032912,1.8171867268647148,1.8171867268647148,202.43211748236797,202.43211748236797,202.432117482368,0.03,0.21,0.07,1,0.07
Radice:2018pdn,https://arxiv.org/abs/1809.11161,LS220M171171LK,LS220,leak,1.71,1.71,3.42,1.0,0.20501689527829067,0.20501689527829067,1.9611985127934581,1.9611985127934581,116.17930791347932,116.17930791347932,116.17930791347933,0.03,0.22,0.08,1,0.06
Radice:2018pdn,https://arxiv.org/abs/1809.11161,SFHoM1365125LK,SFHo,leak,1.365,1.25,2.615,1.092,0.16933007926917687,0.15450050590439673,1.5160878374981874,1.3748469724170989,393.421141427812,680.8540226153643,519.9298529965168,0.15,0.23,0.14,1,8.81
Radice:2018pdn,https://arxiv.org/abs/1809.11161,SFHoM135135LKHR,SFHo,leak,1.35,1.35,2.7,1.0,0.16735068327402136,0.16735068327402136,1.497491344911032,1.497491344911032,422.55741557295374,422.55741557295374,422.5574155729538,0.23,0.21,0.17,1,1.78
Radice:2018pdn,https://arxiv.org/abs/1809.11161,SFHoM140120LK,SFHo,leak,1.4,1.2,2.6,1.16666666666667,0.17386100344827585,0.1481355184135977,1.559699584778325,1.314401087566887,334.01689129556667,872.0148034875673,547.1699306198905,0.12,0.2,0.14,1,11.73
Radice:2018pdn,https://arxiv.org/abs/1809.11161,SFHoM140140LK,SFHo,leak,1.4,1.4,2.8,1.0,0.17386100344827585,0.17386100344827585,1.559699584778325,1.559699584778325,334.01689129556667,334.01689129556667,334.0168912955667,0.04,0.35,0.19,1,0.01
Radice:2018pdn,https://arxiv.org/abs/1809.11161,SFHoM144139LK,SFHo,leak,1.44,1.39,2.83,1.03597122302158,0.17922165325680317,0.17251617586206894,1.6099401208425153,1.547207466551724,277.1107212115001,350.0830489310347,311.8199795398555,0.04,0.33,0.18,1,0.09
Radice:2018pdn,https://arxiv.org/abs/1809.11161,SFHoM146146LK,SFHo,leak,1.46,1.46,2.92,1.0,0.18180536775476042,0.18180536775476042,1.6351882077840552,1.6351882077840552,252.44268547290227,252.44268547290227,252.4426854729023,0.0,0.0,0.0,1,0.02
Radice:2018pdn,https://arxiv.org/abs/1809.11161,BHBlpM135135M0,BHBlp,leakM0,1.35,1.35,2.7,1.0,0.1509950794134683,0.1509950794134683,1.484569337011859,1.484569337011859,857.167144867847,857.167144867847,857.1671448678471,0.14,0.14,0.26,1,12.75
Radice:2018pdn,https://arxiv.org/abs/1809.11161,BHBlpM140120M0,BHBlp,leakM0,1.4,1.2,2.6,1.16666666666667,0.15647018704514767,0.13478088657043497,1.5452811276056244,1.3053206759563623,698.099274860869,1633.8467444142725,1070.6424277399506,0.16,0.17,0.19,1,22.56
Radice:2018pdn,https://arxiv.org/abs/1809.11161,DD2M135135M0,DD2,leakM0,1.35,1.35,2.7,1.0,0.15093883418065324,0.15093883418065324,1.4845915368061842,1.4845915368061842,861.6418564732919,861.6418564732919,861.6418564732919,0.14,0.17,0.23,1,16.16
Radice:2018pdn,https://arxiv.org/abs/1809.11161,DD2M140120M0,DD2,leakM0,1.4,1.2,2.6,1.16666666666667,0.15640276242177129,0.1347788080478281,1.5452731098994879,1.3053174013104192,701.8308388796706,1630.6572700919944,1071.7554746297587,0.16,0.16,0.21,1,19.48
Radice:2018pdn,https://arxiv.org/abs/1809.11161,LS220M135135M0,LS220,leakM0,1.35,1.35,2.7,1.0,0.15681020727775222,0.15681020727775222,1.502383755668151,1.502383755668151,684.5118403705407,684.5118403705407,684.5118403705407,0.19,0.15,0.25,1,9.06
Radice:2018pdn,https://arxiv.org/abs/1809.11161,LS220M135135M0L05,LS220,leakM0,1.35,1.35,2.7,1.0,0.15681020727775222,0.15681020727775222,1.502383755668151,1.502383755668151,684.5118403705407,684.5118403705407,684.5118403705407,0.27,0.13,0.27,1,14.07
Radice:2018pdn,https://arxiv.org/abs/1809.11161,LS220M135135M0L25,LS220,leakM0,1.35,1.35,2.7,1.0,0.15681020727775222,0.15681020727775222,1.502383755668151,1.502383755668151,684.5118403705407,684.5118403705407,684.5118403705407,0.2,0.14,0.26,1,4.65
Radice:2018pdn,https://arxiv.org/abs/1809.11161,LS220M135135M0L50,LS220,leakM0,1.35,1.35,2.7,1.0,0.15681020727775222,0.15681020727775222,1.502383755668151,1.502383755668151,684.5118403705407,684.5118403705407,684.5118403705407,0.2,0.16,0.26,1,8.59
Radice:2018pdn,https://arxiv.org/abs/1809.11161,LS220M135135M0LTE,LS220,leakM0,1.35,1.35,2.7,1.0,0.15681020727775222,0.15681020727775222,1.502383755668151,1.502383755668151,684.5118403705407,684.5118403705407,684.5118403705407,0.11,0.13,0.2,1,14.24
Radice:2018pdn,https://arxiv.org/abs/1809.11161,LS220M140120M0,LS220,leakM0,1.4,1.2,2.6,1.16666666666667,0.16296822613994993,0.13859290855590764,1.5641709173649654,1.3203316559529197,540.1813905611783,1441.4009860796743,896.9439710469974,0.24,0.15,0.18,1,23.38
Radice:2018pdn,https://arxiv.org/abs/1809.11161,LS220M140120M0L05,LS220,leakM0,1.4,1.2,2.6,1.16666666666667,0.16296822613994993,0.13859290855590764,1.5641709173649654,1.3203316559529197,540.1813905611783,1441.4009860796743,896.9439710469974,0.28,0.15,0.18,1,20.33
Radice:2018pdn,https://arxiv.org/abs/1809.11161,LS220M140120M0L25,LS220,leakM0,1.4,1.2,2.6,1.16666666666667,0.16296822613994993,0.13859290855590764,1.5641709173649654,1.3203316559529197,540.1813905611783,1441.4009860796743,896.9439710469974,0.41,0.2,0.16,1,12.07
Radice:2018pdn,https://arxiv.org/abs/1809.11161,LS220M140120M0L50,LS220,leakM0,1.4,1.2,2.6,1.16666666666667,0.16296822613994993,0.13859290855590764,1.5641709173649654,1.3203316559529197,540.1813905611783,1441.4009860796743,896.9439710469974,0.7,0.22,0.18,1,13.97
Radice:2018pdn,https://arxiv.org/abs/1809.11161,SFHoM135135M0,SFHo,leakM0,1.35,1.35,2.7,1.0,0.16735068327402136,0.16735068327402136,1.497491344911032,1.497491344911032,422.55741557295374,422.55741557295374,422.5574155729538,0.42,0.22,0.22,1,1.23
Radice:2018pdn,https://arxiv.org/abs/1809.11161,SFHoM140120M0,SFHo,leakM0,1.4,1.2,2.6,1.16666666666667,0.17386100344827585,0.1481355184135977,1.559699584778325,1.314401087566887,334.01689129556667,872.0148034875673,547.1699306198905,0.3,0.16,0.22,1,15.65
Vincent:2019kor,https://arxiv.org/abs/1908.00655,D144144,DD2,M1,1.44,1.44,2.88,1.0,0.16076988698372663,0.16076988698372663,1.5941582649576795,1.5941582649576795,597.0629287657946,597.0629287657946,597.0629287657946,0.36,0.267,0.21600000000000003,1,10.0
Vincent:2019kor,https://arxiv.org/abs/1908.00655,D12132,DD2,M1,1.32,1.2,2.52,1.0989010989011,0.14769738714526487,0.1347788080478281,1.4484087204026783,1.3053174013104192,976.120890479661,1630.6572700919944,1262.3440051563946,0.46,0.273,0.21,1,12.0
Vincent:2019kor,https://arxiv.org/abs/1908.00655,D12144,DD2,M1,1.44,1.2,2.64,1.20481927710843,0.16076988698372663,0.1347788080478281,1.5941582649576795,1.3053174013104192,597.0629287657946,1630.6572700919944,987.8399283802146,0.335,0.204,0.16399999999999998,1,17.0
Vincent:2019kor,https://arxiv.org/abs/1908.00655,D12156,DD2,M1,1.56,1.2,2.76,1.2987012987013,0.17387722281967213,0.1347788080478281,1.7427212118557376,1.3053174013104192,371.6774842334426,1630.6572700919944,788.2283146342046,0.473,0.165,0.182,1,22.5
Vincent:2019kor,https://arxiv.org/abs/1908.00655,L144144,LS220,M1,1.44,1.44,2.88,1.0,0.16804139093902576,0.16804139093902576,1.61392840774384,1.61392840774384,441.7729260815261,441.7729260815261,441.7729260815261,0.012,0.258,0.217,1,3.0
Vincent:2019kor,https://arxiv.org/abs/1908.00655,L12132,LS220,M1,1.32,1.2,2.52,1.0989010989011,0.15307956504625073,0.13859290855590764,1.4655779010037395,1.3203316559529197,792.6651385160401,1441.4009860796743,1075.3386862968487,0.094,0.22399999999999998,0.205,1,12.0
Vincent:2019kor,https://arxiv.org/abs/1908.00655,L12144,LS220,M1,1.44,1.2,2.64,1.20481927710843,0.16804139093902576,0.13859290855590764,1.61392840774384,1.3203316559529197,441.7729260815261,1441.4009860796743,816.6701396911653,0.384,0.196,0.19399999999999998,1,15.0
Vincent:2019kor,https://arxiv.org/abs/1908.00655,L12156,LS220,M1,1.56,1.2,2.76,1.2987012987013,0.18378822623473182,0.13859290855590764,1.7657810164630907,1.3203316559529197,246.56467169410513,1441.4009860796743,637.2760231941247,0.23399999999999999,0.135,0.192,1,18.0
Vincent:2019kor,https://arxiv.org/abs/1908.00655,S144144,SFHo,M1,1.44,1.44,2.88,1.0,0.17922165325680317,0.17922165325680317,1.6099401208425153,1.6099401208425153,277.1107212115001,277.1107212115001,277.1107212115001,0.0,0.0,0.0,1,8.0
Vincent:2019kor,https://arxiv.org/abs/1908.00655,S12132,SFHo,M1,1.32,1.2,2.52,1.0989010989011,0.16351682159538422,0.1481355184135977,1.4604535384192694,1.314401087566887,486.49121284458244,872.0148034875673,654.5647833385183,1.574,0.23,0.22399999999999998,1,12.5
Vincent:2019kor,https://arxiv.org/abs/1908.00655,S12144,SFHo,M1,1.44,1.2,2.64,1.20481927710843,0.17922165325680317,0.1481355184135977,1.6099401208425153,1.314401087566887,277.1107212115001,872.0148034875673,500.53956924881237,0.8390000000000001,0.22,0.20600000000000002,1,15.0
Vincent:2019kor,https://arxiv.org/abs/1908.00655,S12156,SFHo,M1,1.56,1.2,2.76,1.2987012987013,0.19535058436902486,0.1481355184135977,1.763158337954111,1.314401087566887,158.5359801864244,872.0148034875673,392.3349787457832,1.8019999999999998,0.18100000000000002,0.204,1,17.5
Lehner:2016lxy,https://arxiv.org/abs/1603.00501,nan,NL3,leak,1.47,1.36,2.83,1.08088235294118,0.136,0.136,1.6129808079920274,1.4817577670006397,1047.9071995360314,1619.473919370972,1303.9377910014641,0.0015,0.45,,0,
Lehner:2016lxy,https://arxiv.org/abs/1603.00501,nan,NL3,leak,1.34,1.25,2.59,1.072,0.125,0.147,1.4581380697079516,1.3524325045470533,1762.8479744354984,2555.7301150580306,2122.6714334675708,0.23,0.25,,0,
Lehner:2016lxy,https://arxiv.org/abs/1603.00501,nan,DD2,leak,1.49,1.36,2.85,1.09558823529412,0.152,0.152,1.65581185400982,1.4966870866355597,493.4729659624827,826.7562330547623,639.7439665721284,0.043,0.3,,0,
Lehner:2016lxy,https://arxiv.org/abs/1603.00501,nan,DD2,leak,1.36,1.29,2.65,1.05426356589147,0.14400000000000002,0.16399999999999998,1.4966870866355597,1.412365810549811,826.7562330547623,1103.834483154922,955.5169837704226,0.042,0.3,,0,
Lehner:2016lxy,https://arxiv.org/abs/1603.00501,nan,DD2,leak,1.27,1.18,2.45,1.07627118644068,0.132,0.172,1.3884888715181372,1.281758557673456,1207.551257411554,1792.2247332534585,1471.3218175153863,0.13,0.3,,0,
Lehner:2016lxy,https://arxiv.org/abs/1603.00501,nan,SFHo,leak,1.5,1.36,2.86,1.10294117647059,0.16899999999999998,0.16899999999999998,1.6860505081738548,1.5098842274733097,209.49864775986165,402.90991853855274,293.2015008061265,0.34,0.25,,0,
Lehner:2016lxy,https://arxiv.org/abs/1603.00501,nan,SFHo,leak,1.37,1.25,2.62,1.0959999999999999,0.154,0.183,1.5223046676978105,1.3748469724170989,384.55009884479665,680.8540226153643,514.2338015297921,0.22,0.25,,0,
Sekiguchi:2016bjd,https://arxiv.org/abs/1603.01918,SFHo-135-135h(high),SFHo,leakM1,1.35,1.35,2.7,1.0,0.16735068327402136,0.16735068327402136,1.497491344911032,1.497491344911032,422.55741557295374,422.55741557295374,422.5574155729538,1.1,0.22,0.31,1,5.0
Sekiguchi:2016bjd,https://arxiv.org/abs/1603.01918,SFHo-135-135l(low),SFHo,leakM1,1.35,1.35,2.7,1.0,0.16735068327402136,0.16735068327402136,1.497491344911032,1.497491344911032,422.55741557295374,422.55741557295374,422.5574155729538,1.3,0.21,0.32,1,3.0
Sekiguchi:2016bjd,https://arxiv.org/abs/1603.01918,SFHo-133-137h(high),SFHo,leakM1,1.37,1.33,2.7,1.03092783505155,0.16995601575716565,0.16477906049026006,1.5223046676978105,1.4727813598191817,384.55009884479665,464.4953220384004,422.86048071145007,0.9,0.21,0.3,1,6.0
Sekiguchi:2016bjd,https://arxiv.org/abs/1603.01918,SFHo-130-140h(high),SFHo,leakM1,1.4,1.3,2.7,1.0752688172043001,0.17386100344827585,0.16088837576701162,1.559699584778325,1.43587070116311,334.01689129556667,535.1008840598957,424.5565318126045,0.6,0.2,0.27,1,9.0
Sekiguchi:2016bjd,https://arxiv.org/abs/1603.01918,SFHo-130-140l(low),SFHo,leakM1,1.4,1.3,2.7,1.0752688172043001,0.17386100344827585,0.16088837576701162,1.559699584778325,1.43587070116311,334.01689129556667,535.1008840598957,424.5565318126045,0.6,0.21,0.27,1,8.0
Sekiguchi:2016bjd,https://arxiv.org/abs/1603.01918,SFHo-125-145h(high),SFHo,leakM1,1.45,1.25,2.7,1.1627906976744198,0.18052371887424148,0.15450050590439673,1.622557950408035,1.3748469724170989,264.5651483312409,680.8540226153643,430.363011303649,1.1,0.24,0.18,1,12.0
Sekiguchi:2016bjd,https://arxiv.org/abs/1603.01918,SFHo-125-145l(low),SFHo,leakM1,1.45,1.25,2.7,1.1627906976744198,0.18052371887424148,0.15450050590439673,1.622557950408035,1.3748469724170989,264.5651483312409,680.8540226153643,430.363011303649,1.2,0.23,0.19,1,11.0
Sekiguchi:2016bjd,https://arxiv.org/abs/1603.01918,DD2-135-135h(high),DD2,leakM1,1.35,1.35,2.7,1.0,0.15093883418065324,0.15093883418065324,1.4845915368061842,1.4845915368061842,861.6418564732919,861.6418564732919,861.6418564732919,0.2,0.16,0.3,0,
Sekiguchi:2016bjd,https://arxiv.org/abs/1603.01918,DD2-135-135l(low),DD2,leakM1,1.35,1.35,2.7,1.0,0.15093883418065324,0.15093883418065324,1.4845915368061842,1.4845915368061842,861.6418564732919,861.6418564732919,861.6418564732919,0.2,0.15,0.3,0,
Sekiguchi:2016bjd,https://arxiv.org/abs/1603.01918,DD2-130-140h(high),DD2,leakM1,1.4,1.3,2.7,1.0752688172043001,0.15640276242177129,0.145533673757573,1.5452731098994879,1.4243801138341001,701.8308388796706,1061.2632855965016,864.0281834234755,0.3,0.18,0.26,0,
Sekiguchi:2016bjd,https://arxiv.org/abs/1603.01918,DD2-125-145h(high),DD2,leakM1,1.45,1.25,2.7,1.1627906976744198,0.1618491196371838,0.14011705418719214,1.6064134974171174,1.3646209807881773,573.0393069095144,1312.376156650246,869.0201648487473,0.5,0.19,0.2,0,
Bauswein:2013yna,https://arxiv.org/abs/1302.6530,nan,ALF2,none,1.35,1.35,2.7,1.0,0.1613959085133418,0.1613959085133418,1.4877406950444727,1.4877406950444727,734.2312200762387,734.2312200762387,734.2312200762387,0.38,0.28,,0,
Bauswein:2013yna,https://arxiv.org/abs/1302.6530,nan,ALF2,none,1.35,1.35,2.7,1.0,0.1613959085133418,0.1613959085133418,1.4877406950444727,1.4877406950444727,734.2312200762387,734.2312200762387,734.2312200762387,0.449,0.27,,0,
Bauswein:2013yna,https://arxiv.org/abs/1302.6530,nan,APR,none,1.35,1.35,2.7,1.0,0.17995554983922832,0.17995554983922832,1.5020123800643088,1.5020123800643088,322.4732288745978,322.4732288745978,322.4732288745978,0.596,0.31,,0,
Bauswein:2013yna,https://arxiv.org/abs/1302.6530,nan,APR,none,1.35,1.35,2.7,1.0,0.17995554983922832,0.17995554983922832,1.5020123800643088,1.5020123800643088,322.4732288745978,322.4732288745978,322.4732288745978,0.738,0.3,,0,
Bauswein:2013yna,https://arxiv.org/abs/1302.6530,nan,DD2,none,1.8,1.2,3.0,1.5,0.20078535978664944,0.1347788080478281,2.049267478988201,1.3053174013104192,148.61120811217066,1630.6572700919944,518.4796878207011,1.7080000000000002,0.17,,0,
Bauswein:2013yna,https://arxiv.org/abs/1302.6530,nan,DD2,none,2.0,1.35,3.35,1.48148148148148,0.22447667925546264,0.15093883418065324,2.315586068159338,1.4845915368061842,68.3299359643917,861.6418564732919,269.68108689705315,0.6409999999999999,0.31,,0,
Bauswein:2013yna,https://arxiv.org/abs/1302.6530,nan,DD2,none,1.8,1.35,3.15,1.33333333333333,0.20078535978664944,0.15093883418065324,2.049267478988201,1.4845915368061842,148.61120811217066,861.6418564732919,372.0956034004005,1.485,0.21,,0,
Bauswein:2013yna,https://arxiv.org/abs/1302.6530,nan,DD2,none,1.6,1.2,2.8,1.33333333333333,0.17831142729850144,0.1347788080478281,1.7929109761846904,1.3053174013104192,318.24884425273376,1630.6572700919944,731.9377620422291,1.09,0.2,,0,
Bauswein:2013yna,https://arxiv.org/abs/1302.6530,nan,DD2,none,1.5,1.2,2.7,1.25,0.1672953533929246,0.1347788080478281,1.6681899227495909,1.3053174013104192,474.82854949515297,1630.6572700919944,884.6969995498217,0.879,0.2,,0,
Bauswein:2013yna,https://arxiv.org/abs/1302.6530,nan,DD2,none,1.8,1.5,3.3,1.2,0.20078535978664944,0.1672953533929246,2.049267478988201,1.6681899227495909,148.61120811217066,474.82854949515297,271.7742616001663,1.8840000000000001,0.25,,0,
Bauswein:2013yna,https://arxiv.org/abs/1302.6530,nan,DD2,none,1.35,1.2,2.55,1.125,0.15093883418065324,0.1347788080478281,1.4845915368061842,1.3053174013104192,861.6418564732919,1630.6572700919944,1186.1418597386707,0.317,0.2,,0,
Bauswein:2013yna,https://arxiv.org/abs/1302.6530,nan,DD2,none,1.5,1.35,2.85,1.11111111111111,0.1672953533929246,0.15093883418065324,1.6681899227495909,1.4845915368061842,474.82854949515297,861.6418564732919,640.9907220750681,0.35700000000000004,0.25,,0,
Bauswein:2013yna,https://arxiv.org/abs/1302.6530,nan,DD2,none,2.0,2.0,4.0,1.0,0.22447667925546264,0.22447667925546264,2.315586068159338,2.315586068159338,68.3299359643917,68.3299359643917,68.3299359643917,0.025,0.25,,0,
Bauswein:2013yna,https://arxiv.org/abs/1302.6530,nan,DD2,none,1.8,1.8,3.6,1.0,0.20078535978664944,0.20078535978664944,2.049267478988201,2.049267478988201,148.61120811217066,148.61120811217066,148.61120811217066,0.13699999999999998,0.26,,0,
Bauswein:2013yna,https://arxiv.org/abs/1302.6530,nan,DD2,none,1.6,1.6,3.2,1.0,0.17831142729850144,0.17831142729850144,1.7929109761846904,1.7929109761846904,318.24884425273376,318.24884425273376,318.24884425273376,0.78,0.27,,0,
Bauswein:2013yna,https://arxiv.org/abs/1302.6530,nan,DD2,none,1.5,1.5,3.0,1.0,0.1672953533929246,0.1672953533929246,1.6681899227495909,1.6681899227495909,474.82854949515297,474.82854949515297,474.82854949515297,0.5379999999999999,0.26,,0,
Bauswein:2013yna,https://arxiv.org/abs/1302.6530,nan,DD2,none,1.35,1.35,2.7,1.0,0.15093883418065324,0.15093883418065324,1.4845915368061842,1.4845915368061842,861.6418564732919,861.6418564732919,861.6418564732919,0.257,0.34,,0,
Bauswein:2013yna,https://arxiv.org/abs/1302.6530,nan,DD2,none,1.35,1.35,2.7,1.0,0.15093883418065324,0.15093883418065324,1.4845915368061842,1.4845915368061842,861.6418564732919,861.6418564732919,861.6418564732919,0.226,0.32,,0,
Bauswein:2013yna,https://arxiv.org/abs/1302.6530,nan,DD2,none,1.35,1.35,2.7,1.0,0.15093883418065324,0.15093883418065324,1.4845915368061842,1.4845915368061842,861.6418564732919,861.6418564732919,861.6418564732919,0.272,0.3,,0,
Bauswein:2013yna,https://arxiv.org/abs/1302.6530,nan,DD2,none,1.35,1.35,2.7,1.0,0.15093883418065324,0.15093883418065324,1.4845915368061842,1.4845915368061842,861.6418564732919,861.6418564732919,861.6418564732919,0.307,0.22,,0,
Bauswein:2013yna,https://arxiv.org/abs/1302.6530,nan,DD2,none,1.2,1.2,2.4,1.0,0.1347788080478281,0.1347788080478281,1.3053174013104192,1.3053174013104192,1630.6572700919944,1630.6572700919944,1630.6572700919944,0.309,0.17,,0,
Bauswein:2013yna,https://arxiv.org/abs/1302.6530,nan,ENG,none,1.35,1.35,2.7,1.0,0.17065601091020066,0.17065601091020066,1.4946218742656596,1.4946218742656596,479.673247596704,479.673247596704,479.673247596704,0.529,0.29,,0,
Bauswein:2013yna,https://arxiv.org/abs/1302.6530,nan,ENG,none,1.35,1.35,2.7,1.0,0.17065601091020066,0.17065601091020066,1.4946218742656596,1.4946218742656596,479.673247596704,479.673247596704,479.673247596704,0.632,0.26,,0,
Bauswein:2013yna,https://arxiv.org/abs/1302.6530,nan,H3,none,1.35,1.35,2.7,1.0,0.15192722562489655,0.15192722562489655,1.4710898190696906,1.4710898190696906,856.3768483198141,856.3768483198141,856.3768483198143,0.14300000000000002,0.27,,0,
Bauswein:2013yna,https://arxiv.org/abs/1302.6530,nan,H4,none,1.35,1.35,2.7,1.0,0.1471765832448763,0.1471765832448763,1.468743177716992,1.468743177716992,1112.330505919817,1112.330505919817,1112.330505919817,0.128,0.27,,0,
Bauswein:2013yna,https://arxiv.org/abs/1302.6530,nan,H4,none,1.35,1.35,2.7,1.0,0.1471765832448763,0.1471765832448763,1.468743177716992,1.468743177716992,1112.330505919817,1112.330505919817,1112.330505919817,0.193,0.27,,0,
Bauswein:2013yna,https://arxiv.org/abs/1302.6530,nan,MPA1,none,1.35,1.35,2.7,1.0,0.16485909698150444,0.16485909698150444,1.489517944108494,1.489517944108494,610.7469904182371,610.7469904182371,610.7469904182371,0.364,0.3,,0,
Bauswein:2013yna,https://arxiv.org/abs/1302.6530,nan,MPA1,none,1.35,1.35,2.7,1.0,0.16485909698150444,0.16485909698150444,1.489517944108494,1.489517944108494,610.7469904182371,610.7469904182371,610.7469904182371,0.44799999999999995,0.29,,0,
Bauswein:2013yna,https://arxiv.org/abs/1302.6530,nan,MS1,none,1.35,1.35,2.7,1.0,0.13852521900269543,0.13852521900269543,1.463005403908356,1.463005403908356,1748.2123486522903,1748.2123486522903,1748.2123486522903,0.11699999999999999,0.27,,0,
Bauswein:2013yna,https://arxiv.org/abs/1302.6530,nan,MS1,none,1.35,1.35,2.7,1.0,0.13852521900269543,0.13852521900269543,1.463005403908356,1.463005403908356,1748.2123486522903,1748.2123486522903,1748.2123486522903,0.23800000000000002,0.21,,0,
Bauswein:2013yna,https://arxiv.org/abs/1302.6530,nan,MS1b,none,1.35,1.35,2.7,1.0,0.14222911354165055,0.14222911354165055,1.4675663195711788,1.4675663195711788,1540.337151977567,1540.337151977567,1540.337151977567,0.16699999999999998,0.25,,0,
Bauswein:2013yna,https://arxiv.org/abs/1302.6530,nan,MS1b,none,1.35,1.35,2.7,1.0,0.14222911354165055,0.14222911354165055,1.4675663195711788,1.4675663195711788,1540.337151977567,1540.337151977567,1540.337151977567,0.364,0.21,,0,
Bauswein:2013yna,https://arxiv.org/abs/1302.6530,nan,NL3,none,1.8,1.2,3.0,1.5,0.17927984847942754,0.1205420966688439,2.018978514919499,1.2943256864794253,311.8228911681574,3196.452619203135,1034.0036353812734,1.568,0.15,,0,
Bauswein:2013yna,https://arxiv.org/abs/1302.6530,nan,NL3,none,2.0,1.35,3.35,1.48148148148148,0.1993891358805168,0.13517091533706113,2.2751917583863444,1.4699479183542956,156.84358789758588,1691.160946903235,548.6174455036651,1.285,0.2,,0,
Bauswein:2013yna,https://arxiv.org/abs/1302.6530,nan,NL3,none,1.8,1.35,3.15,1.33333333333333,0.17927984847942754,0.13517091533706113,2.018978514919499,1.4699479183542956,311.8228911681574,1691.160946903235,745.4221749889354,1.881,0.21,,0,
Bauswein:2013yna,https://arxiv.org/abs/1302.6530,nan,NL3,none,1.6,1.2,2.8,1.33333333333333,0.15955951106843058,0.1205420966688439,1.7706005930095867,1.2943256864794253,639.8912493484772,3196.452619203135,1446.7987908522803,0.996,0.19,,0,
Bauswein:2013yna,https://arxiv.org/abs/1302.6530,nan,NL3,none,1.5,1.2,2.7,1.25,0.14982573993533668,0.1205420966688439,1.6490548963253515,1.2943256864794253,928.5319655347855,3196.452619203135,1732.658557549756,0.795,0.19,,0,
Bauswein:2013yna,https://arxiv.org/abs/1302.6530,nan,NL3,none,1.8,1.5,3.3,1.2,0.17927984847942754,0.14982573993533668,2.018978514919499,1.6490548963253515,311.8228911681574,928.5319655347855,545.323167369885,0.81,0.21,,0,
Bauswein:2013yna,https://arxiv.org/abs/1302.6530,nan,NL3,none,1.5,1.35,2.85,1.11111111111111,0.14982573993533668,0.13517091533706113,1.6490548963253515,1.4699479183542956,928.5319655347855,1691.160946903235,1256.076989242088,0.272,0.24,,0,
Bauswein:2013yna,https://arxiv.org/abs/1302.6530,nan,NL3,none,1.35,1.2,2.55,1.125,0.13517091533706113,0.1205420966688439,1.4699479183542956,1.2943256864794253,1691.160946903235,3196.452619203135,2326.38720772938,0.425,0.21,,0,
Bauswein:2013yna,https://arxiv.org/abs/1302.6530,nan,NL3,none,2.0,2.0,4.0,1.0,0.1993891358805168,0.1993891358805168,2.2751917583863444,2.2751917583863444,156.84358789758588,156.84358789758588,156.8435878975859,0.191,0.29,,0,
Bauswein:2013yna,https://arxiv.org/abs/1302.6530,nan,NL3,none,1.8,1.8,3.6,1.0,0.17927984847942754,0.17927984847942754,2.018978514919499,2.018978514919499,311.8228911681574,311.8228911681574,311.8228911681574,0.9079999999999999,0.24,,0,
Bauswein:2013yna,https://arxiv.org/abs/1302.6530,nan,NL3,none,1.6,1.6,3.2,1.0,0.15955951106843058,0.15955951106843058,1.7706005930095867,1.7706005930095867,639.8912493484772,639.8912493484772,639.8912493484772,0.374,0.22,,0,
Bauswein:2013yna,https://arxiv.org/abs/1302.6530,nan,NL3,none,1.5,1.5,3.0,1.0,0.14982573993533668,0.14982573993533668,1.6490548963253515,1.6490548963253515,928.5319655347855,928.5319655347855,928.5319655347856,0.17,0.2,,0,
Bauswein:2013yna,https://arxiv.org/abs/1302.6530,nan,NL3,none,1.35,1.35,2.7,1.0,0.13517091533706113,0.13517091533706113,1.4699479183542956,1.4699479183542956,1691.160946903235,1691.160946903235,1691.1609469032353,0.157,0.34,,0,
Bauswein:2013yna,https://arxiv.org/abs/1302.6530,nan,NL3,none,1.35,1.35,2.7,1.0,0.13517091533706113,0.13517091533706113,1.4699479183542956,1.4699479183542956,1691.160946903235,1691.160946903235,1691.1609469032353,0.16,0.32,,0,
Bauswein:2013yna,https://arxiv.org/abs/1302.6530,nan,NL3,none,1.35,1.35,2.7,1.0,0.13517091533706113,0.13517091533706113,1.4699479183542956,1.4699479183542956,1691.160946903235,1691.160946903235,1691.1609469032353,0.18600000000000003,0.3,,0,
Bauswein:2013yna,https://arxiv.org/abs/1302.6530,nan,NL3,none,1.35,1.35,2.7,1.0,0.13517091533706113,0.13517091533706113,1.4699479183542956,1.4699479183542956,1691.160946903235,1691.160946903235,1691.1609469032353,0.209,0.18,,0,
Bauswein:2013yna,https://arxiv.org/abs/1302.6530,nan,NL3,none,1.2,1.2,2.4,1.0,0.1205420966688439,0.1205420966688439,1.2943256864794253,1.2943256864794253,3196.452619203135,3196.452619203135,3196.452619203135,0.215,0.17,,0,
Bauswein:2013yna,https://arxiv.org/abs/1302.6530,nan,SFHo,none,1.8,1.2,3.0,1.5,0.23083374963609898,0.1481355184135977,2.083038795633188,1.314401087566887,49.39368959243082,872.0148034875673,251.35615986573262,0.578,0.34,,0,
Bauswein:2013yna,https://arxiv.org/abs/1302.6530,nan,SFHo,none,1.8,1.35,3.15,1.33333333333333,0.23083374963609898,0.16735068327402136,2.083038795633188,1.497491344911032,49.39368959243082,422.55741557295374,164.86728076915713,1.176,0.31,,0,
Bauswein:2013yna,https://arxiv.org/abs/1302.6530,nan,SFHo,none,1.6,1.2,2.8,1.33333333333333,0.20096044189544943,0.1481355184135977,1.815150752726589,1.314401087566887,131.38036669800672,872.0148034875673,362.31263407241414,1.6909999999999998,0.21,,0,
Bauswein:2013yna,https://arxiv.org/abs/1302.6530,nan,SFHo,none,1.5,1.2,2.7,1.25,0.18722665569380126,0.1481355184135977,1.6860505081738548,1.314401087566887,209.49864775986165,872.0148034875673,442.4327279145889,1.339,0.22,,0,
Bauswein:2013yna,https://arxiv.org/abs/1302.6530,nan,SFHo,none,1.8,1.5,3.3,1.2,0.23083374963609898,0.18722665569380126,2.083038795633188,1.6860505081738548,49.39368959243082,209.49864775986165,109.33611421835495,0.634,0.42,,0,
Bauswein:2013yna,https://arxiv.org/abs/1302.6530,nan,SFHo,none,1.35,1.2,2.55,1.125,0.16735068327402136,0.1481355184135977,1.497491344911032,1.314401087566887,422.55741557295374,872.0148034875673,611.4830671584137,0.544,0.22,,0,
Bauswein:2013yna,https://arxiv.org/abs/1302.6530,nan,SFHo,none,1.5,1.35,2.85,1.11111111111111,0.18722665569380126,0.16735068327402136,1.6860505081738548,1.497491344911032,209.49864775986165,422.55741557295374,300.64556651668744,1.8730000000000002,0.23,,0,
Bauswein:2013yna,https://arxiv.org/abs/1302.6530,nan,SFHo,none,1.8,1.8,3.6,1.0,0.23083374963609898,0.23083374963609898,2.083038795633188,2.083038795633188,49.39368959243082,49.39368959243082,49.39368959243082,0.017,0.29,,0,
Bauswein:2013yna,https://arxiv.org/abs/1302.6530,nan,SFHo,none,1.6,1.6,3.2,1.0,0.20096044189544943,0.20096044189544943,1.815150752726589,1.815150752726589,131.38036669800672,131.38036669800672,131.38036669800672,0.113,0.21,,0,
Bauswein:2013yna,https://arxiv.org/abs/1302.6530,nan,SFHo,none,1.5,1.5,3.0,1.0,0.18722665569380126,0.18722665569380126,1.6860505081738548,1.6860505081738548,209.49864775986165,209.49864775986165,209.49864775986165,0.41,0.27,,0,
Bauswein:2013yna,https://arxiv.org/abs/1302.6530,nan,SFHo,none,1.35,1.35,2.7,1.0,0.16735068327402136,0.16735068327402136,1.497491344911032,1.497491344911032,422.55741557295374,422.55741557295374,422.5574155729538,0.29600000000000004,0.32,,0,
Bauswein:2013yna,https://arxiv.org/abs/1302.6530,nan,SFHo,none,1.35,1.35,2.7,1.0,0.16735068327402136,0.16735068327402136,1.497491344911032,1.497491344911032,422.55741557295374,422.55741557295374,422.5574155729538,0.326,0.34,,0,
Bauswein:2013yna,https://arxiv.org/abs/1302.6530,nan,SFHo,none,1.35,1.35,2.7,1.0,0.16735068327402136,0.16735068327402136,1.497491344911032,1.497491344911032,422.55741557295374,422.55741557295374,422.5574155729538,0.382,0.3,,0,
Bauswein:2013yna,https://arxiv.org/abs/1302.6530,nan,SFHo,none,1.35,1.35,2.7,1.0,0.16735068327402136,0.16735068327402136,1.497491344911032,1.497491344911032,422.55741557295374,422.55741557295374,422.5574155729538,0.483,0.23,,0,
Bauswein:2013yna,https://arxiv.org/abs/1302.6530,nan,SFHo,none,1.2,1.2,2.4,1.0,0.1481355184135977,0.1481355184135977,1.314401087566887,1.314401087566887,872.0148034875673,872.0148034875673,872.0148034875673,0.188,0.21,,0,
Bauswein:2013yna,https://arxiv.org/abs/1302.6530,nan,SLy4,none,1.35,1.35,2.7,1.0,0.16935894866680665,0.16935894866680665,1.5118136222968719,1.5118136222968719,386.7965931135837,386.7965931135837,386.7965931135837,0.39899999999999997,0.29,,0,
Bauswein:2013yna,https://arxiv.org/abs/1302.6530,nan,SLy4,none,1.35,1.35,2.7,1.0,0.16935894866680665,0.16935894866680665,1.5118136222968719,1.5118136222968719,386.7965931135837,386.7965931135837,386.7965931135837,0.64,0.27,,0,
Bauswein:2013yna,https://arxiv.org/abs/1302.6530,nan,TM1,none,1.5,1.2,2.7,1.25,0.15363227753131523,0.12204084348438092,1.6506378466205638,1.2945953709057443,747.5883496933717,2846.2587155541114,1488.140188745075,0.866,0.17,,0,
Bauswein:2013yna,https://arxiv.org/abs/1302.6530,nan,TM1,none,1.35,1.35,2.7,1.0,0.13762562095350206,0.13762562095350206,1.4706818044437906,1.4706818044437906,1437.1620432313118,1437.1620432313118,1437.162043231312,0.13699999999999998,0.36,,0,
Bauswein:2013yna,https://arxiv.org/abs/1302.6530,nan,TM1,none,1.35,1.35,2.7,1.0,0.13762562095350206,0.13762562095350206,1.4706818044437906,1.4706818044437906,1437.1620432313118,1437.1620432313118,1437.162043231312,0.133,0.34,,0,
Bauswein:2013yna,https://arxiv.org/abs/1302.6530,nan,TM1,none,1.35,1.35,2.7,1.0,0.13762562095350206,0.13762562095350206,1.4706818044437906,1.4706818044437906,1437.1620432313118,1437.1620432313118,1437.162043231312,0.153,0.32,,0,
Bauswein:2013yna,https://arxiv.org/abs/1302.6530,nan,TM1,none,1.35,1.35,2.7,1.0,0.13762562095350206,0.13762562095350206,1.4706818044437906,1.4706818044437906,1437.1620432313118,1437.1620432313118,1437.162043231312,0.16699999999999998,0.16,,0,
Bauswein:2013yna,https://arxiv.org/abs/1302.6530,nan,TMA,none,1.5,1.2,2.7,1.25,0.1560459276965806,0.12297997213592544,1.6604971319947184,1.3013479554174807,613.325345380868,2410.5352437626107,1246.6436401486185,1.021,0.2,,0,
Bauswein:2013yna,https://arxiv.org/abs/1302.6530,nan,TMA,none,1.35,1.35,2.7,1.0,0.13922514192994892,0.13922514192994892,1.4788913185870418,1.4788913185870418,1205.1438719086866,1205.1438719086866,1205.1438719086866,0.205,0.18,,0,
Dietrich:2015iva,https://arxiv.org/abs/1504.01266,nan,ALF2,none,1.45,1.25,2.7,1.16,0.17263816203086302,0.15034019960154868,1.6102485802057536,1.3672088278389656,476.0404252952943,1134.0844172461752,739.8367965556029,0.39,0.15,,0,
Dietrich:2015iva,https://arxiv.org/abs/1504.01266,nan,ALF2,none,1.35,1.35,2.7,1.0,0.1613959085133418,0.1613959085133418,1.4877406950444727,1.4877406950444727,734.2312200762387,734.2312200762387,734.2312200762387,0.35,0.15,,0,
Dietrich:2015iva,https://arxiv.org/abs/1504.01266,nan,H4,none,1.45,1.25,2.7,1.16,0.1581267755482968,0.1364320670490577,1.5886895295380306,1.350610262567245,710.2304209332713,1749.139357725605,1126.1175534234067,0.6,0.23,,0,
Dietrich:2015iva,https://arxiv.org/abs/1504.01266,nan,H4,none,1.35,1.35,2.7,1.0,0.1471765832448763,0.1471765832448763,1.468743177716992,1.468743177716992,1112.330505919817,1112.330505919817,1112.330505919817,0.06,0.3,,0,
Dietrich:2015iva,https://arxiv.org/abs/1504.01266,nan,MS1,none,1.45,1.25,2.7,1.16,0.14801903240292938,0.12897457321016934,1.5813505195004836,1.346142108957031,1174.4170353806833,2635.3640420239144,1761.7591569777412,0.58,0.15,,0,
Dietrich:2015iva,https://arxiv.org/abs/1504.01266,nan,MS1,none,1.35,1.35,2.7,1.0,0.13852521900269543,0.13852521900269543,1.463005403908356,1.463005403908356,1748.2123486522903,1748.2123486522903,1748.2123486522903,0.07,0.18,,0,
Dietrich:2015iva,https://arxiv.org/abs/1504.01266,nan,SLy,none,1.45,1.25,2.7,1.16,0.18287947743817973,0.15619007279739663,1.6383769532258539,1.3878009648306615,239.45982876595244,631.3487344413644,395.9312450259431,0.65,0.3,,0,
Dietrich:2015iva,https://arxiv.org/abs/1504.01266,nan,SLy,none,1.35,1.35,2.7,1.0,0.16935894866680665,0.16935894866680665,1.5118136222968719,1.5118136222968719,386.7965931135837,386.7965931135837,386.7965931135837,1.22,0.26,,0,
Dietrich:2016hky,https://arxiv.org/abs/1607.06636,nan,ALF2,none,1.75,1.0,2.75,1.75,0.20999965918536992,0.12336278584932082,1.9918665467996677,1.0738367347768751,122.29739142144633,3536.6618614864865,732.2966528212164,3.6,0.18,,0,
Dietrich:2016hky,https://arxiv.org/abs/1607.06636,nan,ALF2,none,1.75,1.167,2.917,1.49957155098543,0.20999965918536992,0.14137544045537154,1.9918665467996677,1.2686069631725132,122.29739142144633,1636.535869697905,497.41859092756323,2.5,0.2,,0,
Dietrich:2016hky,https://arxiv.org/abs/1607.06636,nan,ALF2,none,1.65,1.1,2.75,1.5,0.1968617760356829,0.1341774263545926,1.8620805509900653,1.1898898770805835,196.19402015949194,2213.331580180934,698.991034225749,2.4,0.18,,0,
Dietrich:2016hky,https://arxiv.org/abs/1607.06636,nan,ALF2,none,1.5,1.0,2.5,1.5,0.17855045277330145,0.12336278584932082,1.6723435303841556,1.0738367347768751,383.13376049280026,3536.6618614864865,1176.8926310327279,2.1,0.17,,0,
Dietrich:2016hky,https://arxiv.org/abs/1607.06636,nan,ALF2,none,1.527,1.222,2.7489999999999997,1.24959083469722,0.18175477604751963,0.14727138684268107,1.7060961807673782,1.3338041104952227,340.3044288007707,1282.3115873021666,673.0218392038181,0.75,0.21,,0,
Dietrich:2016hky,https://arxiv.org/abs/1607.06636,nan,ALF2,none,1.375,1.375,2.75,1.0,0.1641790512540894,0.1641790512540894,1.5181780538713194,1.5181780538713194,659.0172711668484,659.0172711668484,659.0172711668484,0.34,0.2,,0,
Dietrich:2016hky,https://arxiv.org/abs/1607.06636,nan,H4,none,1.75,1.0,2.75,1.75,0.19522010354646646,0.11002590957203962,1.9614946765035808,1.0625920696688593,173.5519807403573,5929.329834585236,1195.9468115371315,4.0,0.17,,0,
Dietrich:2016hky,https://arxiv.org/abs/1607.06636,nan,H4,none,1.75,1.167,2.917,1.49957155098543,0.19522010354646646,0.12762578432152805,1.9614946765035808,1.2538757357739754,173.5519807403573,2579.600259848786,767.5094807243735,1.4,0.19,,0,
Dietrich:2016hky,https://arxiv.org/abs/1607.06636,nan,H4,none,1.65,1.1,2.75,1.5,0.18193924083769633,0.12053789917277978,1.8348192486910995,1.1766126922116436,283.99238128272253,3574.8103361947856,1100.633018002409,1.7,0.17,,0,
Dietrich:2016hky,https://arxiv.org/abs/1607.06636,nan,H4,none,1.5,1.0,2.5,1.5,0.16387270857605998,0.11002590957203962,1.6494374537510765,1.0625920696688593,568.964191120004,5929.329834585236,1909.900691852709,2.7,0.17,,0,
Dietrich:2016hky,https://arxiv.org/abs/1607.06636,nan,H4,none,1.527,1.222,2.7489999999999997,1.24959083469722,0.16701036711891457,0.13343095372167402,1.6824156975259374,1.3178475945111117,502.17212234636906,1991.811131645846,1027.1684337927074,0.66,0.21,,0,
Dietrich:2016hky,https://arxiv.org/abs/1607.06636,nan,H4,none,1.375,1.375,2.75,1.0,0.1499063361905164,0.1499063361905164,1.4985586095933792,1.4985586095933792,994.3681984841448,994.3681984841448,994.368198484145,0.34,0.21,,0,
Dietrich:2016hky,https://arxiv.org/abs/1607.06636,nan,MS1b,none,1.944,0.9440000000000001,2.888,2.0593220338983,0.1994914857142857,0.10306815161046706,2.200104617142857,1.000052417037573,183.3734104,9423.55035125351,1325.6887126396748,6.5,0.18,,0,
Dietrich:2016hky,https://arxiv.org/abs/1607.06636,nan,MS1b,none,1.75,1.0,2.75,1.75,0.18051575117184399,0.10851278368551043,1.9537488440454438,1.0631184032313392,355.62891840788103,7116.879278402854,1584.1451710554163,4.9,0.17,,0,
Dietrich:2016hky,https://arxiv.org/abs/1607.06636,nan,MS1b,none,1.75,1.167,2.917,1.49957155098543,0.18051575117184399,0.1246849132591748,1.9537488440454438,1.2537764610667734,355.62891840788103,3263.071572150495,1088.0491093639794,2.4,0.19,,0,
Dietrich:2016hky,https://arxiv.org/abs/1607.06636,nan,MS1b,none,1.65,1.1,2.75,1.5,0.17092210300500008,0.1182790658703019,1.8296172033696925,1.1767873542172778,505.33768111354976,4400.587229021922,1489.026183420321,2.6,0.17,,0,
Dietrich:2016hky,https://arxiv.org/abs/1607.06636,nan,MS1b,none,1.5,1.0,2.5,1.5,0.15658630086884304,0.10851278368551043,1.6466936349581551,1.0631184032313392,867.1433374816328,7116.879278402854,2451.103539334404,3.2,0.16,,0,
Dietrich:2016hky,https://arxiv.org/abs/1607.06636,nan,MS1b,none,1.527,1.222,2.7489999999999997,1.24959083469722,0.1591348538618795,0.12996621858697158,1.6793530612662109,1.3175178087594834,787.4320169679937,2594.3380053708015,1429.9194320058239,0.48,0.19,,0,
Dietrich:2016hky,https://arxiv.org/abs/1607.06636,nan,MS1b,none,1.375,1.375,2.75,1.0,0.14460311079545454,0.14460311079545454,1.4971700462194057,1.4971700462194057,1395.8768840690561,1395.8768840690561,1395.8768840690561,0.23,0.14,,0,
Dietrich:2016hky,https://arxiv.org/abs/1607.06636,nan,SLy,none,1.75,1.0,2.75,1.75,0.22692901520771513,0.12410494040753556,2.0360139839577154,1.0875591057285658,54.83843577614986,2304.020801999231,452.00527698188785,2.4,0.19,,0,
Dietrich:2016hky,https://arxiv.org/abs/1607.06636,nan,SLy,none,1.75,1.167,2.917,1.49957155098543,0.22692901520771513,0.14543551819310915,2.0360139839577154,1.2866128990293941,54.83843577614986,954.087128662772,275.8178618866474,0.65,0.27,,0,
Dietrich:2016hky,https://arxiv.org/abs/1607.06636,nan,SLy,none,1.65,1.1,2.75,1.5,0.21138619726396723,0.13680851718625103,1.9001396541514803,1.2060498057553957,91.31424807229521,1347.4136558752991,401.3023560098622,1.6,0.22,,0,
Dietrich:2016hky,https://arxiv.org/abs/1607.06636,nan,SLy,none,1.5,1.0,2.5,1.5,0.18984610172637834,0.12410494040753556,1.7026854646370893,1.0875591057285658,188.41245756450712,2304.020801999231,714.0047526632793,1.8,0.22,,0,
Dietrich:2016hky,https://arxiv.org/abs/1607.06636,nan,SLy,none,1.527,1.222,2.7489999999999997,1.24959083469722,0.19352222916666667,0.15255213137278534,1.7376856568181818,1.3534922749427503,165.53602234848486,724.493803743522,361.8017754494853,1.8,0.19,,0,
Dietrich:2016hky,https://arxiv.org/abs/1607.06636,nan,SLy,none,1.375,1.375,2.75,1.0,0.17271441923774958,0.17271441923774958,1.5431994643962847,1.5431994643962847,342.60052510942666,342.60052510942666,342.6005251094267,1.6,0.2,,0,
Hotokezaka:2012ze,https://arxiv.org/abs/1212.0905,nan,ALF2,none,1.5,1.2,2.7,1.25,0.17855045277330145,0.1448930210433245,1.6723435303841556,1.307658913633952,383.13376049280026,1413.244905817861,747.1429408065286,0.55,0.23,,0,
Hotokezaka:2012ze,https://arxiv.org/abs/1212.0905,nan,ALF2,none,1.45,1.25,2.7,1.16,0.17263816203086302,0.15034019960154868,1.6102485802057536,1.3672088278389656,476.0404252952943,1134.0844172461752,739.8367965556029,0.3,0.22,,0,
Hotokezaka:2012ze,https://arxiv.org/abs/1212.0905,nan,ALF2,none,1.4,1.3,2.7,1.07692307692308,0.1670355997304582,0.15580909192511874,1.5487500842318058,1.4272267356404422,591.4815600404315,911.8522119586479,735.6578855752699,0.15,0.19,,0,
Hotokezaka:2012ze,https://arxiv.org/abs/1212.0905,nan,ALF2,none,1.4,1.4,2.8,1.0,0.1670355997304582,0.1670355997304582,1.5487500842318058,1.5487500842318058,591.4815600404315,591.4815600404315,591.4815600404315,0.25,0.25,,0,
Hotokezaka:2012ze,https://arxiv.org/abs/1212.0905,nan,ALF2,none,1.35,1.35,2.7,1.0,0.1613959085133418,0.1613959085133418,1.4877406950444727,1.4877406950444727,734.2312200762387,734.2312200762387,734.2312200762387,0.25,0.25,,0,
Hotokezaka:2012ze,https://arxiv.org/abs/1212.0905,nan,ALF2,none,1.3,1.3,2.6,1.0,0.15580909192511874,0.15580909192511874,1.4272267356404422,1.4272267356404422,911.8522119586479,911.8522119586479,911.8522119586479,0.2,0.21,,0,
Hotokezaka:2012ze,https://arxiv.org/abs/1212.0905,nan,APR4,none,1.5,1.2,2.7,1.25,0.19967260280708027,0.16059706233598295,1.6924326480421956,1.3173264889894647,164.22169852047202,651.846306225992,335.985756699008,0.75,0.27,,0,
Hotokezaka:2012ze,https://arxiv.org/abs/1212.0905,nan,APR4,none,1.5,1.2,2.7,1.25,0.19967260280708027,0.16059706233598295,1.6924326480421956,1.3173264889894647,164.22169852047202,651.846306225992,335.985756699008,0.8,0.25,,0,
Hotokezaka:2012ze,https://arxiv.org/abs/1212.0905,nan,APR4,none,1.5,1.2,2.7,1.25,0.19967260280708027,0.16059706233598295,1.6924326480421956,1.3173264889894647,164.22169852047202,651.846306225992,335.985756699008,0.9,0.22,,0,
Hotokezaka:2012ze,https://arxiv.org/abs/1212.0905,nan,APR4,none,1.6,1.3,2.9,1.23076923076923,0.21303502346722,0.17334310516612403,1.8228617676498198,1.4398290624485153,105.25027307939327,406.0528077903737,213.84797603443903,0.2,0.25,,0,
Hotokezaka:2012ze,https://arxiv.org/abs/1212.0905,nan,APR4,none,1.4,1.2,2.6,1.16666666666667,0.18640834157378697,0.16059706233598295,1.5647987517807758,1.3173264889894647,256.81230242185546,651.846306225992,413.5013550170299,0.3,0.24,,0,
Hotokezaka:2012ze,https://arxiv.org/abs/1212.0905,nan,APR4,none,1.45,1.25,2.7,1.16,0.19302734396611343,0.1670521329919305,1.628278956734094,1.378289859753259,205.18732397562238,513.078981110335,328.3642424450533,0.7,0.25,,0,
Hotokezaka:2012ze,https://arxiv.org/abs/1212.0905,nan,APR4,none,1.5,1.3,2.8,1.15384615384615,0.19967260280708027,0.17334310516612403,1.6924326480421956,1.4398290624485153,164.22169852047202,406.0528077903737,261.73279486744394,1.2,0.26,,0,
Hotokezaka:2012ze,https://arxiv.org/abs/1212.0905,nan,APR4,none,1.4,1.3,2.7,1.07692307692308,0.18640834157378697,0.17334310516612403,1.5647987517807758,1.4398290624485153,256.81230242185546,406.0528077903737,323.90788770053547,0.8,0.22,,0,
Hotokezaka:2012ze,https://arxiv.org/abs/1212.0905,nan,APR4,none,1.35,1.25,2.6,1.08,0.17995554983922832,0.1670521329919305,1.5020123800643088,1.378289859753259,322.4732288745978,513.078981110335,407.83570215169976,0.5,0.21,,0,
Hotokezaka:2012ze,https://arxiv.org/abs/1212.0905,nan,APR4,none,1.5,1.4,2.9,1.07142857142857,0.19967260280708027,0.18640834157378697,1.6924326480421956,1.5647987517807758,164.22169852047202,256.81230242185546,206.13824573697667,0.06,0.37,,0,
Hotokezaka:2012ze,https://arxiv.org/abs/1212.0905,nan,APR4,none,1.45,1.45,2.9,1.0,0.19302734396611343,0.19302734396611343,1.628278956734094,1.628278956734094,205.18732397562238,205.18732397562238,205.1873239756224,0.01,0.32,,0,
Hotokezaka:2012ze,https://arxiv.org/abs/1212.0905,nan,APR4,none,1.4,1.4,2.8,1.0,0.18640834157378697,0.18640834157378697,1.5647987517807758,1.5647987517807758,256.81230242185546,256.81230242185546,256.81230242185546,1.4,0.27,,0,
Hotokezaka:2012ze,https://arxiv.org/abs/1212.0905,nan,APR4,none,1.35,1.35,2.7,1.0,0.17995554983922832,0.17995554983922832,1.5020123800643088,1.5020123800643088,322.4732288745978,322.4732288745978,322.4732288745978,0.5,0.23,,0,
Hotokezaka:2012ze,https://arxiv.org/abs/1212.0905,nan,APR4,none,1.35,1.35,2.7,1.0,0.17995554983922832,0.17995554983922832,1.5020123800643088,1.5020123800643088,322.4732288745978,322.4732288745978,322.4732288745978,0.7,0.22,,0,
Hotokezaka:2012ze,https://arxiv.org/abs/1212.0905,nan,APR4,none,1.35,1.35,2.7,1.0,0.17995554983922832,0.17995554983922832,1.5020123800643088,1.5020123800643088,322.4732288745978,322.4732288745978,322.4732288745978,1.1,0.23,,0,
Hotokezaka:2012ze,https://arxiv.org/abs/1212.0905,nan,APR4,none,1.3,1.3,2.6,1.0,0.17334310516612403,0.17334310516612403,1.4398290624485153,1.4398290624485153,406.0528077903737,406.0528077903737,406.0528077903738,0.2,0.21,,0,
Hotokezaka:2012ze,https://arxiv.org/abs/1212.0905,nan,H4,none,1.5,1.2,2.7,1.25,0.16387270857605998,0.13110965694448243,1.6494374537510765,1.2921936568898122,568.964191120004,2204.5231016865755,1145.663282595976,0.4,0.23,,0,
Hotokezaka:2012ze,https://arxiv.org/abs/1212.0905,nan,H4,none,1.5,1.2,2.7,1.25,0.16387270857605998,0.13110965694448243,1.6494374537510765,1.2921936568898122,568.964191120004,2204.5231016865755,1145.663282595976,0.35,0.23,,0,
Hotokezaka:2012ze,https://arxiv.org/abs/1212.0905,nan,H4,none,1.5,1.2,2.7,1.25,0.16387270857605998,0.13110965694448243,1.6494374537510765,1.2921936568898122,568.964191120004,2204.5231016865755,1145.663282595976,0.45,0.21,,0,
Hotokezaka:2012ze,https://arxiv.org/abs/1212.0905,nan,H4,none,1.4,1.2,2.6,1.16666666666667,0.15264366764179363,0.13110965694448243,1.5284847829105357,1.2921936568898122,889.0169430511291,2204.5231016865755,1411.328832184466,0.25,0.21,,0,
Hotokezaka:2012ze,https://arxiv.org/abs/1212.0905,nan,H4,none,1.45,1.25,2.7,1.16,0.1581267755482968,0.1364320670490577,1.5886895295380306,1.350610262567245,710.2304209332713,1749.139357725605,1126.1175534234067,0.2,0.21,,0,
Hotokezaka:2012ze,https://arxiv.org/abs/1212.0905,nan,H4,none,1.5,1.3,2.8,1.15384615384615,0.16387270857605998,0.14174663106499846,1.6494374537510765,1.4094550848336893,568.964191120004,1393.3295553860237,901.4862719072537,0.3,0.21,,0,
Hotokezaka:2012ze,https://arxiv.org/abs/1212.0905,nan,H4,none,1.4,1.3,2.7,1.07692307692308,0.15264366764179363,0.14174663106499846,1.5284847829105357,1.4094550848336893,889.0169430511291,1393.3295553860237,1115.8218955119594,0.07,0.21,,0,
Hotokezaka:2012ze,https://arxiv.org/abs/1212.0905,nan,H4,none,1.35,1.25,2.6,1.08,0.1471765832448763,0.1364320670490577,1.468743177716992,1.350610262567245,1112.330505919817,1749.139357725605,1397.6593636451325,0.06,0.21,,0,
Hotokezaka:2012ze,https://arxiv.org/abs/1212.0905,nan,H4,none,1.4,1.4,2.8,1.0,0.15264366764179363,0.15264366764179363,1.5284847829105357,1.5284847829105357,889.0169430511291,889.0169430511291,889.0169430511291,0.03,0.21,,0,
Hotokezaka:2012ze,https://arxiv.org/abs/1212.0905,nan,H4,none,1.35,1.35,2.7,1.0,0.1471765832448763,0.1471765832448763,1.468743177716992,1.468743177716992,1112.330505919817,1112.330505919817,1112.330505919817,0.04,0.22,,0,
Hotokezaka:2012ze,https://arxiv.org/abs/1212.0905,nan,H4,none,1.35,1.35,2.7,1.0,0.1471765832448763,0.1471765832448763,1.468743177716992,1.468743177716992,1112.330505919817,1112.330505919817,1112.330505919817,0.05,0.22,,0,
Hotokezaka:2012ze,https://arxiv.org/abs/1212.0905,nan,H4,none,1.35,1.35,2.7,1.0,0.1471765832448763,0.1471765832448763,1.468743177716992,1.468743177716992,1112.330505919817,1112.330505919817,1112.330505919817,0.07,0.24,,0,
Hotokezaka:2012ze,https://arxiv.org/abs/1212.0905,nan,H4,none,1.3,1.3,2.6,1.0,0.14174663106499846,0.14174663106499846,1.4094550848336893,1.4094550848336893,1393.3295553860237,1393.3295553860237,1393.3295553860237,0.03,0.19,,0,
Hotokezaka:2012ze,https://arxiv.org/abs/1212.0905,nan,MS1,none,1.5,1.2,2.7,1.25,0.15273720378980613,0.12423842879793874,1.6411059692253707,1.2882496669804775,967.4099710430742,3248.5293199385615,1777.2850379786316,0.35,0.21,,0,
Hotokezaka:2012ze,https://arxiv.org/abs/1212.0905,nan,MS1,none,1.45,1.25,2.7,1.16,0.14801903240292938,0.12897457321016934,1.5813505195004836,1.346142108957031,1174.4170353806833,2635.3640420239144,1761.7591569777412,0.15,0.22,,0,
Hotokezaka:2012ze,https://arxiv.org/abs/1212.0905,nan,MS1,none,1.4,1.3,2.7,1.07692307692308,0.14327933616180202,0.13375160667779634,1.5219875768031488,1.404392836327212,1430.5023612772413,2143.295086076794,1751.6906192796419,0.06,0.19,,0,
Hotokezaka:2012ze,https://arxiv.org/abs/1212.0905,nan,MS1,none,1.4,1.4,2.8,1.0,0.14327933616180202,0.14327933616180202,1.5219875768031488,1.5219875768031488,1430.5023612772413,1430.5023612772413,1430.5023612772416,0.06,0.16,,0,
Hotokezaka:2012ze,https://arxiv.org/abs/1212.0905,nan,MS1,none,1.35,1.35,2.7,1.0,0.13852521900269543,0.13852521900269543,1.463005403908356,1.463005403908356,1748.2123486522903,1748.2123486522903,1748.2123486522903,0.15,0.16,,0,
Hotokezaka:2012ze,https://arxiv.org/abs/1212.0905,nan,MS1,none,1.3,1.3,2.6,1.0,0.13375160667779634,0.13375160667779634,1.404392836327212,1.404392836327212,2143.295086076794,2143.295086076794,2143.2950860767946,0.15,0.17,,0,
Bernuzzi:2020txg,https://arxiv.org/abs/2003.06015,nan,BLh,leakM0,1.364,1.364,2.728,1.0,0.16211611947454216,0.16211611947454216,1.5075799363313838,1.5075799363313838,513.4387471473774,513.4387471473774,511.0,0.136,0.18,0.263,1,15.0
Bernuzzi:2020txg,https://arxiv.org/abs/2003.06015,nan,BLh,leakM0,1.7719999999999998,1.065,2.8369999999999997,1.67,0.21814305118601746,0.12527879410790482,2.0306952471910114,1.1497747264384388,72.36864607240955,2270.8438824698483,506.0,0.507,0.13,0.083,1,29.0
Bernuzzi:2020txg,https://arxiv.org/abs/2003.06015,nan,BLh,leakM0,1.8559999999999999,1.02,2.8760000000000003,1.8,0.23160232438016526,0.11986017087855348,2.1450339544421486,1.097481505075697,46.47881195557856,2897.043831810299,504.0,0.83,0.11,0.025,1,17.0
Bernuzzi:2020txg,https://arxiv.org/abs/2003.06015,nan,LS220,leakM0,1.364,1.364,2.728,1.0,0.15855000313315928,0.15855000313315928,1.5196204797911228,1.5196204797911228,638.7581494308089,638.7581494308089,639.0,0.13699999999999998,0.16,0.26,1,12.0
Bernuzzi:2020txg,https://arxiv.org/abs/2003.06015,nan,LS220,leakM0,1.7719999999999998,1.065,2.8369999999999997,1.67,0.2144218669375317,0.12281600464244992,2.044007955002539,1.1603190359586253,83.42636257389545,2908.3013165010584,638.0,0.8420000000000001,0.14,0.06,1,16.0
Bernuzzi:2020txg,https://arxiv.org/abs/2003.06015,nan,SFHo,leakM0,1.364,1.364,2.728,1.0,0.16920489197157912,0.16920489197157912,1.514844471458263,1.514844471458263,395.1953499444149,395.1953499444149,395.0,0.354,0.2,0.21100000000000002,1,8.0
Bernuzzi:2020txg,https://arxiv.org/abs/2003.06015,nan,SFHo,leakM0,1.7719999999999998,1.065,2.8369999999999997,1.67,0.22644060901988633,0.13117355541471915,2.044678265802556,1.153765684702527,57.04457096413359,1725.3666704428429,386.0,0.14,0.12,0.069,1,14.0
Bernuzzi:2020txg,https://arxiv.org/abs/2003.06015,nan,SLy4,leakM0,1.364,1.364,2.728,1.0,0.17121714156079856,0.17121714156079856,1.5293728390092882,1.5293728390092882,361.57555446781225,361.57555446781225,361.0,0.07200000000000001,0.25,0.24,1,5.0
Bernuzzi:2020txg,https://arxiv.org/abs/2003.06015,nan,SLy4,leakM0,1.7719999999999998,1.065,2.8369999999999997,1.67,0.230660829025651,0.13231617892609193,2.066467706622452,1.1643372878108798,48.81952564420175,1618.7667581949204,358.0,0.31,0.12,0.047,1,10.0
Bernuzzi:2020txg,https://arxiv.org/abs/2003.06015,nan,SLy4,leakM0,1.8559999999999999,1.02,2.8760000000000003,1.8,0.24522412184552633,0.1266708533945272,2.1846245026765225,1.1111052240431243,30.577004891664583,2065.6802254502936,357.0,0.7290000000000001,0.13,0.047,1,15.0
Nedora:2020,https://arxiv.org/abs/2008.04333,nan,BLh,leakM0,1.365,1.365,2.7289999999999996,1.0,0.16224364848019943,0.16224364848019943,1.5088097282577428,1.5088097282577428,511.05480333684926,511.05480333684926,511.0548033368493,0.21,0.18,0.26,1,18.2
Nedora:2020,https://arxiv.org/abs/2008.04333,nan,BLh,leakM0,1.483,1.2570000000000001,2.741,1.18,0.17752832506269678,0.1487161392791692,1.6554221613574518,1.3773627962300377,291.3992945520516,856.3122378479791,510.64224567081914,0.3,0.19,0.18,1,20.2
Nedora:2020,https://arxiv.org/abs/2008.04333,nan,BLh,leakM0,1.483,1.2570000000000001,2.741,1.18,0.17752832506269678,0.1487161392791692,1.6554221613574518,1.3773627962300377,291.3992945520516,856.3122378479791,510.64224567081914,0.25,0.2,0.16,1,22.9
Nedora:2020,https://arxiv.org/abs/2008.04333,nan,BLh,leakM0,1.5830000000000002,1.181,2.764,1.34,0.19093417678484703,0.13936066580451378,1.7824791724137934,1.2863996022694089,181.88262802331212,1249.053816695173,511.48851149600705,0.25,0.17,0.14,1,19.2
Nedora:2020,https://arxiv.org/abs/2008.04333,nan,BLh,leakM0,1.5830000000000002,1.181,2.764,1.34,0.19093417678484703,0.13936066580451378,1.7824791724137934,1.2863996022694089,181.88262802331212,1249.053816695173,511.48851149600705,0.19,0.17,0.17,1,21.1
Nedora:2020,https://arxiv.org/abs/2008.04333,nan,BLh,leakM0,1.6369999999999998,1.145,2.782,1.43,0.19837075427531045,0.13498113058504072,1.8522518938812664,1.243721563564552,140.57821417517408,1497.356845552539,509.6691705481531,0.27,0.16,0.19,1,26.5
Nedora:2020,https://arxiv.org/abs/2008.04333,nan,BLh,leakM0,1.7009999999999998,1.105,2.806,1.54,0.20750160299186038,0.13010851144809996,1.9360987368189482,1.1966255172668034,103.15064895504884,1851.0677939939828,511.22720939844794,0.2,0.13,0.17,1,32.4
Nedora:2020,https://arxiv.org/abs/2008.04333,nan,BLh,leakM0,1.7009999999999998,1.105,2.806,1.54,0.20750160299186038,0.13010851144809996,1.9360987368189482,1.1966255172668034,103.15064895504884,1851.0677939939828,511.22720939844794,0.22,0.16,0.21,1,28.7
Nedora:2020,https://arxiv.org/abs/2008.04333,nan,BLh,leakM0,1.857,1.021,2.878,1.82,0.23175728305785123,0.11998058472809461,2.1464109172520662,1.0986435766615357,46.22154232747935,2883.1282773805124,502.8245040662215,1.07,0.12,0.03,1,9.8
Nedora:2020,https://arxiv.org/abs/2008.04333,nan,DD2,leakM0,1.365,1.365,2.7289999999999996,1.0,0.15255802771780763,0.15255802771780763,1.5027348615502472,1.5027348615502472,809.3134213454979,809.3134213454979,809.313421345498,0.09,0.19,0.24,1,15.4
Nedora:2020,https://arxiv.org/abs/2008.04333,nan,DD2,leakM0,1.365,1.365,2.7289999999999996,1.0,0.15255802771780763,0.15255802771780763,1.5027348615502472,1.5027348615502472,809.3134213454979,809.3134213454979,809.313421345498,0.12,0.16,0.27,1,11.1
Nedora:2020,https://arxiv.org/abs/2008.04333,nan,DD2,leakM0,1.496,1.247,2.7430000000000003,1.2,0.1668587425406018,0.13979193103448279,1.6632386952536824,1.3610407971786835,482.2863160820849,1328.0998915360492,803.702598651794,0.21,0.17,0.18,1,26.1
Nedora:2020,https://arxiv.org/abs/2008.04333,nan,DD2,leakM0,1.5090000000000001,1.237,2.7460000000000004,1.22,0.1682777278106509,0.13872131725826736,1.6793301846153847,1.349166592777251,458.04857467455605,1389.6850668666848,802.2872183269749,0.25,0.17,0.19,1,20.9
Nedora:2020,https://arxiv.org/abs/2008.04333,nan,DD2,leakM0,1.6369999999999998,1.145,2.782,1.43,0.1823418961342573,0.12880757735849058,1.83962408691659,1.2406087984905663,275.96830657927705,2095.6189403773574,777.9323277099238,0.7,0.14,0.14,1,30.4
Nedora:2020,https://arxiv.org/abs/2008.04333,nan,LS220,leakM0,1.365,1.365,2.7289999999999996,1.0,0.1586690631853786,0.1586690631853786,1.520852542454308,1.520852542454308,635.7865201879894,635.7865201879894,635.7865201879895,0.16,0.16,0.22,1,7.2
Nedora:2020,https://arxiv.org/abs/2008.04333,nan,LS220,leakM0,1.3980000000000001,1.3319999999999999,2.73,1.05,0.16271466209598434,0.1545708429080327,1.5616838494939604,1.480279889067282,545.1420863206002,747.6123359941806,639.5965972588101,0.16,0.16,0.21,1,10.7
Nedora:2020,https://arxiv.org/abs/2008.04333,nan,LS220,leakM0,1.4380000000000002,1.296,2.734,1.11,0.16778594297529656,0.15015315118748793,1.611425206914064,1.4362897953272833,445.9281711321503,892.3174166151769,637.2040266099566,0.22,0.18,0.19,1,14.0
Nedora:2020,https://arxiv.org/abs/2008.04333,nan,LS220,leakM0,1.4709999999999999,1.268,2.738,1.16,0.17200834735193454,0.1467804396020843,1.6527930068449443,1.4022826233064898,380.14134659202995,1024.649729701563,637.2820671627031,0.34,0.16,0.22,1,30.6
Nedora:2020,https://arxiv.org/abs/2008.04333,nan,LS220,leakM0,1.4709999999999999,1.268,2.738,1.16,0.17200834735193454,0.1467804396020843,1.6527930068449443,1.4022826233064898,380.14134659202995,1024.649729701563,637.2820671627031,0.33,0.17,0.17,1,0.0
Nedora:2020,https://arxiv.org/abs/2008.04333,nan,SFHo,leakM0,1.365,1.365,2.7289999999999996,1.0,0.16933007926917687,0.16933007926917687,1.5160878374981874,1.5160878374981874,393.421141427812,393.421141427812,393.4211414278121,0.4,0.19,0.21,1,2.3
Nedora:2020,https://arxiv.org/abs/2008.04333,nan,SFHo,leakM0,1.365,1.365,2.7289999999999996,1.0,0.16933007926917687,0.16933007926917687,1.5160878374981874,1.5160878374981874,393.421141427812,393.421141427812,393.4211414278121,0.28,0.21,0.23,1,1.9
Nedora:2020,https://arxiv.org/abs/2008.04333,nan,SFHo,leakM0,1.4509999999999998,1.284,2.735,1.13,0.18065188376229335,0.1588788655291946,1.6238209761456368,1.4162961010669426,263.3529020454072,578.2289740197183,394.6101864379057,0.44,0.23,0.18,1,0.0
Nedora:2020,https://arxiv.org/abs/2008.04333,nan,SFHo,leakM0,1.4509999999999998,1.284,2.735,1.13,0.18065188376229335,0.1588788655291946,1.6238209761456368,1.4162961010669426,263.3529020454072,578.2289740197183,394.6101864379057,0.42,0.22,0.17,1,4.6
Nedora:2020,https://arxiv.org/abs/2008.04333,nan,SFHo,leakM0,1.6369999999999998,1.145,2.782,1.43,0.20622499054437388,0.14122546631591928,1.8636894415101983,1.2484946182744874,110.35126335944899,1144.1578537958815,391.8401036117084,0.38,0.2,0.14,1,20.1
Nedora:2020,https://arxiv.org/abs/2008.04333,nan,SFHo,leakM0,1.6369999999999998,1.145,2.782,1.43,0.20622499054437388,0.14122546631591928,1.8636894415101983,1.2484946182744874,110.35126335944899,1144.1578537958815,391.8401036117084,0.24,0.14,0.19,1,24.1
Nedora:2020,https://arxiv.org/abs/2008.04333,nan,SFHo,leakM0,1.7690000000000001,1.0659999999999998,2.835,1.66,0.2259745223721591,0.13130149647468903,2.0405870903764205,1.1549437327101322,57.923629025213046,1716.748750772401,387.4500236145377,0.15,0.12,0.07,1,17.7
Nedora:2020,https://arxiv.org/abs/2008.04333,nan,SLy4,leakM0,1.365,1.365,2.7289999999999996,1.0,0.17135325771324864,0.17135325771324864,1.5306298049535605,1.5306298049535605,359.8505517988683,359.8505517988683,359.85055179886837,0.36,0.26,0.23,1,7.1
Nedora:2020,https://arxiv.org/abs/2008.04333,nan,SLy4,leakM0,1.4509999999999998,1.284,2.735,1.13,0.18301859147042351,0.16065735554555008,1.6396601328067433,1.4296860114062737,238.38781662294807,532.8824157536642,361.072122826982,0.59,0.24,0.16,1,16.4
Kiuchi:2019lls,https://arxiv.org/abs/1903.01466,"=3.765,q=1.0",PWPnoname,none,1.375,1.375,2.75,1.0,0.195,0.195,1.551,1.551,,,208.0,0.0,,,1,0.0
Kiuchi:2019lls,https://arxiv.org/abs/1903.01466,"=3.765,q=0.775",PWPnoname,none,1.55,1.2,2.75,1.2919896640826898,0.21899999999999997,0.172,1.7790000000000001,1.331,,,218.0,0.0,,,1,2.3
Kiuchi:2019lls,https://arxiv.org/abs/1903.01466,"=3.887,q=1.0",PWPnoname,none,1.375,1.375,2.75,1.0,0.19399999999999998,0.19399999999999998,1.55,1.55,,,221.0,0.0,,,1,0.0
Kiuchi:2019lls,https://arxiv.org/abs/1903.01466,"=3.887,q=0.775",PWPnoname,none,1.55,1.2,2.75,1.2919896640826898,0.171,0.171,1.778,1.331,,,230.0,0.52,,,1,2.9
Kiuchi:2019lls,https://arxiv.org/abs/1903.01466,"=4.007,q=1.0",PWPnoname,none,1.375,1.375,2.75,1.0,0.193,0.193,1.55,1.55,,,232.0,0.19,,,1,0.0
Kiuchi:2019lls,https://arxiv.org/abs/1903.01466,"=3.446,q=1.0",PWPnoname,none,1.375,1.375,2.75,1.0,0.191,0.191,1.544,1.544,,,232.0,0.0,,,1,0.0
Kiuchi:2019lls,https://arxiv.org/abs/1903.01466,"=3.446,q=0.775",PWPnoname,none,1.55,1.2,2.75,1.2919896640826898,0.215,0.168,1.771,1.325,,,245.0,0.23,,,1,3.6
Kiuchi:2019lls,https://arxiv.org/abs/1903.01466,"=3.568,q=1.0",PWPnoname,none,1.375,1.375,2.75,1.0,0.19,0.19,1.5430000000000001,1.5430000000000001,,,247.0,0.0,,,1,0.0
Kiuchi:2019lls,https://arxiv.org/abs/1903.01466,"=3.568,q=0.775",PWPnoname,none,1.55,1.2,2.75,1.2919896640826898,0.213,0.16699999999999998,1.77,1.325,,,259.0,1.4,,,1,3.8
Kiuchi:2019lls,https://arxiv.org/abs/1903.01466,"=3.687,q=1.0",PWPnoname,none,1.375,1.375,2.75,1.0,0.18899999999999997,0.18899999999999997,1.5430000000000001,1.5430000000000001,,,260.0,0.14,,,1,0.0
Kiuchi:2019lls,https://arxiv.org/abs/1903.01466,"=3.132,q=1.0",PWPnoname,none,1.375,1.375,2.75,1.0,0.185,0.185,1.534,1.534,,,272.0,0.0,,,1,0.0
Kiuchi:2019lls,https://arxiv.org/abs/1903.01466,"=3.132,q=0.775",PWPnoname,none,1.55,1.2,2.75,1.2919896640826898,0.209,0.161,1.7590000000000001,1.318,,,290.0,1.2,,,1,6.3
Kiuchi:2019lls,https://arxiv.org/abs/1903.01466,"=3.252,q=1.0",PWPnoname,none,1.375,1.375,2.75,1.0,0.184,0.184,1.535,1.535,,,288.0,0.12,,,1,0.0
Kiuchi:2019lls,https://arxiv.org/abs/1903.01466,"=3.252,q=0.775",PWPnoname,none,1.55,1.2,2.75,1.2919896640826898,0.207,0.161,1.7590000000000001,1.319,,,305.0,1.5,,,1,12.0
Kiuchi:2019lls,https://arxiv.org/abs/1903.01466,"=3.370,q=1.0",PWPnoname,none,1.375,1.375,2.75,1.0,0.183,0.183,1.535,1.535,,,303.0,0.2,,,1,3.1
Kiuchi:2019lls,https://arxiv.org/abs/1903.01466,"=2.825,q=1.0",PWPnoname,none,1.375,1.375,2.75,1.0,0.17600000000000002,0.17600000000000002,1.5219999999999998,1.5219999999999998,,,345.0,0.65,,,1,1.8
Kiuchi:2019lls,https://arxiv.org/abs/1903.01466,"=2.825,q=0.775",PWPnoname,none,1.55,1.2,2.75,1.2919896640826898,0.2,0.153,1.744,1.3090000000000002,,,373.0,1.1,,,1,8.7
Kiuchi:2019lls,https://arxiv.org/abs/1903.01466,"=2.942,q=1.0",PWPnoname,none,1.375,1.375,2.75,1.0,0.17600000000000002,0.17600000000000002,1.5230000000000001,1.5230000000000001,,,362.0,0.25,,,1,1.6
Kiuchi:2019lls,https://arxiv.org/abs/1903.01466,"=2.942,q=0.775",PWPnoname,none,1.55,1.2,2.75,1.2919896640826898,0.19899999999999998,0.153,1.745,1.31,,,387.0,1.1,,,1,12.0
Kiuchi:2019lls,https://arxiv.org/abs/1903.01466,"=2.528,q=1.0",PWPnoname,none,1.375,1.375,2.75,1.0,0.163,0.163,1.505,1.505,,,508.0,0.94,,,1,5.3
Kiuchi:2019lls,https://arxiv.org/abs/1903.01466,"=2.528,q=0.775",PWPnoname,none,1.55,1.2,2.75,1.2919896640826898,0.188,0.14,1.722,1.296,,,558.0,0.56,,,1,16.0
Kiuchi:2019lls,https://arxiv.org/abs/1903.01466,"=2.640,q=1.0",PWPnoname,none,1.375,1.375,2.75,1.0,0.16399999999999998,0.16399999999999998,1.508,1.508,,,516.0,1.2,,,1,12.0
